stock_code,product_name,product_family
10002,INFLATABLE POLITICAL GLOBE,Other
10002R,ROBOT PENCIL SHARPNER,Other
10120,DOGGY RUBBER,Other
10123C,HEARTS WRAPPING TAPE,Decoration
10124A,SPOTS ON RED BOOKCOVER TAPE,Other
10125,MINI FUNKY DESIGN TAPES,Other
10133,COLOURING PENCILS BROWN TUBE,Other
10134,COLOURING PENCILS BROWN TUBE,Other
10135,COLOURING PENCILS BROWN TUBE,Other
10138,ASSORTED COLOUR JUMBO PEN,Other
11001,ASSTD DESIGN RACING CAR PEN,Other
15030,FAN BLACK FRAME,Decoration
15034,PAPER POCKET TRAVELING FAN,Other
15036,ASSORTED COLOURS SILK FAN,Other
15039,SANDALWOOD FAN,Other
15044A,PINK PAPER PARASOL,Other
15044B,BLUE PAPER PARASOL,Other
15044C,PURPLE PAPER PARASOL,Other
15044D,RED PAPER PARASOL,Other
15056BL,EDWARDIAN PARASOL BLACK,Other
15056N,EDWARDIAN PARASOL NATURAL,Other
15056P,EDWARDIAN PARASOL PINK,Other
15058A,BLUE WHITE SPOTS GARDEN PARASOL,Other
15058B,PINK WHITE SPOTS GARDEN PARASOL,Other
15058C,ICE CREAM DESIGN GARDEN PARASOL,Other
15060B,FAIRY CAKE DESIGN UMBRELLA,Kitchen
15060b,FAIRY CAKE DESIGN UMBRELLA,Kitchen
16008,SMALL FOLDING SCISSOR(POINTED EDGE),Other
16010,FOLDING CAMPING SCISSOR W/KNIF & S,Other
16011,ANIMAL STICKERS,Other
16012,FOOD/DRINK SPUNGE STICKERS,Other
16014,SMALL CHINESE STYLE SCISSOR,Other
16015,MEDIUM CHINESE STYLE SCISSOR,Other
16016,LARGE CHINESE STYLE SCISSOR,Other
16020C,CLEAR STATIONERY BOX SET,Storage
16033,MINI HIGHLIGHTER PENS,Other
16043,POP ART PUSH DOWN RUBBER,Other
16044,POP-ART FLUORESCENT PENS,Other
16045,POPART WOODEN PENCILS ASST,Other
16046,TEATIME PEN CASE & PENS,Other
16047,POP ART PEN CASE & PENS,Other
16048,TEATIME ROUND PENCIL SHARPENER,Other
16049,TEATIME GEL PENS ASST,Other
16050,TEATIME PENCIL WITH RUBBER,Other
16051,TEATIME PENCIL W STAMP ASST,Other
16052,TEATIME PUSH DOWN RUBBER,Other
16053,POPART COL BALLPOINT PEN ASST,Other
16054,POPART RECT PENCIL SHARPENER ASST,Other
16151A,FLOWER DES BLUE HANDBAG/ORANG HANDL,Other
16156L,"WRAP, CAROUSEL",Other
16156N,"WRAP, FRIENDSHIP ON GREEN",Other
16156S,WRAP PINK FAIRY CAKES,Kitchen
16161E,WRAP BOUDOIR,Other
16161G,WRAP BAD HAIR DAY,Other
16161M,WRAP  PINK FLOCK,Other
16161P,WRAP ENGLISH ROSE,Other
16161U,"WRAP,SUKI AND FRIENDS",Other
16162L,THE KING GIFT BAG,Storage
16168M,FUNKY MONKEY GIFT BAG MEDIUM,Storage
16168S,FUNKY MONKEY GIFT BAG SMALL,Storage
16169A,WRAP CHRISTMAS DECOUPAGE,Other
16169K,WRAP FOLK ART,Other
16169M,WRAP DAISY CARPET,Other
16169N,WRAP BLUE RUSSIAN FOLKART,Other
16169P,WRAP GREEN RUSSIAN FOLKART,Other
16201A,PASTEL PINK PHOTO ALBUM,Other
16202A,PASTEL PINK PHOTO ALBUM,Other
16202B,PASTEL BLUE PHOTO ALBUM,Other
16202C,BEIGE PHOTO ALBUM,Other
16202E,BLACK PHOTO ALBUM,Other
16206B,RED PURSE WITH PINK HEART,Decoration
16207A,PINK STRAWBERRY HANDBAG,Other
16207B,PINK HEART RED HANDBAG,Decoration
16212,FUNKY GIRLZ ASST MAGNETIC MEMO PAD,Other
16216,LETTER SHAPE PENCIL SHARPENER,Other
16218,CARTOON  PENCIL SHARPENERS,Other
16219,HOUSE SHAPE PENCIL SHARPENER,Other
16225,RATTLE SNAKE EGGS,Other
16235,RECYCLED PENCIL WITH RABBIT ERASER,Other
16236,KITTY PENCIL ERASERS,Other
16237,SLEEPING CAT ERASERS,Other
16238,PARTY TIME PENCIL ERASERS,Other
16239,BALLERINA HEART DECORATION.,Decoration
16243B,BROWN COZY SQUARE PHOTO ALBUM,Other
16244A,MAXWELL 2 TONE PINK 60 PAGE PHOTO A,Other
16244B,MAXWELL 2 TONE BLUE 60 PAGE PHOTO A,Other
16245A,PINK MINI STATIONERY SET W CASE,Other
16254,TRANSPARENT ACRYLIC TAPE DISPENSER,Other
16256B,FLOWER PENCIL/RUBBER+5 MINI PENCILS,Other
16256C,HEARTS PENCIL/RUBBER+5 MINI PENCILS,Decoration
16258A,SWIRLY CIRCULAR RUBBERS IN BAG,Storage
16259,PIECE OF CAMO STATIONERY SET,Other
17001,HEAVENS SCENT FRAGRANCE OILS ASSTD,Other
17003,BROCADE RING PURSE,Jewellery
17007B,S/3 POT POURI CUSHIONS BLUE COLOURS,Decoration
17011A,ORIGAMI VANILLA INCENSE+FLOWER,Other
17011D,ORIGAMI ROSE INCENSE+FLOWER,Other
17011F,ORIGAMI SANDLEWOOD INCENSE+FLOWER,Other
17012A,ORIGAMI VANILLA INCENSE/CANDLE SET,Lighting
17012B,ORIGAMI JASMINE INCENSE/CANDLE SET,Lighting
17012C,ORIGAMI LAVENDER INCENSE/CANDL SET,Other
17012D,ORIGAMI ROSE INCENSE/CANDLE SET,Lighting
17012E,ORIGAMI OPIUM INCENSE/CANDLE SET,Lighting
17012F,ORIGAMI SANDLEWOOD INCENSE/CAND SET,Other
17013C,ORIGAMI LAVENDER INCENSE IN TUBE,Other
17013D,ORIGAMI ROSE INCENSE IN TUBE,Other
17013F,ORIGAMI SANDLEWOOD INCENSE IN TUBE,Other
17014A,ORIGAMI VANILLA INCENSE CONES,Other
17014D,ORIGAMI ROSE INCENSE CONES,Other
17014F,ORIGAMI SANDLEWOOD INCENSE CONES,Other
17021,NAMASTE SWAGAT INCENSE,Other
17027A,INCENSE BAZAAR CANNABIS,Other
17033,"BROCADE PURSE,SMALL ARCH BUTTON",Other
17038,PORCELAIN BUDAH INCENSE HOLDER,Other
17039,INLAID WOOD INCENSE HOLDER,Other
17084A,TRANQUILITY MASALA INCENSE,Other
17084J,LOVE POTION MASALA INCENSE,Other
17084N,FAIRY DREAMS INCENSE,Other
17084P,DRAGONS BLOOD INCENSE,Other
17084R,ASSORTED INCENSE PACK,Other
17090A,LAVENDER INCENSE 40 CONES IN TIN,Other
17090D,VANILLA INCENSE 40 CONES IN TIN,Other
17091A,LAVENDER INCENSE IN TIN,Other
17091B,JASMINE TEA INCENSE IN TIN,Kitchen
17091F,SANDALWOOD INCENSE IN TIN,Other
17091J,VANILLA INCENSE IN TIN,Other
17096,ASSORTED LAQUERED INCENSE HOLDERS,Other
17107D,"FLOWER FAIRY,5 SUMMER B'DRAW LINERS",Other
17108D,FLOWER FAIRY SUMMER BOUQUET SACHET,Other
17109A,FLOWER FAIRY INCENSE LILY,Other
17109B,FLOWER FAIRY INCENSE LAVENDER,Other
17109C,FLOWER FAIRY INCENSE ROSE,Other
17109D,FLOWER FAIRY INCENSE BOUQUET,Other
17129C,SKY BLUE COLOUR GLASS GEMS IN BAG,Storage
17129D,CLEAR COLOUR GLASS GEMS IN BAG,Storage
17129F,DEEP BLUE GLASS GEMS IN BAG,Storage
17136A,BLUE STONES ON WIRE FOR CANDLE,Lighting
17164B,ASS COL SMALL SAND GECKO P'WEIGHT,Other
17164D,ASS COL SMALL SAND FROG P'WEIGHT,Other
17165B,ASS COL LARGE SAND GECKO P'WEIGHT,Other
17165D,ASS COL LARGE SAND FROG P'WEIGHT,Other
17174,ASSTD RASTA KEY-CHAINS,Other
17178,FLAT PALM T-LIGHT HOLDER,Lighting
17181,CIRCLE OF FRIENDS CANDLE HOLDER,Lighting
17191A,ROSE FLOWER CANDLE+INCENSE 16X16CM,Lighting
18007,ESSENTIAL BALM 3.5g TIN IN ENVELOPE,Other
18010,ASSORTED FRAGRANCE BATH CONFETTI,Other
18094C,WHITE AND BLUE CERAMIC OIL BURNER,Other
18096C,WHITE ROUND PORCELAIN TLIGHT HOLDER,Other
18096c,WHITE ROUND PORCELAIN TLIGHT HOLDER,Other
18097A,PINK TALL PORCELAIN T-LIGHT HOLDER,Lighting
18097B,BLUE TALL PORCELAIN T-LIGHT HOLDER,Lighting
18097C,WHITE TALL PORCELAIN T-LIGHT HOLDER,Lighting
18098B,BLUE PORCELAIN B'FLY OIL BURNER,Other
18098C,PORCELAIN BUTTERFLY OIL BURNER,Other
18098c,PORCELAIN BUTTERFLY OIL BURNER,Other
20615,BLUE SPOTTY PASSPORT COVER,Other
20616,CHERRY BLOSSOM PASSPORT COVER,Other
20617,FIRST CLASS PASSPORT COVER,Other
20618,QUEEN OF THE SKIES PASSPORT COVER,Other
20619,TROPICAL PASSPORT COVER,Other
20620,RED SPOTTY PASSPORT COVER,Other
20621,ECONOMY PASSPORT COVER,Other
20622,VIPPASSPORT COVER,Other
20652,BLUE SPOTTY LUGGAGE TAG,Other
20653,CHERRY BLOSSOM LUGGAGE TAG,Other
20654,FIRST CLASS LUGGAGE TAG,Other
20655,QUEEN OF SKIES LUGGAGE TAG,Other
20657,TROPICAL LUGGAGE TAG,Other
20658,RED SPOTTY LUGGAGE TAG,Other
20659,ECONOMY LUGGAGE TAG,Other
20660,VIP LUGGAGE TAG,Other
20661,BLUE SPOTTY PURSE,Other
20662,FIRST CLASS HOLIDAY PURSE,Other
20663,QUEEN OF THE SKIES HOLIDAY PURSE,Other
20664,TROPICAL HOLIDAY PURSE,Other
20665,RED SPOTTY PURSE,Other
20666,ECONOMY HOLIDAY PURSE,Other
20667,CHERRY BLOSSOM PURSE,Other
20668,DISCO BALL CHRISTMAS DECORATION,Decoration
20669,RED HEART LUGGAGE TAG,Decoration
20670,VIP HOLIDAY PURSE,Other
20671,BLUE TEATIME PRINT BOWL,Kitchen
20672,PINK TEATIME PRINT BOWL,Kitchen
20674,GREEN SPOTTY BOWL,Kitchen
20675,BLUE SPOTTY BOWL,Kitchen
20676,RED SPOTTY BOWL,Kitchen
20677,PINK SPOTTY BOWL,Kitchen
20679,EDWARDIAN PARASOL RED,Other
20680,PINK FLOWERS CHILDS UMBRELLA,Other
20681,PINK SPOTTY CHILDS UMBRELLA,Other
20682,RED SPOTTY CHILDS UMBRELLA,Other
20684,STRAWBERRY DREAM CHILDS UMBRELLA,Other
20685,DOOR MAT RED SPOT,Other
20686,DOLLY MIXTURE CHILDREN'S UMBRELLA,Other
20688,BEAUTY SPEED EXPRESSO CUPS,Other
20689,RETRO SISTERS EXPRESSO CUPS,Other
20692,FLORAL ELEPHANT SOFT TOY,Other
20693,FLORAL DINOSAUR GREEN,Other
20694,FLORAL PINK MONSTER,Other
20695,FLORAL BLUE MONSTER,Other
20696,FLORAL SOFT CAR TOY,Other
20697,LITTLE GREEN MONSTER SOFT TOY,Other
20698,LITTLE PINK MONSTER SOFT TOY,Other
20699,MOUSEY LONG LEGS SOFT TOY,Other
20700,GREEN CAT FLORAL CUSHION COVER,Decoration
20701,PINK CAT FLORAL CUSHION COVER,Decoration
20702,PINK PADDED MOBILE,Other
20703,BLUE PADDED SOFT MOBILE,Other
20704,MR ROBOT SOFT TOY,Other
20705,MRS ROBOT SOFT TOY,Other
20707,CRAZY DAISY HEART DECORATION,Decoration
20711,JUMBO BAG TOYS,Storage
20712,JUMBO BAG WOODLAND ANIMALS,Storage
20713,JUMBO BAG OWLS,Storage
20714,POSY SHOPPER BAG,Storage
20715,LITTLE FLOWER SHOPPER BAG,Storage
20716,PARTY FOOD SHOPPER BAG,Storage
20717,STRAWBERRY SHOPPER BAG,Storage
20718,RED SPOTTY SHOPPER BAG,Storage
20719,WOODLAND CHARLOTTE BAG,Storage
20723,STRAWBERRY CHARLOTTE BAG,Storage
20724,RED SPOTTY CHARLOTTE BAG,Storage
20725,LUNCH BAG RED SPOTTY,Storage
20726,LUNCH BAG WOODLAND,Storage
20727,LUNCH BAG  BLACK SKULL.,Storage
20728,LUNCH BAG CARS BLUE,Storage
20729,RED SPOTTY CANDY BAG,Storage
20730,STRAWBERRY CANDY BAG,Storage
20731,POSY CANDY BAG,Storage
20733,GOLD MINI TAPE MEASURE,Other
20734,SILVER MINI TAPE MEASURE,Other
20735,BLACK MINI TAPE MEASURE,Other
20736,PINK MINI TAPE MEASURE,Other
20738,GREEN MINI TAPE MEASURE,Other
20747,PICCADILLY TEA SET,Kitchen
20748,KENSINGTON COFFEE SET,Other
20749,ASSORTED COLOUR MINI CASES,Other
20750,RED/WHITE DOT MINI CASES,Other
20751,FUNKY WASHING UP GLOVES ASSORTED,Other
20752,RETRO BLUE SPOTTY WASHING UP GLOVES,Other
20753,RETRO PINK SPOT WASHING UP GLOVES,Other
20754,RETRO RED SPOTTY WASHING UP GLOVES,Other
20755,BLUE PAISLEY POCKET BOOK,Other
20756,GREEN FERN POCKET BOOK,Other
20757,RED DAISY POCKET BOOK,Other
20758,ABSTRACT CIRCLES POCKET BOOK,Other
20759,CHRYSANTHEMUM POCKET BOOK,Other
20760,GARDEN PATH POCKET BOOK,Other
20761,BLUE PAISLEY SKETCHBOOK,Other
20762,GREEN FERN SKETCHBOOK,Other
20763,DAISY SKETCHBOOK,Other
20764,ABSTRACT CIRCLES SKETCHBOOK,Other
20765,CHRYSANTHEMUM SKETCHBOOK,Other
20766,GARDEN PATH SKETCHBOOK,Other
20767,BLUE PAISLEY JOURNAL,Other
20768,GREEN FERN JOURNAL,Other
20769,DAISY JOURNAL,Other
20770,ABSTRACT CIRCLE JOURNAL,Other
20771,CHRYSANTHEMUM  JOURNAL,Other
20772,GARDEN PATH JOURNAL,Other
20773,BLUE PAISLEY NOTEBOOK,Other
20774,GREEN FERN NOTEBOOK,Other
20775,DAISY NOTEBOOK,Other
20776,ABSTRACT CIRCLES NOTEBOOK,Other
20777,CHRYSANTHEMUM NOTEBOOK,Other
20778,GARDEN PATH NOTEBOOK,Other
20780,BLACK EAR MUFF HEADPHONES,Other
20781,GOLD EAR MUFF HEADPHONES,Other
20782,CAMOUFLAGE EAR MUFF HEADPHONES,Other
20783,HEART EAR MUFF HEADPHONES,Decoration
20784,RED RETRO BAR STOOL,Other
20785,FUSCHIA RETRO BAR STOOL,Other
20786,BLACK RETRO BAR STOOL,Other
20787,BLUE RETRO BAR STOOL,Other
20791,BLUE TILED SET OF 3 DRAWERS,Other
20793,BLUE TILED TRAY,Other
20794,BLUE  TILE HOOK,Other
20795,LARGE BLUE PROVENCAL CERAMIC BALL,Other
20796,SMALL BLUE PROVENCAL CERAMIC BALL,Other
20798,CLEAR MILKSHAKE GLASS,Other
20799,PINK MILKSHAKE GLASS,Other
20800,LARGE GLASS SUNDAE DISH CLEAR,Other
20801,LARGE PINK GLASS SUNDAE DISH,Other
20802,SMALL GLASS SUNDAE DISH CLEAR,Other
20803,SMALL PINK GLASS SUNDAE DISH,Other
20804,GLASS CHICKEN BUTTER DISH,Other
20812,EMBOSSED FLOWER TRELLIS PHOTO FRAME,Decoration
20814,SILVER FINCH DECORATION,Decoration
20816,GOLD FLOWER CUSHION COVER,Decoration
20818,GOLD TEDDY BEAR,Other
20819,SILVER TEDDY BEAR,Other
20820,SILVER LOOKING MIRROR,Decoration
20821,GOLDIE LOOKING MIRROR,Decoration
20822,SILVER WINE GOBLET,Other
20823,GOLD WINE GOBLET,Other
20825,GOLD WINE GLASS,Other
20828,GLITTER BUTTERFLY CLIPS,Other
20829,GLITTER HANGING BUTTERFLY STRING,Other
20830,SILVER PHOTO FRAME,Decoration
20831,GOLD PHOTO FRAME,Decoration
20832,RED FLOCK LOVE HEART PHOTO FRAME,Decoration
20833,SHAKER THROW  QUILTED,Other
20835,FRENCH LATTICE CUSHION COVER,Decoration
20836,FRENCH PAISLEY CUSHION COVER,Decoration
20837,FRENCH FLORAL CUSHION COVER,Decoration
20838,FRENCH LATTICE CUSHION COVER,Decoration
20839,FRENCH PAISLEY CUSHION COVER,Decoration
20840,FRENCH FLORAL CUSHION COVER,Decoration
20845,ZINC HEART LATTICE 2 WALL PLANTER,Decoration
20846,ZINC HEART LATTICE T-LIGHT HOLDER,Lighting
20847,ZINC HEART LATTICE CHARGER LARGE,Decoration
20848,ZINC HEART LATTICE CHARGER SMALL,Decoration
20849,ZINC HEART LATTICE DOUBLE PLANTER,Decoration
20850,ZINC HEART LATTICE PLANTER BOWL,Kitchen
20851,ZINC HEART LATTICE TRAY OVAL,Decoration
20854,BLUE PATCH PURSE PINK HEART,Decoration
20855,PINK PATCH PURSE BLUE HEART,Decoration
20856,DENIM PATCH PURSE PINK BUTTERFLY,Other
20857,BLUE ROSE PATCH PURSE PINK BUTTERFL,Other
20860,GOLD COSMETICS BAG WITH BUTTERFLY,Storage
20861,GOLD COSMETIC BAG PINK STAR,Storage
20862,PINK PATCH PENCIL CASE BLUE HEART,Decoration
20863,BLUE PATCH PENCIL CASE PINK HEART,Decoration
20864,DENIM PATCH PENCIL CASE BUTTERFLY,Other
20865,PATCHWORK PENCIL CASE BUTTERFLY,Other
20866,BLUE ROSE FABRIC MIRROR,Decoration
20867,PINK ROSE FABRIC MIRROR,Decoration
20868,SILVER FABRIC MIRROR,Decoration
20869,GOLD FABRIC MIRROR,Decoration
20871,OPULENT VELVET SET/3 CANDLES,Lighting
20886,BOX OF 9 PEBBLE CANDLES,Lighting
20888,SET 3 JARDIN DE FEMME SCENT CANDLES,Lighting
20889,JARDIN DE FEMME SCENTED CANDLE,Lighting
20890,SMALL GLASS ROSE SCENTED CANDLE,Lighting
20891,LARGE GLASS ROSE SCENTED CANDLE,Lighting
20892,SET/3 TALL GLASS CANDLE HOLDER PINK,Lighting
20893,HANGING BAUBLE T-LIGHT HOLDER SMALL,Lighting
20894,HANGING BAUBLE T-LIGHT HOLDER LARGE,Lighting
20895,VINTAGE NOTEBOOK FRENCH LETTER,Other
20896,VINTAGE NOTEBOOK PINK FLOWER,Other
20897,VINTAGE NOTEBOOK PARIS DAYS,Other
20898,VINTAGE NOTEBOOK TRAVELOGUE,Other
20899,VINTAGE NOTEBOOK RED ROSE,Other
20901,VINTAGE KEEPSAKE BOX PINK FLOWER,Storage
20902,VINTAGE KEEPSAKE BOX PARIS DAYS,Storage
20903,VINTAGE KEEPSAKE BOX TRAVELOGUE,Storage
20905,VINTAGE KEEPSAKE BOX BEAUTY GIRL,Storage
20906,VINTAGE NOTEBOOK BEAUTY GIRL,Other
20910,VINTAGE PHOTO ALBUM PARIS DAYS,Other
20913,SET/5 BLUE SPOTTY LID GLASS BOWLS,Kitchen
20914,SET/5 RED SPOTTY LID GLASS BOWLS,Kitchen
20931,BLUE POT PLANT CANDLE,Lighting
20932,PINK POT PLANT CANDLE,Lighting
20933,YELLOW POT PLANT CANDLE,Lighting
20934,SET/3 POT PLANT CANDLES,Lighting
20935,ROUND CACTUS CANDLE,Lighting
20936,FORKED CACTUS CANDLE,Lighting
20941,FROG CANDLE,Lighting
20943,SET/6 GINGERBREAD STAR T-LIGHTS,Lighting
20952,PORCELAIN CHERUB BELL SMALL,Other
20953,PORCELAIN CHERUB BELL LARGE,Other
20956,PORCELAIN T-LIGHT HOLDERS ASSORTED,Lighting
20957,PORCELAIN HANGING BELL SMALL,Other
20958,PORCELAIN HANGING BELL LARGE,Other
20960,WATERMELON BATH SPONGE,Other
20961,STRAWBERRY BATH SPONGE,Other
20963,APPLE BATH SPONGE,Other
20964,POLYESTER FILLER PAD 60x40cm,Other
20966,SANDWICH BATH SPONGE,Other
20967,GREY FLORAL FELTCRAFT SHOULDER BAG,Storage
20968,GREEN FLORAL FELTCRAFT SHOULDER BAG,Storage
20969,RED FLORAL FELTCRAFT SHOULDER BAG,Storage
20970,PINK FLORAL FELTCRAFT SHOULDER BAG,Storage
20971,PINK BLUE FELT CRAFT TRINKET BOX,Storage
20972,PINK CREAM FELT CRAFT TRINKET BOX,Storage
20973,12 PENCIL SMALL TUBE WOODLAND,Other
20974,12 PENCILS SMALL TUBE SKULL,Other
20975,12 PENCILS SMALL TUBE RED SPOTTY,Other
20976,12 PENCILS SMALL TUBE POSY,Other
20977,36 PENCILS TUBE WOODLAND,Other
20978,36 PENCILS TUBE SKULLS,Other
20979,36 PENCILS TUBE RED SPOTTY,Other
20980,36 PENCILS TUBE POSY,Other
20981,12 PENCILS TALL TUBE WOODLAND,Other
20982,12 PENCILS TALL TUBE SKULLS,Other
20983,12 PENCILS TALL TUBE RED SPOTTY,Other
20984,12 PENCILS TALL TUBE POSY,Other
20985,HEART CALCULATOR,Decoration
20986,BLUE CALCULATOR RULER,Other
20988,TRELLIS FLOWER CHOPSTICKS SET/5,Other
20989,URBAN CHIC CHOPSTICKS SET/5,Other
20990,SPRING FLOWER CHOPSTICKS SET/5,Other
20991,JAZZ HEARTS MAGNETIC MEMO PAD,Decoration
20992,JAZZ HEARTS PURSE NOTEBOOK,Decoration
20993,JAZZ HEARTS MEMO PAD,Decoration
20994,JAZZ HEARTS SPIRAL NOTEPAD,Decoration
20996,JAZZ HEARTS ADDRESS BOOK,Decoration
20997,ROSE DU SUD CUSHION COVER,Decoration
20998,ROSE DU SUD OVEN GLOVE,Other
21000,ROSE DU SUD COSMETICS BAG,Storage
21001,ROSE DU SUD WASHBAG,Other
21002,ROSE DU SUD DRAWSTRING BAG,Storage
21003,ROSE DU SUD CUSHION COVER,Decoration
21004,ROSE DU SUD CHILDS APRON,Other
21007,ETCHED GLASS DROPLET DECORATION,Decoration
21008,ETCHED GLASS HEART TREE DECORATION,Decoration
21009,ETCHED GLASS STAR TREE DECORATION,Decoration
21010,ETCHED GLASS BIRD TREE DECORATION,Decoration
21011,GLITTER SNOW PEAR TREE DECORATION,Decoration
21012,ANTIQUE ALL GLASS CANDLESTICK,Other
21014,SWISS CHALET TREE DECORATION,Decoration
21016,LIGHT BIRD HOUSE TREE DECORATION,Decoration
21017,RED BIRD HOUSE TREE DECORATION,Decoration
21025,SPACE FROG,Other
21026,SPACE OWL,Other
21027,NINJA RABBIT PINK,Other
21028,NINJA RABBIT BLACK,Other
21030,SPACE CADET RED,Other
21031,SPACE CADET BLACK,Other
21032,SPACE CADET WHITE,Other
21033,JUMBO BAG CHARLIE AND LOLA TOYS,Storage
21034,REX CASH+CARRY JUMBO SHOPPER,Storage
21035,SET/2 RED SPOTTY TEA TOWELS,Kitchen
21038,SET/4 MODERN VINTAGE COTTON NAPKINS,Kitchen
21039,RED SPOTTY SHOPPING BAG,Storage
21040,MODERN VINTAGE COTTON SHOPPING BAG,Storage
21041,RED SPOTTY OVEN GLOVE DOUBLE,Other
21042,RED SPOTTY APRON,Other
21043,APRON MODERN VINTAGE COTTON,Other
21051,RIBBONS PURSE,Other
21054,NURSE'S BAG SOFT TOY,Storage
21055,TOOL BOX SOFT TOY,Storage
21056,DOCTOR'S BAG SOFT TOY,Storage
21058,PARTY INVITES WOODLAND,Other
21059,PARTY INVITES DINOSAURS,Other
21060,PARTY INVITES BALLOON GIRL,Other
21061,PARTY INVITES FOOTBALL,Other
21062,PARTY INVITES SPACEMAN,Other
21063,PARTY INVITES JAZZ HEARTS,Decoration
21064,BOOM BOX SPEAKER BOYS,Storage
21065,BOOM BOX SPEAKER GIRLS,Storage
21066,VINTAGE RED MUG,Kitchen
21067,VINTAGE RED TEATIME MUG,Kitchen
21068,VINTAGE BILLBOARD LOVE/HATE MUG,Kitchen
21069,VINTAGE BILLBOARD TEA MUG,Kitchen
21070,VINTAGE BILLBOARD MUG,Kitchen
21071,VINTAGE BILLBOARD DRINK ME MUG,Kitchen
21076,SET/20 COLLAGE PAPER NAPKIN,Kitchen
21077,SET/20 WOODLAND PAPER NAPKINS,Kitchen
21078,SET/20 STRAWBERRY PAPER NAPKINS,Kitchen
21080,SET/20 RED SPOTTY PAPER NAPKINS,Kitchen
21081,SET/20 POSIES PAPER NAPKINS,Kitchen
21082,SET/20 FRUIT SALAD PAPER NAPKINS,Kitchen
21084,SET/6 COLLAGE PAPER CUPS,Other
21085,SET/6 WOODLAND PAPER CUPS,Other
21086,SET/6 RED SPOTTY PAPER CUPS,Other
21087,SET/6 POSIES PAPER CUPS,Other
21088,SET/6 FRUIT SALAD PAPER CUPS,Other
21089,SET/6 GREEN SPRING PAPER CUPS,Other
21090,SET/6 COLLAGE PAPER PLATES,Kitchen
21091,SET/6 WOODLAND PAPER PLATES,Kitchen
21092,SET/6 STRAWBERRY PAPER PLATES,Kitchen
21094,SET/6 RED SPOTTY PAPER PLATES,Kitchen
21095,SET/6 POSIES PAPER PLATES,Kitchen
21096,SET/6 FRUIT SALAD  PAPER PLATES,Kitchen
21097,SET/6 GREEN SPRING  PAPER PLATE,Kitchen
21098,CHRISTMAS TOILET ROLL,Other
21099,SET/6 STRAWBERRY PAPER CUPS,Other
21100,CHARLIE AND LOLA CHARLOTTE BAG,Storage
21102,"CANDLE IN JAR COLLAGE , VANILLA",Lighting
21106,CREAM SLICE FLANNEL CHOCOLATE SPOT,Other
21107,CREAM SLICE FLANNEL PINK SPOT,Other
21108,FAIRY CAKE FLANNEL ASSORTED COLOUR,Kitchen
21109,"LARGE CAKE TOWEL, CHOCOLATE SPOTS",Kitchen
21110,LARGE CAKE TOWEL PINK SPOTS,Kitchen
21111,"SWISS ROLL TOWEL, CHOCOLATE  SPOTS",Other
21112,"SWISS ROLL TOWEL, PINK  SPOTS",Other
21114,LAVENDER SCENTED FABRIC HEART,Decoration
21115,ROSE CARAVAN DOORSTOP,Other
21116,OWL DOORSTOP,Other
21117,BLOND DOLL DOORSTOP,Other
21118,SHOPPING BAG DOORSTOP,Storage
21121,SET/10 RED SPOTTY PARTY CANDLES,Lighting
21122,SET/10 PINK SPOTTY PARTY CANDLES,Lighting
21123,SET/10 IVORY SPOTTY PARTY CANDLES,Lighting
21124,SET/10 BLUE SPOTTY PARTY CANDLES,Lighting
21125,SET 6 FOOTBALL CELEBRATION CANDLES,Lighting
21126,SET OF 6 GIRLS CELEBRATION CANDLES,Lighting
21127,COLOURFUL FISHING GNOME,Other
21128,GOLD FISHING GNOME,Other
21129,SILVER FISHING GNOME,Other
21130,COLOURFUL STANDING GNOME,Other
21131,GOLD STANDING GNOME,Other
21132,SILVER STANDING GNOME,Other
21133,PAINTED BIRD ASSORTED CHRISTMAS,Other
21134,VICTORIAN METAL POSTCARD CHRISTMAS,Other
21135,VICTORIAN  METAL POSTCARD SPRING,Other
21136,PAINTED METAL PEARS ASSORTED,Other
21137,BLACK RECORD COVER FRAME,Decoration
21143,ANTIQUE GLASS HEART DECORATION,Decoration
21144,PINK POODLE HANGING DECORATION,Decoration
21145,ANTIQUE GLASS PLACE SETTING,Other
21146,ANTIQUE GLASS RIDGED HANGING BALL,Other
21147,JINGLE BELLS TREE DECORATION,Decoration
21153,RED SPOTTY TABLECLOTH,Other
21154,RED SPOTTY OVEN GLOVE,Other
21155,RED SPOTTY PEG BAG,Storage
21156,RED SPOTTY CHILDS APRON,Other
21157,RED SPOTTY WASHBAG,Other
21158,MOODY GIRL DOOR HANGER,Other
21159,MOODY BOY  DOOR HANGER,Other
21160,KEEP OUT GIRLS DOOR HANGER,Other
21161,KEEP OUT BOYS DOOR HANGER,Other
21162,TOXIC AREA  DOOR HANGER,Other
21163,DO NOT TOUCH MY STUFF DOOR HANGER,Other
21164,HOME SWEET HOME METAL SIGN,Decoration
21165,BEWARE OF THE CAT METAL SIGN,Decoration
21166,COOK WITH WINE METAL SIGN,Decoration
21167,WHITE SAGE INCENSE,Other
21169,YOU'RE CONFUSING ME METAL SIGN,Decoration
21171,BATHROOM METAL SIGN,Decoration
21172,PARTY METAL SIGN,Decoration
21173,LOO ROLL  METAL SIGN,Decoration
21174,POTTERING IN THE SHED METAL SIGN,Decoration
21175,GIN + TONIC DIET METAL SIGN,Decoration
21179,NO JUNK MAIL METAL SIGN,Decoration
21181,PLEASE ONE PERSON METAL SIGN,Decoration
21185,HOME SWEET HOME  BLACKBOARD,Other
21186,WHITE DOVE HONEYCOMB PAPER GARLAND,Other
21187,WHITE BELL HONEYCOMB PAPER GARLAND,Other
21188,3D HEARTS  HONEYCOMB PAPER GARLAND,Decoration
21189,WHITE HONEYCOMB PAPER GARLAND,Other
21190,PINK HEARTS PAPER GARLAND,Decoration
21191,LARGE WHITE HONEYCOMB PAPER BELL,Other
21192,WHITE BELL HONEYCOMB PAPER,Other
21193,WHITE HONEYCOMB PAPER FAN,Other
21194,PINK  HONEYCOMB PAPER FAN,Other
21195,PINK  HONEYCOMB PAPER BALL,Other
21196,ROUND WHITE CONFETTI IN TUBE,Other
21197,MULTICOLOUR  CONFETTI IN TUBE,Other
21198,WHITE HEART CONFETTI IN TUBE,Decoration
21199,PINK  HEART CONFETTI IN TUBE,Decoration
21200,MULTICOLOUR HONEYCOMB PAPER GARLAND,Other
21201,TROPICAL  HONEYCOMB PAPER GARLAND,Other
21202,DOLLY HONEYCOMB GARLAND,Other
21203,BUTTERFLIES  HONEYCOMB GARLAND,Other
21204,DAISIES  HONEYCOMB GARLAND,Other
21205,MULTICOLOUR 3D BALLS GARLAND,Other
21206,STRAWBERRY HONEYCOMB  GARLAND,Other
21207,SKULL AND CROSSBONES  GARLAND,Other
21208,PASTEL COLOUR HONEYCOMB FAN,Other
21209,MULTICOLOUR HONEYCOMB FAN,Other
21210,SET OF 72 RETRO SPOT PAPER  DOILIES,Other
21211,SET OF 72 SKULL PAPER  DOILIES,Other
21212,PACK OF 72 RETRO SPOT CAKE CASES,Kitchen
21213,PACK OF 72 SKULL CAKE CASES,Kitchen
21214,SET OF 72 IVORY PAPER DOILIES,Other
21215,IVORY PAPER CUP CAKE CASES,Kitchen
21216,"SET 3 RED SPOT TIN TEA,COFFEE,SUGAR",Kitchen
21217,RED SPOTTY ROUND CAKE TINS,Kitchen
21218,RED SPOTTY BISCUIT TIN,Other
21219,SET/4 BADGES BALLOON GIRL,Other
21220,SET/4 BADGES DOGS,Other
21221,SET/4 BADGES CUTE CREATURES,Other
21222,SET/4 BADGES BEETLES,Other
21223,SET/4 BADGES WOODLAND ANIMAL,Other
21224,SET/4 SKULL BADGES,Other
21226,POCKET MIRROR WOODLAND,Decoration
21228,"POCKET MIRROR ""GLAMOROUS""",Decoration
21231,SWEETHEART CERAMIC TRINKET BOX,Storage
21232,STRAWBERRY CERAMIC TRINKET BOX,Storage
21238,RED SPOTTY CUP,Other
21239,PINK  SPOTTY CUP,Other
21240,BLUE  SPOTTY CUP,Other
21241,GREEN SPOTTY CUP,Other
21242,RED SPOTTY PLATE,Kitchen
21243,PINK  SPOTTY PLATE,Kitchen
21244,BLUE  SPOTTY PLATE,Kitchen
21245,GREEN  SPOTTY PLATE,Kitchen
21246,RED SPOTTY BIG BOWL,Kitchen
21247,SET OF RED SALAD SERVERS,Other
21248,DOOR HANGER  MUM + DADS ROOM,Other
21249,WOODLAND  HEIGHT CHART STICKERS,Other
21250,SET OF SKULL WALL STICKERS,Other
21251,DINOSAUR HEIGHT CHART STICKER SET,Other
21252,SET OF MEADOW  FLOWER STICKERS,Other
21253,SET OF PICTURE FRAME  STICKERS,Decoration
21255,"FRENCH BOTTLE , LAVENDER",Other
21256,"FRENCH BOTTLE, BRASSERIE DES ARTIST",Other
21257,VICTORIAN SEWING BOX MEDIUM,Storage
21258,VICTORIAN SEWING BOX LARGE,Storage
21259,VICTORIAN SEWING BOX SMALL,Storage
21260,FIRST AID TIN,Other
21261,GREEN GOOSE FEATHER CHRISTMAS TREE,Other
21265,PINK GOOSE FEATHER TREE 60CM,Other
21268,VINTAGE BLUE TINSEL REEL,Other
21269,ANTIQUE CREAM CUTLERY SHELF,Other
21270,ANTIQUE CREAM CUTLERY CUPBOARD,Other
21272,SALLE DE BAIN HOOK,Other
21274,EMBOSSED HEART 3 DRAWER SHELF,Decoration
21275,ZINC TOP  2 DOOR WOODEN SHELF,Other
21276,TWO EMBOSSED HEART MINI DRAWERS,Decoration
21277,FRENCH STYLE EMBOSSED HEART CABINET,Decoration
21278,VINTAGE KITCHEN PRINT PUDDINGS,Other
21279,VINTAGE KITCHEN PRINT FRUITS,Other
21280,VINTAGE KITCHEN PRINT VEGETABLES,Other
21281,VINTAGE KITCHEN PRINT SEAFOOD,Other
21282,NATURAL BARK CANDLE LARGE,Lighting
21283,NATURAL BARK CANDLE SMALL,Lighting
21284,RETRO SPOT CANDLE  SMALL,Lighting
21285,RETRO SPOT CANDLE  MEDIUM,Lighting
21286,RETRO SPOT CANDLE  LARGE,Lighting
21287,SCENTED VELVET LOUNGE CANDLE,Lighting
21288,STRIPEY CHOCOLATE NESTING BOXES,Storage
21289,LARGE STRIPES CHOCOLATE GIFT BAG,Storage
21291,SMALL SPOTTY CHOCOLATE GIFT BAG,Storage
21292,SMALL STRIPES CHOCOLATE GIFT BAG,Storage
21293,MIRRORED DOVE WALL DECORATION,Decoration
21294,ETCHED GLASS COASTER,Other
21298,EDWARDIAN 2 DRAWER WALL CABINET,Other
21299,EDWARDIAN TOILET ROLL UNIT,Other
21300,ANTIQUE EDWARDIAN DRESSER,Other
21303,FILIGREE WALL MIRROR  ANTIQUE WHITE,Decoration
21304,ARCHED GREY MIRROR,Decoration
21306,SET/4 DAISY MIRROR MAGNETS,Decoration
21307,SET/4 BUTTERFLY MIRROR MAGNETS,Decoration
21308,LOUVRE VANITY MIRROR,Decoration
21309,LOUVRE CHALKBOARD,Other
21310,CAPIZ CHANDELIER,Other
21311,SET/4 BIRD MIRROR MAGNETS,Decoration
21312,LARGE CHUNKY GLASS ROMAN BOWL,Kitchen
21313,GLASS HEART T-LIGHT HOLDER,Lighting
21314,SMALL GLASS HEART TRINKET POT,Decoration
21316,SMALL CHUNKY GLASS ROMAN  BOWL,Kitchen
21317,GLASS SPHERE CANDLE STAND MEDIUM,Lighting
21318,GLASS CHALICE BLUE SMALL,Other
21319,GLASS CHALICE GREEN  SMALL,Other
21320,GLASS CHALICE GREEN  LARGE,Other
21321,GLASS CHALICE BLUE  LARGE,Other
21322,GLASS SPHERE CANDLE STAND LARGE,Lighting
21323,HANGING MEDINA LANTERN LARGE,Lighting
21324,HANGING MEDINA LANTERN SMALL,Lighting
21326,AGED GLASS SILVER T-LIGHT HOLDER,Lighting
21327,SKULLS WRITING SET,Other
21328,BALLOONS  WRITING SET,Other
21329,DINOSAURS  WRITING SET,Other
21330,WOODLAND ANIMAL  WRITING SET,Other
21331,MOROCCAN BEATEN METAL DISH LARGE,Other
21332,MOROCCAN BEATEN METAL MIRROR,Decoration
21333,CLASSIC WHITE FRAME,Decoration
21335,LIBRARY LAMP,Other
21336,GOLD WASHBAG,Other
21337,SILVER WASHBAG,Other
21338,MARAKESH LANTERN SMALL,Lighting
21339,MARAKESH LANTERN LARGE,Lighting
21340,CLASSIC METAL BIRDCAGE PLANT HOLDER,Other
21341,KASBAH LANTERN WITH GLASS,Lighting
21343,GOLD JEWELERY BOX,Storage
21344,MOROCCAN BEATEN METAL DISH,Other
21347,GOTHIC CARRIAGE LANTERN,Lighting
21348,PINK SPOTS CHOCOLATE NESTING BOXES,Storage
21349,IVY HEART WREATH,Decoration
21350,GINGHAM HEART WREATH,Decoration
21354,TOAST ITS - BEST MUM,Other
21355,TOAST ITS - I LOVE YOU,Other
21356,TOAST ITS - FAIRY FLOWER,Other
21357,TOAST ITS - DINOSAUR,Other
21358,TOAST ITS - HAPPY BIRTHDAY,Other
21359,RELAX LARGE WOOD LETTERS,Other
21360,JOY LARGE WOOD LETTERS,Other
21361,LOVE LARGE WOOD LETTERS,Other
21363,HOME SMALL WOOD LETTERS,Other
21364,PEACE SMALL WOOD LETTERS,Other
21365,MIRRORED WALL ART STARS,Other
21366,MIRRORED WALL ART PHOTO FRAMES,Decoration
21367,MIRRORED WALL ART GENTS,Other
21368,MIRRORED WALL ART LADIES,Other
21369,MIRRORED WALL ART SPLODGES,Other
21370,MIRRORED WALL ART FOXY,Other
21371,MIRRORED WALL ART POPPIES,Other
21372,MIRRORED WALL ART TABLE LAMP,Other
21373,MIRRORED WALL ART SNOWFLAKES,Other
21374,MIRRORED WALL ART SKULLS,Other
21375,LARGE CAMPHOR WOOD FIELD MUSHROOM,Other
21376,LARGE  TALL CAMPHOR WOOD TOADSTOOL,Other
21377,SMALL CAMPHOR WOOD FIELD  MUSHROOM,Other
21378,SMALL TALL CAMPHOR WOOD TOADSTOOL,Other
21379,CAMPHOR WOOD PORTOBELLO MUSHROOM,Other
21380,WOODEN HAPPY BIRTHDAY GARLAND,Other
21381,MINI WOODEN HAPPY BIRTHDAY GARLAND,Other
21383,PACK OF 12 STICKY BUNNIES,Other
21384,IVORY HANGING DECORATION  BUTTERFLY,Decoration
21385,IVORY HANGING DECORATION  HEART,Decoration
21386,IVORY HANGING DECORATION  EGG,Decoration
21387,IVORY HANGING DECORATION  RABBIT,Decoration
21388,IVORY HANGING DECORATION  CHICKEN,Decoration
21389,IVORY HANGING DECORATION  BIRD,Decoration
21390,FILIGRIS HEART WITH BUTTERFLY,Decoration
21391,FRENCH EMROIDR LAVENDER SCENT HEART,Decoration
21392,RED SPOTTY PUDDING BOWL,Kitchen
21393,BLUE  SPOTTY PUDDING BOWL,Kitchen
21394,RED SPOTTY BEAKER,Other
21395,BLUE SPOTTY BEAKER,Other
21396,RED SPOTTY EGG CUP,Other
21397,BLUE  SPOTTY EGG CUP,Other
21398,RED  SPOTTY COFFEE  MUG,Kitchen
21399,BLUE  SPOTTY  COFFEE MUG,Kitchen
21400,RED PUDDING SPOON,Other
21401,BLUE PUDDING SPOON,Other
21402,RED  EGG  SPOON,Other
21403,BLUE EGG  SPOON,Other
21407,BROWN CHECK CAT DOORSTOP,Other
21408,SPOTTY PINK DUCK DOORSTOP,Other
21409,SPOTTY COCKEREL DOORSTOP,Other
21410,COUNTRY COTTAGE  DOORSTOP GREEN,Other
21411,GINGHAM HEART  DOORSTOP RED,Decoration
21412,VINTAGE GOLD TINSEL REEL,Other
21413,PERIWINKLE T-LIGHT HOLDER,Lighting
21414,SCALLOP SHELL SOAP DISH,Other
21415,CLAM SHELL SMALL,Other
21416,CLAM SHELL LARGE,Other
21417,COCKLE SHELL DISH,Other
21418,STARFISH SOAP DISH,Other
21419,CONCH SHELL,Other
21420,OYSTER TRINKET BOX,Storage
21421,PORCELAIN ROSE LARGE,Other
21422,PORCELAIN ROSE SMALL,Other
21424,WOODLAND STORAGE BOX LARGE,Storage
21425,SKULLS STORAGE BOX LARGE,Storage
21426,WOODLAND STORAGE BOX SMALL,Storage
21427,SKULLS STORAGE BOX SMALL,Storage
21428,SET3 BOOK BOX GREEN GINGHAM FLOWER,Storage
21429,RED GINGHAM ROSE JEWELLERY BOX,Storage
21430,SET/3 RED GINGHAM ROSE STORAGE BOX,Storage
21431,GREEN GINGHAM FLOWER JEWELLERY BOX,Storage
21432,SET OF 3 CASES WOODLAND DESIGN,Other
21437,24 HANGING EASTER EGGS FLORAL TUB,Other
21438,TUB 24 HANGING EASTER EGGS SPOTTY,Other
21439,BASKET OF TOADSTOOLS,Storage
21440,12 MINI TOADSTOOL PEGS,Other
21441,BLUE BIRDHOUSE DECORATION,Decoration
21442,GREEN BIRDHOUSE DECORATION,Decoration
21443,OLIVE CHALET BIRDFEEDER,Other
21444,BLUE CHALET BIRDFEEDER,Other
21445,12 PINK ROSE PEG PLACE SETTINGS,Other
21446,12 RED ROSE PEG PLACE SETTINGS,Other
21447,12 IVORY ROSE PEG PLACE SETTINGS,Other
21448,12 DAISY PEGS IN WOOD BOX,Storage
21452,TOADSTOOL MONEY BOX,Storage
21454,PAINTED PINK RABBIT,Other
21455,PAINTED YELLOW WOODEN DAISY,Other
21456,2 PICTURE BOOK EGGS EASTER CHICKS,Other
21457,2 PICTURE BOOK EGGS EASTER DUCKS,Other
21458,2 PICTURE BOOK EGGS EASTER BUNNY,Other
21459,YELLOW EASTER EGG HUNT START POST,Other
21460,GREEN EASTER EGG HUNT START POST,Other
21461,BLUE EASTER EGG HUNT START POST,Other
21462,"NURSERY A,B,C PAINTED LETTERS",Other
21463,MIRRORED DISCO BALL,Other
21464,DISCO BALL ROTATOR BATTERY OPERATED,Other
21465,PINK FLOWER CROCHET FOOD COVER,Other
21466,RED FLOWER CROCHET FOOD COVER,Other
21467,CHERRY CROCHET FOOD COVER,Other
21468,BUTTERFLY CROCHET FOOD COVER,Other
21469,POLKA DOT RAFFIA FOOD COVER,Other
21470,FLOWER VINE RAFFIA FOOD COVER,Other
21471,STRAWBERRY RAFFIA FOOD COVER,Other
21472,LADYBIRD + BEE RAFFIA FOOD COVER,Other
21473,SWEETHEART CREAM STEEL TABLE RECT,Other
21474,SWEETHEART CREAM STEEL FOLDIN BENCH,Other
21476,STEEL SWEETHEART ROUND TABLE CREAM,Other
21477,STRING OF 20 ROSE LIGHTS,Other
21478,SILVER SKULL HOT WATER BOTTLE,Other
21479,WHITE SKULL HOT WATER BOTTLE,Other
21481,FAWN BLUE HOT WATER BOTTLE,Other
21482,MUSHROOM BLUE HOT WATER BOTTLE,Other
21484,CHICK GREY HOT WATER BOTTLE,Other
21485,RED SPOT HEART HOT WATER BOTTLE,Decoration
21486,PINK HEART DOTS HOT WATER BOTTLE,Decoration
21488,RED WHITE SCARF  HOT WATER BOTTLE,Other
21489,BLUE WHITE SCARF HOT WATER BOTTLE,Other
21491,SET OF THREE VINTAGE GIFT WRAPS,Other
21494,ROTATING LEAVES T-LIGHT HOLDER,Lighting
21495,SKULLS WRAP,Other
21497,FANCY FONTS BIRTHDAY WRAP,Other
21498,RED SPOTS  WRAP,Other
21499,BLUE SPOTS  WRAP,Other
21500,PINK SPOTS  WRAP,Other
21503,TOYBOX  WRAP,Other
21504,SKULLS GREETING CARD,Other
21506,"FANCY FONT BIRTHDAY CARD,",Other
21507,"ELEPHANT, BIRTHDAY CARD,",Other
21508,VINTAGE KID DOLLY CARD,Other
21509,COWBOYS AND INDIANS BIRTHDAY CARD,Other
21511,VINTAGE COLLAGE  GREETING  CARD,Other
21518,BANK ACCOUNT  GREETING  CARD,Other
21519,GIN & TONIC DIET GREETING CARD,Other
21520,BOOZE & WOMEN GREETING CARD,Other
21523,DOOR MAT FANCY FONT HOME SWEET HOME,Other
21524,DOOR MAT SPOTTY HOME SWEET HOME,Other
21527,RETRO SPOT TRADITIONAL TEAPOT,Kitchen
21528,DAIRY MAID TRADITIONAL TEAPOT,Kitchen
21529,RETRO SPOT CERAMIC TOASTRACK,Other
21530,DAIRY MAID CERAMIC TOASTRACK,Other
21531,RETRO SPOT SUGAR JAM BOWL,Kitchen
21532,DAIRY MAID SUGAR JAM BOWL,Kitchen
21533,RETRO SPOT LARGE MILK JUG,Other
21534,DAIRY MAID LARGE MILK JUG,Other
21535,RETRO SPOT SMALL MILK JUG,Other
21536,DAIRY MAID  SMALL  MILK JUG,Other
21537,RETRO SPOTS PUDDING BOWL,Kitchen
21538,DAIRY MAID  PUDDING BOWL,Kitchen
21539,RETRO SPOTS BUTTER DISH,Other
21540,DAIRY MAID CERAMIC BUTTER DISH,Other
21541,DINOSAURS WATER TRANSFER TATTOOS,Other
21542,WOODLAND WATER TRANSFER TATTOOS,Other
21544,SKULLS  WATER TRANSFER TATTOOS,Other
21545,CERAMIC BIRDHOUSE BUTTERFLY SMALL,Other
21547,CERAMIC BIRDHOUSE CRESTED TIT SMALL,Other
21548,CERAMIC BIRDHOUSE FINCH BLUE ROOF,Other
21549,CERAMIC BIRDHOUSE RED ROOF SMALL,Other
21550,CERAMIC BIRDHOUSE CRESTED TIT LARGE,Other
21551,CERAMIC BIRDHOUSE BUTTERFLY LARGE,Other
21552,CERAMIC BIRDHOUSE BLACK ROSE  LARGE,Other
21553,CERAMIC BIRDHOUSE FINCH BLUE  LARGE,Other
21554,CERAMIC BIRDHOUSE RED ROOF LARGE,Other
21555,CERAMIC STRAWBERRY TRINKET TRAY,Other
21556,CERAMIC STRAWBERRY MONEY BOX,Storage
21557,SET OF 6 FUNKY BEAKERS,Other
21558,SKULL LUNCHBOX WITH CUTLERY,Other
21559,STRAWBERRY LUNCHBOX WITH CUTLERY,Other
21561,DINOSAUR LUNCHBOX WITH CUTLERY,Other
21562,HAWAIIAN GRASS SKIRT,Other
21563,RED HEART SHAPE LOVE BUCKET,Decoration
21564,PINK  HEART SHAPE LOVE BUCKET,Decoration
21576,LETS GO SHOPPING COTTON TOTE BAG,Storage
21577,SAVE THE PLANET COTTON TOTE BAG,Storage
21578,WOODLAND DESIGN  COTTON TOTE BAG,Storage
21579,LOLITA  DESIGN  COTTON TOTE BAG,Storage
21580,RABBIT  DESIGN  COTTON TOTE BAG,Storage
21581,SKULLS  DESIGN  COTTON TOTE BAG,Storage
21582,KINGS CHOICE SMALL TUBE MATCHES,Other
21584,RETRO SPOT SMALL TUBE MATCHES,Other
21586,KINGS CHOICE GIANT TUBE MATCHES,Other
21587,COSY HOUR GIANT TUBE MATCHES,Other
21588,RETRO SPOT GIANT  TUBE MATCHES,Other
21589,SWALLOW GIANT TUBE MATCHES,Other
21590,KINGS CHOICE CIGAR BOX MATCHES,Storage
21591,COSY HOUR CIGAR BOX MATCHES,Storage
21592,RETRO SPOT  CIGAR BOX MATCHES,Storage
21593,SWALLOW CIGAR BOX MATCHES,Storage
21609,SET 12 LAVENDER  BOTANICAL T-LIGHTS,Lighting
21610,SET 12 PEAR BOTANICAL T-LIGHTS,Lighting
21611,SET OF 12 LILY BOTANICAL T-LIGHTS,Lighting
21612,SET 12 WILDFLOWER BOTANICAL T-LIGHT,Lighting
21613,S/12 VANILLA  BOTANICAL T-LIGHTS,Lighting
21614,SET OF 12 ROSE BOTANICAL T-LIGHTS,Lighting
21615,4 LAVENDER BOTANICAL DINNER CANDLES,Lighting
21616,4 PEAR BOTANICAL DINNER CANDLES,Lighting
21617,4 LILY  BOTANICAL DINNER CANDLES,Lighting
21618,4 WILDFLOWER BOTANICAL CANDLES,Lighting
21619,4 VANILLA BOTANICAL CANDLES,Lighting
21620,S/4 ROSE    BOTANICAL  CANDLE,Lighting
21621,VINTAGE UNION JACK BUNTING,Decoration
21622,VINTAGE UNION JACK CUSHION COVER,Decoration
21623,VINTAGE UNION JACK MEMOBOARD,Other
21624,VINTAGE UNION JACK DOORSTOP,Other
21625,VINTAGE UNION JACK APRON,Other
21626,VINTAGE UNION JACK PENNANT,Other
21627,ELEPHANT CARNIVAL POUFFE,Other
21628,TRIANGULAR POUFFE VINTAGE,Other
21629,SQUARE FLOOR CUSHION VINTAGE RED,Decoration
21630,FLOOR CUSHION ELEPHANT CARNIVAL,Decoration
21631,HIPPY CHIC DECORATIVE PARASOL,Other
21632,VINTAGE PINK DECORATIVE PARASOL,Other
21633,SUNFLOWER DECORATIVE PARASOL,Other
21634,ASSORTED MINI MADRAS NOTEBOOK,Other
21635,MADRAS NOTEBOOK LARGE,Other
21636,MADRAS NOTEBOOK MEDIUM,Other
21637,ASSORTED SANSKRIT MINI NOTEBOOK,Other
21638,ASSORTED TUTTI FRUTTI NOTEBOOK,Other
21639,ASSORTED TUTTI FRUTTI KEYRING,Other
21640,ASSORTED TUTTI FRUTTI  FOB NOTEBOOK,Other
21641,ASSORTED TUTTI FRUTTI KEYRING BALL,Other
21642,ASSORTED TUTTI FRUTTI PEN,Other
21643,ASSORTED TUTTI FRUTTI MIRROR,Decoration
21644,ASSORTED TUTTI FRUTTI HEART BOX,Storage
21645,ASSORTED TUTTI FRUTTI ROUND BOX,Storage
21647,ASSORTED TUTTI FRUTTI LARGE PURSE,Other
21648,ASSORTED TUTTI FRUTTI SMALL PURSE,Other
21649,ASSORTED TUTTI FRUTTI PHOTO FRAME,Decoration
21650,ASSORTED TUTTI FRUTTI BRACELET,Jewellery
21651,HANGING GLASS ETCHED TEALIGHT,Other
21652,GLASS ETCHED T-LIGHT HOLDER MEDIUM,Lighting
21653,GLASS ETCHED T-LIGHT HOLDER LARGE,Lighting
21654,RIDGED GLASS FINGER BOWL,Kitchen
21655,HANGING RIDGE GLASS T-LIGHT HOLDER,Lighting
21656,RIDGED GLASS POSY VASE,Other
21657,MILK BOTTLE WITH GLASS STOPPER,Other
21658,GLASS  BEURRE DISH,Other
21659,GLASS CAKE STAND,Kitchen
21661,VINTAGE GLASS TEA CADDY,Kitchen
21662,VINTAGE GLASS COFFEE CADDY,Other
21663,VINTAGE GLASS SUGAR CADDY,Other
21664,RIDGED GLASS STORAGE JAR CREAM LID,Storage
21665,TRIANGULAR RIDGED GLASS POSY HOLDER,Other
21666,RIDGED GLASS T-LIGHT HOLDER,Lighting
21667,GLASS CAKE COVER AND PLATE,Kitchen
21668,RED STRIPE CERAMIC DRAWER KNOB,Other
21669,BLUE STRIPE CERAMIC DRAWER KNOB,Other
21670,BLUE SPOT CERAMIC DRAWER KNOB,Other
21671,RED SPOT CERAMIC DRAWER KNOB,Other
21672,WHITE SPOT RED CERAMIC DRAWER KNOB,Other
21673,WHITE SPOT BLUE CERAMIC DRAWER KNOB,Other
21674,RIDGED GLASS PENDANT LAMPSHADE,Other
21675,BUTTERFLIES STICKERS,Other
21676,FLOWERS  STICKERS,Other
21677,HEARTS  STICKERS,Decoration
21678,PAISLEY PATTERN  STICKERS,Other
21679,SKULLS  STICKERS,Other
21680,WOODLAND  STICKERS,Other
21681,GIANT MEDINA STAMPED METAL BOWL,Kitchen
21682,LARGE MEDINA STAMPED METAL BOWL,Kitchen
21683,MEDIUM MEDINA STAMPED METAL BOWL,Kitchen
21684,SMALL MEDINA STAMPED METAL BOWL,Kitchen
21686,MEDINA STAMPED METAL STOOL,Other
21687,SILVER PLATE CANDLE BOWL LARGE,Lighting
21688,SILVER PLATE CANDLE BOWL SMALL,Lighting
21689,SILVER VANILLA  FLOWER CANDLE POT,Lighting
21690,SILVER  CANDLEPOT JARDIN,Other
21691,SILVER VANILLA FLOWER CANDLE POT,Lighting
21692,SILVER LATTICE VANILLA CANDLE POT,Lighting
21693,SMALL HAMMERED SILVER CANDLEPOT,Other
21694,SMALL REGAL  SILVER CANDLEPOT,Other
21695,SMALL SILVER FLOWER CANDLE POT,Lighting
21696,SMALL SILVER TRELLIS CANDLEPOT,Other
21697,SET 5 MINI DOUGHNUT FRIDGE MAGNET,Other
21698,MOCK LOBSTER FRIDGE MAGNET,Other
21699,SET 5 MINI CHOCOLATE FRIDGE MAGNETS,Other
21700,BIG DOUGHNUT FRIDGE MAGNETS,Other
21702,SET 5 MINI GATEAUX  FRIDGE MAGNETS,Other
21703,BAG 125g SWIRLY MARBLES,Storage
21704,BAG 250g SWIRLY MARBLES,Storage
21706,"FOLDING UMBRELLA , RED/WHITE SPOT",Other
21707,"FOLDING UMBRELLA , BLACK/BLUE  SPOT",Other
21708,FOLDING UMBRELLA  CREAM/MULTI  SPOT,Other
21709,FOLDING UMBRELLA  CHOC/WHITE  SPOT,Other
21710,FOLDING UMBRELLA  PINK/WHITE  SPOT,Other
21711,FOLDING UMBRELLA  WHITE/RED  SPOT,Other
21713,CITRONELLA CANDLE FLOWERPOT,Lighting
21714,CITRONELLA CANDLE GARDEN POT,Lighting
21715,GIRLS VINTAGE TIN SEASIDE BUCKET,Other
21716,BOYS VINTAGE TIN SEASIDE BUCKET,Other
21717,EASTER TIN BUCKET,Other
21718,RED METAL BEACH SPADE,Other
21719,LOVELY BONBON STICKER SHEET,Other
21720,CAKE SHOP  STICKER SHEET,Kitchen
21721,CANDY SHOP  STICKER SHEET,Other
21722,SWEET PUDDING STICKER SHEET,Other
21723,ALPHABET HEARTS STICKER SHEET,Decoration
21724,PANDA AND BUNNIES STICKER SHEET,Other
21725,SWEETIES  STICKERS,Other
21726,MULTI HEARTS  STICKERS,Decoration
21728,METAL MEDINA LANTERN,Lighting
21729,SMALL MARAKESH METAL  LANTERN,Lighting
21730,GLASS STAR FROSTED T-LIGHT HOLDER,Lighting
21731,RED TOADSTOOL LED NIGHT LIGHT,Other
21732,RED HANGING METAL STAR TLIGHT HLDR,Other
21733,RED HANGING HEART T-LIGHT HOLDER,Lighting
21734,SMALL MARAKESH LANTERN ON STICK,Lighting
21735,TWO DOOR CURIO CABINET,Other
21736,GOLD SCROLL GLASS T-LIGHT HOLDER,Lighting
21737,SET 3 WICKER LOG BASKETS,Storage
21738,COSY SLIPPER SHOES SMALL  RED,Other
21739,COSY SLIPPER SHOES SMALL GREEN,Other
21740,COSY SLIPPER SHOES LARGE RED,Other
21741,COSY SLIPPER SHOES LARGE GREEN,Other
21742,LARGE ROUND WICKER PLATTER,Other
21743,STAR PORTABLE TABLE LIGHT,Other
21744,SNOWFLAKE PORTABLE TABLE LIGHT,Other
21745,GAOLERS KEYS DECORATIVE GARDEN,Other
21746,SMALL RED SPOT  WINDMILL,Other
21747,SMALL SKULL WINDMILL,Other
21749,LARGE RED SPOT WINDMILL,Other
21750,LARGE SKULL WINDMILL,Other
21752,GLASS CAKE STAND MIRRORED BASE,Kitchen
21754,HOME BUILDING BLOCK WORD,Other
21755,LOVE BUILDING BLOCK WORD,Other
21756,BATH BUILDING BLOCK WORD,Other
21757,LIGHTHOUSE PRINTED METAL SIGN,Decoration
21758,VINTAGE SHELLS PRINT,Other
21759,METAL WALL SHELF UNIT WITH HOOKS,Other
21760,FRENCH STYLE WALL DRESSER,Other
21761,WOOD AND GLASS MEDICINE CABINET,Other
21763,VINTAGE WOODEN BAR STOOL,Other
21764,VINTAGE WOODEN PLATE RACK,Kitchen
21765,HANGING METAL BIRD BATH,Other
21768,WALL MOUNTED VINTAGE ORGANISER,Other
21769,VINTAGE POST OFFICE CABINET,Other
21770,OPEN CLOSED METAL SIGN,Decoration
21772,VINTAGE METAL CAKE STAND CREAM,Kitchen
21773,DECORATIVE ROSE BATHROOM BOTTLE,Other
21774,DECORATIVE CATS BATHROOM BOTTLE,Other
21775,DECORATIVE FLORE BATHROOM BOTTLE,Other
21777,RECIPE BOX WITH METAL HEART,Storage
21779,MA CAMPAGNE MINI WOODEN CHEST,Other
21780,MA CAMPAGNE 4 DRAWER WALL SHELF,Other
21781,MA CAMPAGNE CUTLERY BOX,Storage
21784,SHOE SHINE BOX,Storage
21785,RAIN PONCHO,Other
21786,RAIN HAT WITH RED SPOTS,Other
21787,RAIN PONCHO WITH RED SPOTS,Other
21788,KIDS RAIN MAC BLUE,Other
21789,KIDS RAIN MAC PINK,Other
21790,VINTAGE SNAP CARDS,Other
21791,VINTAGE HEADS AND TAILS CARD GAME,Other
21792,CLASSIC FRENCH STYLE BASKET GREEN,Storage
21793,CLASSIC FRENCH STYLE BASKET BROWN,Storage
21794,CLASSIC FRENCH STYLE BASKET NATURAL,Storage
21795,SET OF 3 BLUE STRIPE BASKET,Storage
21796,SET OF 3 RED STRIPE BASKETS,Storage
21801,CHRISTMAS TREE DECORATION WITH BELL,Decoration
21802,CHRISTMAS TREE HEART DECORATION,Decoration
21803,CHRISTMAS TREE STAR DECORATION,Decoration
21805,WHITE CHRISTMAS TREE DECORATION,Decoration
21806,WHITE CHRISTMAS HEART DECORATION,Decoration
21807,WHITE CHRISTMAS STAR DECORATION,Decoration
21808,"CHRISTMAS GARLAND STARS,TREES",Other
21809,CHRISTMAS HANGING TREE WITH BELL,Other
21810,CHRISTMAS HANGING STAR WITH BELL,Other
21811,CHRISTMAS HANGING HEART WITH BELL,Decoration
21812,GARLAND WITH HEARTS AND BELLS,Decoration
21814,HEART T-LIGHT HOLDER,Lighting
21815,STAR  T-LIGHT HOLDER,Lighting
21816,CHRISTMAS TREE T-LIGHT HOLDER,Lighting
21818,GLITTER CHRISTMAS HEART,Decoration
21820,GLITTER HEART GARLAND WITH BELLS,Decoration
21823,PAINTED METAL HEART WITH HOLLY BELL,Decoration
21826,EIGHT PIECE DINOSAUR SET,Other
21827,EIGHT PIECE CREEPY CRAWLIE SET,Other
21828,EIGHT PIECE SNAKE  SET,Other
21829,DINOSAUR KEYRINGS ASSORTED,Other
21830,ASSORTED CREEPY CRAWLIES,Other
21832,CHOCOLATE CALCULATOR,Other
21833,CAMOUFLAGE LED TORCH,Other
21836,GINGHAM OVEN GLOVE RED HEART,Decoration
21837,CROSS STITCH ALPHABET CUSHION COVER,Decoration
21839,MUMMY MOUSE RED GINGHAM RIBBON,Other
21841,BABY MOUSE RED GINGHAM DRESS,Other
21842,PINK HEART CANDY BUTTON CALCULATOR,Decoration
21843,RETRO SPOT CAKE STAND,Kitchen
21844,RETRO SPOT MUG,Kitchen
21845,DAIRY MAID STRIPE MUG,Kitchen
21846,PINK DIAMANTE PEN IN GIFT BOX,Storage
21847,GREEN  DIAMANTE PEN IN GIFT BOX,Storage
21849,SILVER DIAMANTE PEN IN GIFT BOX,Storage
21850,BLUE  DIAMANTE PEN IN GIFT BOX,Storage
21851,LILAC DIAMANTE PEN IN GIFT BOX,Storage
21853,GUMBALL CUSTOM CARS TOP TRUMPS GAME,Other
21857,STAR WARS TOP TRUMPS GAME,Other
21858,HIGH SCHOOL MUSICAL 3 TOP TRUMPS,Other
21864,UNION JACK FLAG PASSPORT COVER,Other
21865,PINK UNION JACK  PASSPORT COVER,Other
21866,UNION JACK FLAG LUGGAGE TAG,Other
21867,PINK UNION JACK  LUGGAGE TAG,Other
21868,POTTING SHED TEA MUG,Kitchen
21869,POTTING SHED COFFEE MUG,Kitchen
21870,I CAN ONLY PLEASE ONE PERSON MUG,Kitchen
21871,SAVE THE PLANET MUG,Kitchen
21872,GLAMOROUS  MUG,Kitchen
21873,IF YOU CAN'T STAND THE HEAT MUG,Kitchen
21874,GIN AND TONIC MUG,Kitchen
21875,KINGS CHOICE MUG,Kitchen
21876,POTTERING MUG,Kitchen
21877,HOME SWEET HOME MUG,Kitchen
21878,PACK OF 6 SANDCASTLE FLAGS ASSORTED,Other
21879,HEARTS GIFT TAPE,Decoration
21880,RED AND WHITE SPOT TAPE,Other
21881,CUTE CATS TAPE,Other
21882,SKULLS TAPE,Other
21883,STARS GIFT TAPE,Other
21884,CAKES AND BOWS GIFT  TAPE,Kitchen
21888,BINGO SET,Other
21889,WOODEN BOX OF DOMINOES,Storage
21890,S/6 WOODEN SKITTLES IN COTTON BAG,Storage
21891,TRADITIONAL WOODEN SKIPPING ROPE,Other
21892,TRADITIONAL WOODEN CATCH CUP GAME,Other
21893,POTTING SHED SEED TIN,Other
21894,POTTING SHED SEED ENVELOPES,Other
21895,POTTING SHED SOW 'N' GROW SET,Other
21896,POTTING SHED TWINE,Other
21897,POTTING SHED CANDLE CITRONELLA,Lighting
21898,POTTING SHED ROSE CANDLE,Lighting
21899,"KEY FOB , GARAGE DESIGN",Other
21900,"KEY FOB , SHED",Other
21901,"KEY FOB , BACK DOOR",Other
21902,"KEY FOB , FRONT  DOOR",Other
21903,MAN FLU METAL SIGN,Decoration
21904,HOUSE WRECKING METAL SIGN,Decoration
21905,MORE BUTTER METAL SIGN,Decoration
21906,PHARMACIE FIRST AID TIN,Other
21907,I'M ON HOLIDAY METAL SIGN,Decoration
21908,CHOCOLATE THIS WAY METAL SIGN,Decoration
21910,WAY OUT METAL SIGN,Decoration
21911,GARDEN METAL SIGN,Decoration
21912,VINTAGE SNAKES & LADDERS,Other
21913,VINTAGE SEASIDE JIGSAW PUZZLES,Other
21914,BLUE HARMONICA IN BOX,Storage
21915,RED  HARMONICA IN BOX,Storage
21916,SET 12 RETRO WHITE CHALK STICKS,Other
21917,SET 12 KIDS  WHITE CHALK STICKS,Other
21918,SET 12 KIDS COLOUR  CHALK STICKS,Other
21922,UNION STRIPE WITH FRINGE  HAMMOCK,Other
21923,RED/CREAM STRIPE FRINGE HAMMOCK,Other
21924,BLUE/CREAM STRIPE FRINGE HAMMOCK,Other
21925,UNION STRIPE CUSHION COVER,Decoration
21926,RED/CREAM STRIPE CUSHION COVER,Decoration
21927,BLUE/CREAM STRIPE CUSHION COVER,Decoration
21928,JUMBO BAG SCANDINAVIAN PAISLEY,Storage
21929,JUMBO BAG PINK VINTAGE PAISLEY,Storage
21930,JUMBO STORAGE BAG SKULLS,Storage
21931,JUMBO STORAGE BAG SUKI,Storage
21932,SCANDINAVIAN PAISLEY PICNIC BAG,Storage
21933,PINK VINTAGE PAISLEY PICNIC BAG,Storage
21934,SKULL SHOULDER BAG,Storage
21935,SUKI  SHOULDER BAG,Storage
21936,RED/WHITE SPOT PICNIC BAG,Storage
21937,STRAWBERRY   PICNIC BAG,Storage
21942,SKULLS DESIGN FLANNEL,Other
21943,CAKES AND RABBITS DESIGN FLANNEL,Kitchen
21944,KITTENS DESIGN FLANNEL,Other
21945,STRAWBERRIES  DESIGN FLANNEL,Other
21946,PARTY TIME DESIGN FLANNEL,Other
21947,SET OF 6 HEART CHOPSTICKS,Decoration
21948,SET OF 6 CAKE CHOPSTICKS,Kitchen
21949,SET OF 6 STRAWBERRY CHOPSTICKS,Other
21950,SET OF 6 DOTS CHOPSTICKS,Other
21955,DOOR MAT UNION JACK GUNS AND ROSES,Other
21967,PACK OF 12 SKULL TISSUES,Other
21972,SET OF 36 DINOSAUR PAPER DOILIES,Other
21973,SET OF 36 MUSHROOM PAPER DOILIES,Other
21974,SET OF 36 PAISLEY FLOWER DOILIES,Other
21975,PACK OF 60 DINOSAUR CAKE CASES,Kitchen
21976,PACK OF 60 MUSHROOM CAKE CASES,Kitchen
21977,PACK OF 60 PINK PAISLEY CAKE CASES,Kitchen
21980,PACK OF 12 RED SPOTTY TISSUES,Other
21981,PACK OF 12 WOODLAND TISSUES,Other
21982,PACK OF 12 SUKI TISSUES,Other
21983,PACK OF 12 BLUE PAISLEY TISSUES,Other
21984,PACK OF 12 PINK PAISLEY TISSUES,Other
21985,PACK OF 12 HEARTS DESIGN TISSUES,Decoration
21986,PACK OF 12 PINK SPOT TISSUES,Other
21987,PACK OF 6 SKULL PAPER CUPS,Other
21988,PACK OF 6 SKULL PAPER PLATES,Kitchen
21989,PACK OF 20 SKULL PAPER NAPKINS,Kitchen
21990,MODERN FLORAL STATIONERY SET,Other
21991,BOHEMIAN COLLAGE STATIONERY SET,Other
21992,VINTAGE PAISLEY STATIONERY SET,Other
21993,FLORAL FOLK STATIONERY SET,Other
22021,BLUE FELT EASTER EGG BASKET,Storage
22023,EMPIRE BIRTHDAY CARD,Other
22024,RAINY LADIES BIRTHDAY CARD,Other
22025,RING OF ROSES BIRTHDAY CARD,Jewellery
22026,BANQUET BIRTHDAY  CARD,Other
22027,TEA PARTY BIRTHDAY CARD,Kitchen
22028,PENNY FARTHING BIRTHDAY CARD,Other
22029,SPACEBOY BIRTHDAY CARD,Other
22030,SWALLOWS GREETING CARD,Other
22031,BOTANICAL LAVENDER BIRTHDAY CARD,Other
22032,BOTANICAL LILY GREETING CARD,Other
22033,BOTANICAL ROSE GREETING CARD,Other
22035,VINTAGE CARAVAN GREETING CARD,Other
22036,DINOSAUR BIRTHDAY CARD,Other
22037,ROBOT BIRTHDAY CARD,Other
22038,BOTANICAL LAVENDER GIFT WRAP,Other
22039,BOTANICAL LILY GIFT WRAP,Other
22040,BOTANICAL ROSE GIFT WRAP,Other
22041,"RECORD FRAME 7"" SINGLE SIZE",Decoration
22043,CHRISTMAS CARD SCREEN PRINT,Other
22044,CHRISTMAS CARD STACK OF PRESENTS,Other
22045,SPACEBOY GIFT WRAP,Other
22046,TEA PARTY  WRAPPING PAPER,Kitchen
22047,EMPIRE GIFT WRAP,Other
22048,BIRTHDAY BANQUET GIFT WRAP,Other
22050,PINK PAISLEY ROSE GIFT WRAP,Other
22051,BLUE SCANDINAVIAN PAISLEY WRAP,Other
22052,VINTAGE CARAVAN GIFT WRAP,Other
22053,EMPIRE DESIGN ROSETTE,Other
22054,MINI CAKE STAND HANGING HEARTS,Kitchen
22055,MINI CAKE STAND  HANGING STRAWBERY,Kitchen
22056,CERAMIC PLATE LOVE HEART DESIGN,Kitchen
22057,CERAMIC PLATE STRAWBERRY DESIGN,Kitchen
22058,CERAMIC LOVE HEARTS DESIGN MUG,Kitchen
22059,CERAMIC STRWBERRY DESIGN MUG,Kitchen
22060,LARGE CAKE STAND HANGING HEARTS,Kitchen
22061,LARGE CAKE STAND  HANGING STRAWBERY,Kitchen
22062,CERAMIC BOWL WITH LOVE HEART DESIGN,Kitchen
22063,CERAMIC BOWL WITH STRAWBERRY DESIGN,Kitchen
22064,PINK DOUGHNUT TRINKET POT,Other
22065,CHRISTMAS PUDDING TRINKET POT,Other
22066,LOVE HEART TRINKET POT,Decoration
22067,CHOC TRUFFLE GOLD TRINKET POT,Other
22068,BLACK PIRATE TREASURE CHEST,Other
22069,BROWN  PIRATE TREASURE CHEST,Other
22070,SMALL RETRO SPOT MUG IN BOX  RED,Kitchen
22071,SMALL RETRO SPOT MUG IN BOX  WHITE,Kitchen
22072,TEA CUP AND SAUCER RETRO SPOT,Kitchen
22073,RETRO SPOT STORAGE JAR,Storage
22074,6 RIBBONS SHIMMERING PINKS,Other
22075,6 RIBBONS ELEGANT CHRISTMAS,Other
22076,6 RIBBONS EMPIRE,Other
22077,6 RIBBONS RUSTIC CHARM,Other
22078,RIBBON REEL LACE DESIGN,Other
22079,RIBBON REEL HEARTS DESIGN,Decoration
22080,RIBBON REEL SPOTS DESIGN,Other
22081,RIBBON REEL FLORA + FAUNA,Other
22082,RIBBON REEL STRIPES DESIGN,Other
22083,PAPER CHAIN KIT RETRO SPOT,Other
22084,PAPER CHAIN KIT EMPIRE,Other
22085,PAPER CHAIN KIT SKULLS,Other
22086,PAPER CHAIN KIT 50'S CHRISTMAS,Other
22087,PAPER BUNTING WHITE LACE,Decoration
22088,PAPER BUNTING COLOURED LACE,Decoration
22089,PAPER BUNTING VINTAGE PAISLEY,Decoration
22090,PAPER BUNTING RETRO SPOTS,Decoration
22091,EMPIRE TISSUE BOX,Storage
22092,BLUE PAISLEY TISSUE BOX,Storage
22093,MOTORING TISSUE BOX,Storage
22094,RED POLKA DOT TISSUE BOX,Storage
22095,LADS ONLY TISSUE BOX,Storage
22096,PINK PAISLEY SQUARE TISSUE BOX,Storage
22097,SWALLOW SQUARE TISSUE BOX,Storage
22098,BOUDOIR SQUARE TISSUE BOX,Storage
22099,CARAVAN SQUARE TISSUE BOX,Storage
22100,SKULLS SQUARE TISSUE BOX,Storage
22101,MIRROR MOSAIC VOTIVE HOLDER,Decoration
22102,MIRROR MOSAIC T-LIGHT HOLDER,Lighting
22103,MIRROR MOSAIC T-LIGHT HOLDER ROUND,Lighting
22104,MIRROR MOSAIC CANDLE PLATE,Lighting
22105,MIRROR MOSAIC GOBLET CANDLE HOLDER,Lighting
22106,MIRROR MOSAIC HURRICANE LAMP,Decoration
22107,PIZZA PLATE IN BOX,Kitchen
22108,PING! MICROWAVE PLATE,Kitchen
22109,FULL ENGLISH BREAKFAST PLATE,Kitchen
22110,BIRD HOUSE HOT WATER BOTTLE,Other
22111,SCOTTIE DOG HOT WATER BOTTLE,Other
22112,CHOCOLATE HOT WATER BOTTLE,Other
22114,HOT WATER BOTTLE TEA AND SYMPATHY,Kitchen
22115,METAL SIGN EMPIRE TEA,Kitchen
22116,METAL SIGN HIS DINNER IS SERVED,Decoration
22117,METAL SIGN HER DINNER IS SERVED,Decoration
22118,JOY WOODEN BLOCK LETTERS,Other
22119,PEACE WOODEN BLOCK LETTERS,Other
22120,WELCOME  WOODEN BLOCK LETTERS,Other
22121,NOEL WOODEN BLOCK LETTERS,Other
22122,SET OF 2 FANCY FONT TEA TOWELS,Kitchen
22123,PING MICROWAVE APRON,Other
22124,SET OF 2 TEA TOWELS PING MICROWAVE,Kitchen
22125,UNION JACK HOT WATER BOTTLE,Other
22127,PARTY CONES CARNIVAL ASSORTED,Other
22128,PARTY CONES CANDY ASSORTED,Other
22129,PARTY CONES CANDY TREE DECORATION,Decoration
22130,PARTY CONE CHRISTMAS DECORATION,Decoration
22131,FOOD CONTAINER SET 3 LOVE HEART,Decoration
22132,RED LOVE HEART SHAPE CUP,Decoration
22133,PINK LOVE HEART SHAPE CUP,Decoration
22134,LADLE LOVE HEART RED,Decoration
22135,LADLE LOVE HEART PINK,Decoration
22136,LOVE HEART SOCK HANGER,Decoration
22137,BATHROOM SET LOVE HEART DESIGN,Decoration
22138,BAKING SET 9 PIECE RETROSPOT,Kitchen
22139,RETRO SPOT TEA SET CERAMIC 11 PC,Kitchen
22143,CHRISTMAS CRAFT HEART DECORATIONS,Decoration
22144,CHRISTMAS CRAFT LITTLE FRIENDS,Other
22145,CHRISTMAS CRAFT HEART STOCKING,Decoration
22146,EASTER CRAFT IVY WREATH WITH CHICK,Other
22147,FELTCRAFT BUTTERFLY HEARTS,Decoration
22148,EASTER CRAFT 4 CHICKS,Other
22149,FELTCRAFT 6 FLOWER FRIENDS,Other
22150,3 STRIPEY MICE FELTCRAFT,Other
22151,PLACE SETTING WHITE HEART,Decoration
22152,PLACE SETTING WHITE STAR,Other
22153,ANGEL DECORATION STARS ON DRESS,Decoration
22154,ANGEL DECORATION 3 BUTTONS,Decoration
22155,STAR DECORATION RUSTIC,Decoration
22156,HEART DECORATION WITH PEARLS,Decoration
22157,ANGEL DECORATION WITH LACE PADDED,Decoration
22158,3 HEARTS HANGING DECORATION RUSTIC,Decoration
22161,HEART DECORATION RUSTIC HANGING,Decoration
22162,HEART GARLAND RUSTIC PADDED,Decoration
22163,HEART STRING MEMO HOLDER HANGING,Decoration
22164,STRING OF STARS CARD HOLDER,Other
22165,"DIAMANTE HEART SHAPED WALL MIRROR,",Decoration
22166,"WALL MIRROR , RECT DIAMANTE, PINK/",Decoration
22167,"WALL MIRROR , DIAMANTE OVAL SHAPE",Decoration
22168,ORGANISER WOOD ANTIQUE WHITE,Other
22169,FAMILY ALBUM WHITE PICTURE FRAME,Decoration
22170,PICTURE FRAME WOOD TRIPLE PORTRAIT,Decoration
22171,3 HOOK PHOTO SHELF ANTIQUE WHITE,Other
22172,METAL SHELF WITH RAIL,Other
22173,METAL 4 HOOK HANGER FRENCH CHATEAU,Other
22174,PHOTO CUBE,Other
22175,PINK OWL SOFT TOY,Other
22176,BLUE OWL SOFT TOY,Other
22177,5 HOOK BLACKBOARD ORGANISER,Other
22178,VICTORIAN GLASS HANGING T-LIGHT,Lighting
22179,SET 10 LIGHTS NIGHT OWL,Other
22180,RETRO SPOT LAMP,Other
22181,SNOWSTORM PHOTO FRAME FRIDGE MAGNET,Decoration
22182,CAKE STAND VICTORIAN FILIGREE SMALL,Kitchen
22183,CAKE STAND VICTORIAN FILIGREE MED,Kitchen
22184,CAKE STAND VICTORIAN FILIGREE LARGE,Kitchen
22185,SLATE TILE NATURAL HANGING,Other
22186,RED STAR CARD HOLDER,Other
22187,GREEN CHRISTMAS TREE CARD HOLDER,Other
22188,BLACK HEART CARD HOLDER,Decoration
22189,CREAM HEART CARD HOLDER,Decoration
22190,LOCAL CAFE MUG,Kitchen
22191,EAU DE NIL DINER WALL CLOCK,Other
22192,BLUE DINER WALL CLOCK,Other
22193,RED DINER WALL CLOCK,Other
22194,BLACK DINER WALL CLOCK,Other
22195,LARGE HEART MEASURING SPOONS,Decoration
22196,SMALL HEART MEASURING SPOONS,Decoration
22197,SMALL POPCORN HOLDER,Other
22198,LARGE POPCORN HOLDER,Other
22199,FRYING PAN RED POLKADOT,Other
22200,FRYING PAN PINK POLKADOT,Other
22201,FRYING PAN BLUE POLKADOT,Other
22202,MILK PAN PINK RETROSPOT,Other
22203,MILK PAN RED RETROSPOT,Other
22204,MILK PAN BLUE RETROSPOT,Other
22207,FRYING PAN UNION FLAG,Other
22208,WOOD STAMP SET THANK YOU,Other
22209,WOOD STAMP SET HAPPY BIRTHDAY,Other
22210,WOOD STAMP SET BEST WISHES,Other
22211,WOOD STAMP SET FLOWERS,Other
22212,FOUR HOOK  WHITE LOVEBIRDS,Other
22214,CANDLE PLATE LACE WHITE,Lighting
22215,CAKE STAND WHITE TWO TIER LACE,Kitchen
22216,T-LIGHT HOLDER WHITE LACE,Lighting
22217,T-LIGHT HOLDER HANGING LACE,Lighting
22218,CAKE STAND LACE WHITE,Kitchen
22219,LOVEBIRD HANGING DECORATION WHITE,Decoration
22220,CAKE STAND LOVEBIRD 2 TIER WHITE,Kitchen
22221,CAKE STAND LOVEBIRD 2 TIER PINK,Kitchen
22222,CAKE PLATE LOVEBIRD WHITE,Kitchen
22223,CAKE PLATE LOVEBIRD PINK,Kitchen
22224,WHITE LOVEBIRD LANTERN,Lighting
22227,"DECORATION, HANGING HEART+MIRROR",Decoration
22228,BUNNY WOODEN PAINTED WITH BIRD,Other
22229,BUNNY WOODEN PAINTED WITH FLOWER,Other
22230,JIGSAW TREE WITH WATERING CAN,Other
22231,JIGSAW TREE WITH BIRDHOUSE,Other
22232,JIGSAW TOADSTOOLS 3 PIECE,Other
22233,JIGSAW RABBIT AND BIRDHOUSE,Other
22236,CAKE STAND 3 TIER MAGIC GARDEN,Kitchen
22241,GARLAND WOODEN HAPPY EASTER,Other
22242,"HOOK, 5 HANGER , MAGIC TOADSTOOL",Other
22243,"HOOK, 5 HANGER ,MAGIC TOADSTOOL RED",Other
22244,"HOOK, 3 HANGER ,MAGIC GARDEN",Other
22245,"HOOK, 1 HANGER ,MAGIC GARDEN",Other
22246,"GARLAND, MAGIC GARDEN 1.8M",Other
22247,BUNNY DECORATION MAGIC GARDEN,Decoration
22248,DECORATION  PINK CHICK MAGIC GARDEN,Decoration
22249,DECORATION WHITE CHICK MAGIC GARDEN,Decoration
22250,DECORATION  BUTTERFLY  MAGIC GARDEN,Decoration
22251,BIRDHOUSE DECORATION MAGIC GARDEN,Decoration
22252,BIRDCAGE DECORATION TEALIGHT HOLDER,Decoration
22253,6 CROCHET STRAWBERRIES,Other
22254,FELT TOADSTOOL LARGE,Other
22255,FELT TOADSTOOL  SMALL,Other
22256,FELT FARM ANIMAL CHICKEN,Other
22257,FELT FARM ANIMAL SHEEP,Other
22258,FELT FARM ANIMAL RABBIT,Other
22259,FELT FARM ANIMAL HEN,Other
22260,FELT EGG COSY BLUE RABBIT,Other
22261,FELT EGG COSY WHITE RABBIT,Other
22262,FELT EGG COSY CHICKEN,Other
22263,FELT EGG COSY LADYBIRD,Other
22264,FELT FARM ANIMAL WHITE BUNNY,Other
22265,EASTER DECORATION NATURAL CHICK,Decoration
22266,EASTER DECORATION HANGING BUNNY,Decoration
22267,EASTER DECORATION EGG BUNNY,Decoration
22268,EASTER DECORATION SITTING BUNNY,Decoration
22269,EGG CUP NATURAL CHICKEN,Other
22270,HAPPY EASTER HANGING DECORATION,Decoration
22271,FELTCRAFT DOLL ROSIE,Other
22272,FELTCRAFT DOLL MARIA,Other
22273,FELTCRAFT DOLL MOLLY,Other
22274,FELTCRAFT DOLL EMILY,Other
22275,WEEKEND BAG VINTAGE ROSE PAISLEY,Storage
22276,WASH BAG VINTAGE ROSE PAISLEY,Storage
22277,COSMETIC BAG VINTAGE ROSE PAISLEY,Storage
22278,OVERNIGHT BAG VINTAGE ROSE PAISLEY,Storage
22279,POCKET BAG BLUE PAISLEY RED SPOT,Storage
22280,POCKET BAG PINK PAISELY BROWN SPOT,Storage
22281,EASTER TREE YELLOW BIRDS,Other
22282,12 EGG HOUSE PAINTED WOOD,Other
22283,6 EGG HOUSE PAINTED WOOD,Other
22284,HEN HOUSE DECORATION,Decoration
22285,"DECORATION HEN ON NEST, HANGING",Decoration
22286,"DECORATION , WOBBLY RABBIT , METAL",Decoration
22287,"DECORATION , WOBBLY CHICKEN, METAL",Decoration
22288,"DECORATION , HANGING METAL RABBIT",Decoration
22289,"DECORATION , HANGING METAL CHICKEN",Decoration
22290,STANDING METAL RABBIT WITH EGG,Other
22291,"SPRING DEC , HANGING CHICK CREAM",Other
22292,"SPRING DEC , HANGING CHICK  YELLOW",Other
22293,"SPRING DEC , HANGING CHICK  GREEN",Other
22294,HEART FILIGREE DOVE  SMALL,Decoration
22295,HEART FILIGREE DOVE LARGE,Decoration
22296,HEART IVORY TRELLIS LARGE,Decoration
22297,HEART IVORY TRELLIS SMALL,Decoration
22299,PIG KEYRING WITH LIGHT & SOUND,Other
22300,COFFEE MUG DOG + BALL DESIGN,Kitchen
22301,COFFEE MUG CAT + BIRD DESIGN,Kitchen
22302,COFFEE MUG PEARS  DESIGN,Kitchen
22303,COFFEE MUG APPLES DESIGN,Kitchen
22304,COFFEE MUG BLUE PAISLEY DESIGN,Kitchen
22305,COFFEE MUG PINK PAISLEY DESIGN,Kitchen
22307,GOLD MUG BONE CHINA TREE OF LIFE,Kitchen
22308,TEA COSY BLUE STRIPE,Kitchen
22309,TEA COSY RED  STRIPE,Kitchen
22310,KNITTED MUG COSY IVORY COLOUR,Kitchen
22311,OFFICE MUG WARMER BLACK+SILVER,Kitchen
22312,OFFICE MUG WARMER POLKADOT,Kitchen
22313,OFFICE MUG WARMER PINK,Kitchen
22314,OFFICE MUG WARMER CHOC+BLUE,Kitchen
22315,200 RED + WHITE BENDY STRAWS,Other
22316,200 BENDY SKULL STRAWS,Other
22317,FIVE CATS HANGING DECORATION,Decoration
22318,FIVE HEART HANGING DECORATION,Decoration
22319,HAIRCLIPS FORTIES FABRIC ASSORTED,Other
22320,BIRDS MOBILE VINTAGE DESIGN,Other
22321,BIRD DECORATION RED SPOT,Decoration
22322,BIRD DECORATION GREEN  SPOT,Decoration
22323,PINK POLKADOT KIDS BAG,Storage
22324,BLUE POLKADOT KIDS BAG,Storage
22325,MOBILE VINTAGE HEARTS,Decoration
22326,ROUND SNACK BOXES SET OF4 WOODLAND,Storage
22327,ROUND SNACK BOXES SET OF 4 SKULLS,Storage
22328,ROUND SNACK BOXES SET OF 4 FRUITS,Storage
22329,ROUND CONTAINER SET OF 5 RETROSPOT,Other
22330,72 ROUND PINK DOILIES,Other
22331,WOODLAND PARTY BAG + STICKER SET,Storage
22332,SKULLS PARTY BAG + STICKER SET,Storage
22333,RETRO SPORT PARTY BAG + STICKER SET,Storage
22334,DINOSAUR PARTY BAG + STICKER SET,Storage
22335,HEART DECORATION PAINTED ZINC,Decoration
22336,DOVE DECORATION PAINTED ZINC,Decoration
22337,ANGEL DECORATION PAINTED ZINC,Decoration
22338,STAR DECORATION PAINTED ZINC,Decoration
22339,CHRISTMAS TREE PAINTED ZINC,Other
22340,NOEL GARLAND PAINTED ZINC,Other
22341,LOVE GARLAND PAINTED ZINC,Other
22342,HOME GARLAND PAINTED ZINC,Other
22343,PARTY PIZZA DISH RED WHITE SPOT,Other
22344,PARTY PIZZA DISH PINK WHITE SPOT,Other
22345,PARTY PIZZA DISH BLUE WHITE SPOT,Other
22346,PARTY PIZZA DISH GREEN WHITE SPOT,Other
22347,PIZZA SLICE DISH,Other
22348,TEA BAG PLATE RED SPOTTY,Kitchen
22349,"DOG BOWL , CHASING BALL DESIGN",Kitchen
22350,CAT BOWL,Kitchen
22352,LUNCHBOX WITH CUTLERY RETROSPOT,Other
22353,LUNCHBOX WITH CUTLERY FAIRY CAKES,Kitchen
22354,RETRO SPOT PADDED SEAT CUSHION,Decoration
22355,"CHARLOTTE BAG , SUKI DESIGN",Storage
22356,"CHARLOTTE BAG , PINK/WHITE SPOTS",Storage
22357,KINGS CHOICE BISCUIT TIN,Other
22358,KINGS CHOICE TEA CADDY,Kitchen
22359,GLASS JAR KINGS CHOICE,Other
22360,GLASS JAR ENGLISH CONFECTIONERY,Other
22361,GLASS JAR DAISY FRESH COTTON WOOL,Other
22362,GLASS JAR PEACOCK BATH SALTS,Other
22363,GLASS JAR MARMALADE,Other
22364,GLASS JAR DIGESTIVE BISCUITS,Other
22365,DOOR MAT RESPECTABLE HOUSE,Other
22366,DOOR MAT AIRMAIL,Other
22367,CHILDS APRON SPACEBOY DESIGN,Other
22371,AIRLINE BAG VINTAGE TOKYO 78,Storage
22372,AIRLINE BAG VINTAGE WORLD CHAMPION,Storage
22374,AIRLINE BAG VINTAGE JET SET RED,Storage
22375,AIRLINE BAG VINTAGE JET SET BROWN,Storage
22376,AIRLINE BAG VINTAGE JET SET WHITE,Storage
22377,BOTTLE BAG RETROSPOT,Storage
22378,WALL TIDY RETROSPOT,Other
22379,RECYCLING BAG RETROSPOT,Storage
22380,TOY TIDY SPACEBOY,Other
22381,TOY TIDY PINK RETROSPOT,Other
22382,LUNCH BAG SPACEBOY DESIGN,Storage
22383,LUNCH BAG SUKI  DESIGN,Storage
22384,LUNCH BAG PINK RETROSPOT,Storage
22385,JUMBO BAG SPACEBOY DESIGN,Storage
22386,JUMBO BAG PINK WITH WHITE SPOTS,Storage
22389,PAPERWEIGHT SAVE THE PLANET,Other
22390,PAPERWEIGHT CHILDHOOD MEMORIES,Other
22391,PAPERWEIGHT HOME SWEET HOME,Other
22393,PAPERWEIGHT VINTAGE COLLAGE,Other
22394,PAPERWEIGHT KINGS CHOICE,Other
22395,PAPERWEIGHT VINTAGE PAISLEY,Other
22396,MAGNETS PACK OF 4 RETRO PHOTO,Other
22398,MAGNETS PACK OF 4 SWALLOWS,Other
22399,MAGNETS PACK OF 4 CHILDHOOD MEMORY,Other
22400,MAGNETS PACK OF 4 HOME SWEET HOME,Other
22402,MAGNETS PACK OF 4 VINTAGE COLLAGE,Other
22403,MAGNETS PACK OF 4 VINTAGE LABELS,Other
22405,MONEY BOX POCKET MONEY DESIGN,Storage
22406,MONEY BOX KINGS CHOICE DESIGN,Storage
22407,MONEY BOX FIRST ADE DESIGN,Storage
22408,MONEY BOX CONFECTIONERY DESIGN,Storage
22409,MONEY BOX BISCUITS DESIGN,Storage
22410,MONEY BOX HOUSEKEEPING DESIGN,Storage
22411,JUMBO SHOPPER VINTAGE RED PAISLEY,Storage
22412,METAL SIGN NEIGHBOURHOOD WITCH,Decoration
22413,METAL SIGN TAKE IT OR LEAVE IT,Decoration
22414,DOOR MAT NEIGHBOURHOOD WITCH,Other
22415,WHITE TISSUE REAM,Other
22416,36 DOILIES SPACEBOY DESIGN,Other
22417,PACK OF 60 SPACEBOY CAKE CASES,Kitchen
22423,REGENCY CAKESTAND 3 TIER,Kitchen
22426,ENAMEL WASH BOWL CREAM,Kitchen
22428,ENAMEL FIRE BUCKET CREAM,Other
22429,ENAMEL MEASURING JUG CREAM,Other
22431,WATERING CAN BLUE ELEPHANT,Other
22432,WATERING CAN PINK BUNNY,Other
22433,WATERING CAN GREEN DINOSAUR,Other
22434,BALLOON PUMP WITH 10 BALLOONS,Other
22435,SET OF 9 HEART SHAPED BALLOONS,Decoration
22436,12 COLOURED PARTY BALLOONS,Other
22437,SET OF 9 BLACK SKULL BALLOONS,Other
22438,BALLOON ART MAKE YOUR OWN FLOWERS,Other
22439,6 ROCKET BALLOONS,Other
22440,BALLOON WATER BOMB PACK OF 35,Other
22441,GROW YOUR OWN BASIL IN ENAMEL MUG,Kitchen
22442,GROW YOUR OWN FLOWERS SET OF 3,Other
22443,GROW YOUR OWN HERBS SET OF 3,Other
22444,GROW YOUR OWN PLANT IN A CAN,Other
22445,PENCIL CASE LIFE IS BEAUTIFUL,Other
22446,PIN CUSHION RUSSIAN DOLL PINK,Decoration
22447,PIN CUSHION RUSSIAN DOLL BLUE,Decoration
22448,PIN CUSHION RUSSIAN DOLL RED,Decoration
22449,SILK PURSE RUSSIAN DOLL PINK,Other
22450,SILK PURSE RUSSIAN DOLL BLUE,Other
22451,SILK PURSE RUSSIAN DOLL RED,Other
22452,MEASURING TAPE RUSSIAN DOLL PINK,Other
22453,MEASURING TAPE RUSSIAN DOLL BLUE,Other
22454,MEASURING TAPE RUSSIAN DOLL RED,Other
22456,NATURAL SLATE CHALKBOARD LARGE,Other
22457,NATURAL SLATE HEART CHALKBOARD,Decoration
22458,CAST IRON HOOK GARDEN FORK,Other
22459,CAST IRON HOOK GARDEN TROWEL,Other
22460,EMBOSSED GLASS TEALIGHT HOLDER,Other
22461,SAVOY ART DECO CLOCK,Other
22464,HANGING METAL HEART LANTERN,Lighting
22465,HANGING METAL STAR LANTERN,Lighting
22466,FAIRY TALE COTTAGE NIGHTLIGHT,Other
22467,GUMBALL COAT RACK,Other
22468,BABUSHKA LIGHTS STRING OF 10,Other
22469,HEART OF WICKER SMALL,Decoration
22470,HEART OF WICKER LARGE,Decoration
22471,TV DINNER TRAY AIR HOSTESS,Other
22472,TV DINNER TRAY DOLLY GIRL,Other
22473,TV DINNER TRAY VINTAGE PAISLEY,Other
22474,SPACEBOY TV DINNER TRAY,Other
22475,SKULL DESIGN TV DINNER TRAY,Other
22476,EMPIRE UNION JACK TV DINNER TRAY,Other
22477,WATERING CAN GARDEN MARKER,Other
22478,BIRDHOUSE GARDEN MARKER,Other
22479,DAISY GARDEN MARKER,Other
22480,RED TEA TOWEL CLASSIC DESIGN,Kitchen
22481,BLACK TEA TOWEL CLASSIC DESIGN,Kitchen
22482,BLUE TEA TOWEL CLASSIC DESIGN,Kitchen
22483,RED GINGHAM TEDDY BEAR,Other
22485,SET OF 2 WOODEN MARKET CRATES,Other
22486,PLASMATRONIC LAMP,Other
22487,WHITE WOOD GARDEN PLANT LADDER,Other
22488,NATURAL SLATE RECTANGLE CHALKBOARD,Other
22489,PACK OF 12 TRADITIONAL CRAYONS,Other
22494,EMERGENCY FIRST AID TIN,Other
22495,SET OF 2 ROUND TINS CAMEMBERT,Other
22496,SET OF 2 ROUND TINS DUTCH CHEESE,Other
22497,SET OF 2 TINS VINTAGE BATHROOM,Other
22498,WOODEN REGATTA BUNTING,Decoration
22499,WOODEN UNION JACK BUNTING,Decoration
22500,SET OF 2 TINS JARDIN DE PROVENCE,Other
22503,CABIN BAG VINTAGE PAISLEY,Storage
22505,MEMO BOARD COTTAGE DESIGN,Other
22507,MEMO BOARD RETROSPOT  DESIGN,Other
22508,DOORSTOP RETROSPOT HEART,Decoration
22509,SEWING BOX RETROSPOT DESIGN,Storage
22510,DOORSTOP RUSSIAN DOLL GINGHAM,Other
22511,DOORSTOP RUSSIAN DOLL RETROSPOT,Other
22512,DOORSTOP RACING CAR DESIGN,Other
22513,DOORSTOP FOOTBALL DESIGN,Other
22514,CHILDS GARDEN SPADE BLUE,Other
22515,CHILDS GARDEN SPADE PINK,Other
22516,CHILDS GARDEN RAKE BLUE,Other
22517,CHILDS GARDEN RAKE PINK,Other
22518,CHILDS GARDEN BRUSH BLUE,Other
22519,CHILDS GARDEN BRUSH PINK,Other
22520,CHILDS GARDEN TROWEL BLUE,Other
22521,CHILDS GARDEN TROWEL PINK,Other
22522,CHILDS GARDEN FORK BLUE,Other
22523,CHILDS GARDEN FORK PINK,Other
22524,CHILDRENS GARDEN GLOVES BLUE,Other
22525,CHILDRENS GARDEN GLOVES PINK,Other
22526,WHEELBARROW FOR CHILDREN,Other
22528,GARDENERS KNEELING PAD,Other
22529,MAGIC DRAWING SLATE GO TO THE FAIR,Other
22530,MAGIC DRAWING SLATE DOLLY GIRL,Other
22531,MAGIC DRAWING SLATE CIRCUS PARADE,Other
22532,MAGIC DRAWING SLATE LEAP FROG,Other
22533,MAGIC DRAWING SLATE BAKE A CAKE,Kitchen
22534,MAGIC DRAWING SLATE SPACEBOY,Other
22535,MAGIC DRAWING SLATE BUNNIES,Other
22536,MAGIC DRAWING SLATE PURDEY,Other
22537,MAGIC DRAWING SLATE DINOSAUR,Other
22538,MINI JIGSAW GO TO THE FAIR,Other
22539,MINI JIGSAW DOLLY GIRL,Other
22540,MINI JIGSAW CIRCUS PARADE,Other
22541,MINI JIGSAW LEAP FROG,Other
22543,MINI JIGSAW BAKE A CAKE,Kitchen
22544,MINI JIGSAW SPACEBOY,Other
22545,MINI JIGSAW BUNNIES,Other
22546,MINI JIGSAW PURDEY,Other
22547,MINI JIGSAW DINOSAUR,Other
22548,HEADS AND TAILS SPORTING FUN,Other
22549,PICTURE DOMINOES,Other
22550,HOLIDAY FUN LUDO,Other
22551,PLASTERS IN TIN SPACEBOY,Other
22553,PLASTERS IN TIN SKULLS,Other
22554,PLASTERS IN TIN WOODLAND ANIMALS,Other
22555,PLASTERS IN TIN STRONGMAN,Other
22556,PLASTERS IN TIN CIRCUS PARADE,Other
22557,PLASTERS IN TIN VINTAGE PAISLEY,Other
22558,CLOTHES PEGS RETROSPOT PACK 24,Other
22559,SEASIDE FRISBEE,Other
22560,TRADITIONAL MODELLING CLAY,Other
22561,WOODEN SCHOOL COLOURING SET,Other
22562,MONSTERS STENCIL CRAFT,Other
22563,HAPPY STENCIL CRAFT,Other
22564,ALPHABET STENCIL CRAFT,Other
22565,FELTCRAFT HAIRBANDS PINK AND WHITE,Other
22566,FELTCRAFT HAIRBAND PINK AND PURPLE,Other
22567,20 DOLLY PEGS RETROSPOT,Other
22568,FELTCRAFT CUSHION OWL,Decoration
22569,FELTCRAFT CUSHION BUTTERFLY,Decoration
22570,FELTCRAFT CUSHION RABBIT,Decoration
22582,PACK OF 6 SWEETIE GIFT BOXES,Storage
22583,PACK OF 6 HANDBAG GIFT BOXES,Storage
22584,PACK OF 6 PANNETONE GIFT BOXES,Storage
22585,PACK OF 6 BIRDY GIFT TAGS,Other
22586,FELTCRAFT HAIRBAND PINK AND BLUE,Other
22587,FELTCRAFT HAIRBAND RED AND BLUE,Other
22605,WOODEN CROQUET GARDEN SET,Other
22606,WOODEN SKITTLES GARDEN SET,Other
22607,WOODEN ROUNDERS GARDEN SET,Other
22608,PENS ASSORTED FUNKY JEWELED,Other
22609,PENS ASSORTED SPACEBALL,Other
22610,PENS ASSORTED FUNNY FACE,Other
22611,VINTAGE UNION JACK SHOPPING BAG,Storage
22612,TEA COSY VINTAGE UNION JACK,Kitchen
22617,BAKING SET SPACEBOY DESIGN,Kitchen
22618,COOKING SET RETROSPOT,Other
22626,BLACK KITCHEN SCALES,Other
22631,CIRCUS PARADE LUNCHBOX,Other
22657,HEN & 2 CHICKS IN BASKET,Storage
22659,LUNCHBOX I LOVE LONDON,Other
22719,"GUMBALL COATHOOK., BLACK & WHITE",Other
35001B,HAND OPEN SHAPE BLACK,Other
35001G,HAND OPEN SHAPE GOLD,Other
35001W,HAND OPEN SHAPE DECO.WHITE,Other
35004B,SET OF 3 BLACK FLYING DUCKS,Other
35004C,SET OF 3 COLOURED  FLYING DUCKS,Other
35004G,SET OF 3 GOLD FLYING DUCKS,Other
35004P,SET OF 3 PINK FLYING DUCKS,Other
35015,JACOBS LADDER SMALL,Other
35085E,IVORY ROSE LAMPSHADE,Other
35095A,BLUE VICTORIAN FABRIC OVAL BOX,Storage
35095B,RED VICTORIAN FABRIC OVAL BOX,Storage
35096A,BLUE VICTORIAN FABRIC HEART BOX,Storage
35096B,RED VICTORIAN FABRIC HEART BOX,Storage
35160,BUDDHA INCENSE HOLDER ASSORTED,Other
35233,PASTA ENAMEL/BRASS CONTAINER,Other
35241,ENAMEL BLUE RIM BISCUIT BIN,Other
35400,WOODEN BOX ADVENT CALENDAR,Storage
35443,RASTA IN BATH W SPLIFF ASHTRAY,Other
35471A,SET OF 3 BIRD L.BLUE FEATHER,Other
35471D,SET OF 3 BIRD LIGHT PINK FEATHER,Other
35537,CANDLE RING W/CLEAR BEADS,Lighting
35594,WOODEN CHRISTMAS TREE 3 HANGING,Other
35598B,BLACK CHRISTMAS TREE 60CM,Other
35598D,PINK/WHITE CHRISTMAS TREE 60CM,Other
35599D,PINK AND WHITE CHRISTMAS TREE 120CM,Other
35600D,PINK AND WHITE CHRISTMAS TREE 180CM,Other
35607A,PINK FLUFFY CHRISTMAS DECORATION,Decoration
35609A,PINK FEATHER CHRISTMAS DECORATION,Decoration
35637A,IVORY STRING CURTAIN WITH POLE,Other
35637C,PINK STRING CURTAIN WITH POLE,Other
35638A,PINK AND BLACK STRING CURTAIN,Other
35638B,PINK/BLUE STRING CURTAIN,Other
35644,PAIR PINK/BLACK COATHANGERS,Other
35645,VINTAGE BEAD PINK JEWEL BOX,Storage
35646,VINTAGE BEAD PINK EVENING BAG,Storage
35647,VINTAGE BEAD PINK SHADE,Other
35648,VINTAGE BEAD PINK PURSE,Other
35649,VINTAGE BEAD COSMETIC BAG,Storage
35652,VINTAGE BEAD CHAISE LONG JEWEL BOX,Storage
35653,VINTAGE BEAD NOTEBOOK,Other
35654,VINTAGE BEAD FILLED PINK CUSHION,Decoration
35809A,ENAMEL PINK TEA CONTAINER,Kitchen
35809B,ENAMEL BLUE RIM TEA CONTAINER,Kitchen
35810A,ENAMEL PINK COFFEE CONTAINER,Other
35810B,ENAMEL BLUE RIM COFFEE CONTAINER,Other
35811A,ENAMEL PINK SUGAR CONTAINER,Other
35816B,"ACRYLIC JEWEL ANGEL,BLUE",Other
35816P,"ACRYLIC JEWEL ANGEL,PINK",Other
35818B,"ACRYLIC JEWEL ICICLE, BLUE",Other
35821B,"JEWELLED DECORATION,BLUE",Decoration
35822B,"ACRYLIC BEAD CHAIN, BLUE",Other
35822P,"ACRYLIC BEAD CHAIN, PINK",Other
35823P,"ACRYLIC BEAD GARLAND,PINK",Other
35824B,"HANGING FLOWERS+MIRROR,BLUE",Decoration
35824C,"HANGING FLOWERS+MIRROR,CLEAR",Decoration
35824P,"HANGING FLOWERS+MIRROR,PINK",Decoration
35832,WOOLLY HAT SOCK GLOVE ADVENT STRING,Other
35909A,RABBIT EASTER DECORATION,Decoration
35909B,PINK FLOWERS RABBIT EASTER,Other
35910A,MULTICOLOUR EASTER RABBIT,Other
35910B,PINK FLOWERS RABBIT EASTER,Other
35911A,MULTICOLOUR RABBIT EGG WARMER,Other
35911B,PINK/FLOWER RABBIT EGG WARMER,Other
35912B,WHITE/PINK CHICK DECORATION,Decoration
35913B,WHITE/PINK CHICK EASTER DECORATION,Decoration
35914,PINK CHICK EGG WARMER + EGG CUP,Other
35915B,BLUE KNITTED HEN,Other
35915C,PEACH KNITTED HEN,Other
35916A,YELLOW FELT HANGING HEART W FLOWER,Decoration
35916B,BLUE FELT HANGING HEART W FLOWER,Decoration
35916C,PINK FELT HANGING HEART W FLOWER,Decoration
35918B,BLUE FLORIBUNDA EGG WARMER,Other
35920,FOUR RABBIT EASTER DECORATIONS,Decoration
35921,EASTER BUNNY HANGING GARLAND,Other
35922,EASTER BUNNY WREATH,Other
35923,CANDY HEART HANGING DECORATION,Decoration
35924,HANGING FAIRY CAKE DECORATION,Kitchen
35950,FOLKART HEART CHRISTMAS DECORATIONS,Decoration
35951,FOLKART BAUBLE CHRISTMAS DECORATION,Decoration
35954,SMALL FOLKART STAR CHRISTMAS DEC,Other
35957,SMALLFOLKART BAUBLE CHRISTMAS DEC,Other
35958,FOLKART ZINC STAR CHRISTMAS DEC,Other
35961,FOLKART ZINC HEART CHRISTMAS DEC,Decoration
35962,12 ASS ZINC CHRISTMAS DECORATIONS,Decoration
35963,FOLKART ZINC CLIP ON ANGEL WINGS,Other
35965,FOLKART HEART NAPKIN RINGS,Kitchen
35966,FOLKART CHRISTMAS TREE T-LIGHT HOLD,Lighting
35967,FOLK ART METAL STAR T-LIGHT HOLDER,Lighting
35968,FOLK ART METAL HEART T-LIGHT HOLDER,Lighting
35969,FOLKART CROWN TABLE DECORATIONS,Decoration
35970,ZINC FOLKART SLEIGH BELLS,Other
35971,ROSE FOLKART HEART DECORATIONS,Decoration
35972,DAISY FOLKART HEART DECORATION,Decoration
35973,GERANIUM FOLKART HEART DECORATION,Decoration
35979,SIX STRING SCANDINAVIAN HEART DECS,Decoration
35980C,REDWHITE STRIPE SCANDINAVIAN HEART,Decoration
35981C,WHITE SNOW SCANDINAVIAN STOCKING,Other
35991,SET/6 BLACK SNOWFLAKE T-LIGHTS,Lighting
37112,YELLOW BIRDS FELT DES FOODCOVER,Other
37326,FAIRY DESIGN MUGS,Kitchen
37327,ASSTD MULTICOLOUR CIRCLES MUG,Kitchen
37330,SPOTS MUG,Kitchen
37333,"RETRO ""TEA FOR ONE""",Kitchen
37340,MULTICOLOUR SPRING FLOWER MUG,Kitchen
37342,SPOTTY COFFEE CUP & SAUCER,Other
37343,SPOTS DESIGN MUG W PINK INSIDE,Kitchen
37345,ASSTD HEARTS DESIGN MUGS,Kitchen
37348,SET OF 4 PASTEL STACKING MUGS,Kitchen
37351,ORANGE FLOWER MUG,Kitchen
37352,BIRD IN TREE MUG,Kitchen
37370,RETRO COFFEE MUGS ASSORTED,Kitchen
37379A,PINK CHERRY BLOSSOM CUP & SAUCER,Other
37379B,BLUE CHERRY BLOSSOM CUP & SAUCER,Other
37409,ASSORTED DESIGN FLOWER MUGS,Kitchen
37410,BLACK AND WHITE PAISLEY FLOWER MUG,Kitchen
37422,WHITE WITH BLACK CATS BOWL,Kitchen
37423,WHITE WITH BLACK CATS PLATE,Kitchen
37424,WHITE WITH BLACK CATS MUG,Kitchen
37441,ASSORTED WHITE EMBOSSED CHINA MUGS,Kitchen
37444A,YELLOW BREAKFAST CUP AND SAUCER,Other
37444B,BLUE BREAKFAST CUP AND SAUCER,Other
37444C,PINK BREAKFAST CUP AND SAUCER,Other
37446,MINI CAKE STAND WITH HANGING CAKES,Kitchen
37447,CERAMIC CAKE DESIGN SPOTTED PLATE,Kitchen
37448,CERAMIC CAKE DESIGN SPOTTED MUG,Kitchen
37449,CERAMIC CAKE STAND + HANGING CAKES,Kitchen
37450,CERAMIC CAKE BOWL + HANGING CAKES,Kitchen
37451,CERAMIC CAKE TEAPOT WITH CHERRY,Kitchen
37461,FUNKY MONKEY MUG,Kitchen
37462B,"PET MUG, BUDGIE",Kitchen
37462E,"PET MUG, GOLDFISH",Kitchen
37464,ROBOT MUG IN DISPLAY BOX,Kitchen
37467,PIG MUG IN TWO COLOUR DESIGNS,Kitchen
37471,MULTICOLOUR DOTS PLATE,Kitchen
37474,SET/4 2 TONE EGG SHAPE MIXING BOWLS,Kitchen
37475,SET/4 COLOURFUL MIXING BOWLS,Kitchen
37476,CONDIMENT TRAY 4 BOWLS AND 4 SPOONS,Kitchen
37477B,"FLOWER FAIRY MUG+COASTER,LAVENDER",Kitchen
37479B,CUBIC MUG FLOCK BLUE ON BROWN,Kitchen
37482B,CUBIC MUG BLUE POLKA DOT,Kitchen
37482P,CUBIC MUG PINK POLKA DOT,Kitchen
37485,ENGLISH ROSE TEA SET IN GIFT BOX,Kitchen
37488A,YELLOW PINK FLOWER DESIGN BIG BOWL,Kitchen
37489A,YELLOW/PINK FLOWER DESIGN BIG MUG,Kitchen
37489B,BLUE/YELLOW FLOWER DESIGN BIG MUG,Kitchen
37489C,GREEN/BLUE FLOWER DESIGN BIG MUG,Kitchen
37489D,PINK/GREEN FLOWER DESIGN BIG MUG,Kitchen
37491A,YELLOW/PINK CERAMIC CANDLE HOLDER,Lighting
37491B,BLUE/YELLOW CERAMIC CANDLE HOLDER,Lighting
37491C,GREEN/BLUE CERAMIC CANDLE HOLDER,Lighting
37491D,PURPLE/BLUE CERAMIC CANDLE HOLDER,Lighting
37492B,BLUE YELLOW FLOWER PIGGY BANK,Other
37492C,GREEN BLUE FLOWER PIGGY BANK,Other
37492D,PURPLE GREEN FLOWER PIGGY BANK,Other
37494A,FAIRY CAKE CERAMIC BUTTER DISH,Kitchen
37495,FAIRY CAKE BIRTHDAY CANDLE SET,Lighting
37500,TEA TIME TEAPOT IN GIFT BOX,Kitchen
37501,TEA TIME TEA SET IN GIFT BOX,Kitchen
37502,TEA TIME MUG IN GIFT BOX,Kitchen
37503,TEA TIME CAKE STAND IN GIFT BOX,Kitchen
37506,NEW ENGLAND MILK JUG W GIFT BOX,Storage
37508,NEW ENGLAND CERAMIC CAKE SERVER,Kitchen
37509,NEW ENGLAND MUG W GIFT BOX,Kitchen
40001,WHITE BAMBOO RIBS LAMPSHADE,Other
40003,WHITE BAMBOO RIBS LAMPSHADE,Other
40005B,BLUE ORGANDY ROUND LAMPSHADE W BEA,Other
40016,CHINESE DRAGON PAPER LANTERNS,Lighting
40018E,TEA TIME PAPER LANTERNS,Lighting
40018F,CHERRY DESIGN PAPERLANTERNS,Other
40046A,RED DAISY PAPER LAMPSHADE,Other
44089A,PINK GAUZE BUTTERFLY LAMPSHADE,Other
44089C,LILAC GAUZE BUTTERFLY LAMPSHADE,Other
44091A,BLUE CRUSOE CHECK LAMPSHADE,Other
44091C,MULTICOLOUR CRUSOE CHECK LAMPSHADE,Other
44217M,MULTICOLOUR FEATHERS CURTAIN,Other
44230,SQUARE MIRROR CURTAIN,Decoration
44234,ASSORTED CIRCULAR MOBILE,Other
44235,ASS COL CIRCLE MOBILE,Other
44236,PINK/PURPLE CIRCLE CURTAIN,Other
44241C,BLUE BUTTERFLY ON SPRING,Other
44242A,LILAC FEATHERS CURTAIN,Other
44242B,PINK FEATHERS CURTAIN,Other
45008C,DECORATIVE NET CANOPY CREAM,Other
45016,DECORATIVE NET CANOPY LEOPARD,Other
46000M,POLYESTER FILLER PAD 45x45cm,Other
46000P,POLYESTER FILLER PAD 65CMx65CM,Other
46000R,POLYESTER FILLER PAD 45x30cm,Other
46000S,POLYESTER FILLER PAD 40x40cm,Other
46000U,POLYESTER FILLER PAD 30CMx30CM,Other
46118,FUNKY MONKEY CUSHION COVER,Decoration
46126A,ELVIS WALLHANGING / CURTAIN,Other
46137D,GREEN CHENILLE SHAGGY RUG,Other
46138B,BLUE CHENILLE SHAGGY CUSHION COVER,Decoration
46138D,GREEN CHENILLE SHAGGY C/COVER,Other
46307,ROSES BLUE BASE CUSHION COVER,Decoration
46775A,BUBBLE GUM CHUNKY KNITTED THROW,Other
46775D,SUNSET COLOUR CHUNKY KNITTED THROW,Other
46775E,CANDY POP CHUNKY KNITTED THROW,Other
46776A,WOVEN BUBBLE GUM CUSHION COVER,Decoration
46776B,WOVEN BERRIES CUSHION COVER,Decoration
46776C,WOVEN FROST CUSHION COVER,Decoration
46776D,WOVEN SUNSET CUSHION COVER,Decoration
46776E,WOVEN CANDY CUSHION COVER,Decoration
46776F,WOVEN ROSE GARDEN CUSHION COVER,Decoration
47013A,WINE BOTTLE DRESSING LT.BLUE,Other
47016,LIGHT DECORATION BATTERY OPERATED,Decoration
47021G,SET/6 BEAD COASTERS GAUZE BAG GOLD,Storage
47310M,"SMALL POP BOX,FUNKY MONKEY",Storage
47347B,BLUE FLOWER T-LIGHT HOLDER,Lighting
47348A,FUSCHIA VOILE POINTY SHOE DEC,Other
47351B,BLUE  VOILE LAMPSHADE,Other
47367B,PAIR PADDED HANGERS PINK CHECK,Other
47369A,PINK GREEN EMBROIDERY COSMETIC BAG,Storage
47420,ASSORTED COLOUR SUCTION CUP HOOK,Other
47421,ASSORTED COLOUR LIZARD SUCTION HOOK,Other
47422,ASSORTED MONKEY SUCTION CUP HOOK,Other
47469,ASSORTED SHAPES PHOTO CLIP SILVER,Other
47471,RAINBOW PEGS PHOTO CLIP STRING,Other
47480,HANGING PHOTO CLIP ROPE LADDER,Other
47481,50CM METAL STRING WITH  7 CLIPS,Other
47502,POLKADOT CUTLERY 24 PCS IN TRAY,Other
47503A,ASS FLORAL PRINT MULTI SCREWDRIVER,Other
47503E,ASS FLORAL PRINT SCISSORS,Other
47503F,ASS FLORAL PRINT TORCH,Other
47503G,ASS FLORAL PRINT TAPE MEASURE,Other
47503H,ASS FLORAL PRINT SPIRIT LEVEL,Other
47503J,SET/3 FLORAL GARDEN TOOLS IN BAG,Storage
47503K,ASSORTED FLORAL SECATEURS,Other
47504E,ENGLISH ROSE SCISSORS,Other
47504F,ENGLISH ROSE TORCH,Other
47504G,ENGLISH ROSE TAPE MEASURE,Other
47504H,ENGLISH ROSE SPIRIT LEVEL,Other
47504K,ENGLISH ROSE GARDEN SECATEURS,Other
47505,MINATURE COLOURED GARDENING SET,Other
47518F,ICON PLACEMAT POP ART ELVIS,Other
47518f,ICON PLACEMAT POP ART ELVIS,Other
47552A,DOTS IRONING BOARD COVER,Other
47556B,TEA TIME TEA TOWELS,Kitchen
47556b,TEA TIME TEA TOWELS,Kitchen
47559B,TEA TIME OVEN GLOVE,Kitchen
47559b,TEA TIME OVEN GLOVE,Kitchen
47562,ENGLISH ROSE IRONING BOARD COVER,Other
47563A,RETRO LONGBOARD IRONING BOARD COVER,Other
47563B,WAVELINE SURF IRONING BOARD COVER,Other
47566,PARTY BUNTING,Decoration
47566B,TEA TIME PARTY BUNTING,Kitchen
47567B,TEA TIME KITCHEN APRON,Kitchen
47568,ENGLISH ROSE DESIGN PEG BAG,Storage
47570,ENGLISH ROSE TABLE CLOTH,Other
47570B,TEA TIME TABLE CLOTH,Kitchen
47574A,ENGLISH ROSE SCENTED HANGING FLOWER,Other
47574B,ENGLISH ROSE SCENTED HANGING HEART,Decoration
47578A,ENGLISH ROSE SMALL SCENTED FLOWER,Other
47579,TEA TIME BREAKFAST BASKET,Kitchen
47580,TEA TIME DES TEA COSY,Kitchen
47581B,FAIRY CAKE WICKER PICNIC BASKET,Kitchen
47583A,SET OF 3 WICKER BASKET ROSE,Storage
47583B,SET OF 3 WICKER BASKET TEA AND CAKE,Kitchen
47585A,PINK FAIRY CAKE CUSHION COVER,Kitchen
47586A,PINK FAIRY CAKE CUSHION COVER,Kitchen
47587A,PINK FAIRY CAKE COASTER,Kitchen
47589,CONGRATULATIONS BUNTING,Decoration
47590A,BLUE HAPPY BIRTHDAY BUNTING,Decoration
47590B,PINK HAPPY BIRTHDAY BUNTING,Decoration
47591A,CAROUSEL DES CHILD'S APRON,Other
47591B,SCOTTIES DES CHILD'S APRON,Other
47591C,BLUE FAIRY CAKE CHILD'S APRON,Kitchen
47591D,PINK FAIRY CAKE CHILD'S APRON,Kitchen
47592A,CAROUSEL DES CHILD'S OVERALL,Other
47592B,SCOTTIES DESIGN CHILD'S OVERALL,Other
47593A,CAROUSEL DESIGN BABY BIB,Other
47593B,SCOTTIES DESIGN BABY BIB,Other
47594A,CAROUSEL DESIGN WASHBAG,Other
47594B,SCOTTIES DESIGN WASHBAG,Other
47597,NEW ENGLAND TEATOWELS,Other
47598,NEW ENGLAND EGG WARMER,Other
47599A,PINK PARTY BAGS,Storage
47599B,BLUE PARTY BAGS,Storage
48103,DOOR MAT KISS MY.......,Other
48111,DOOR MAT 3 SMILEY CATS,Other
48116,DOOR MAT MULTICOLOUR STRIPE,Other
48129,DOOR MAT TOPIARY,Other
48138,DOOR MAT UNION FLAG,Other
48173A,DOOR MAT BLUE FLOCK,Other
48173C,DOOR MAT BLACK FLOCK,Other
48173c,DOOR MAT BLACK FLOCK,Other
48184,DOOR MAT ENGLISH ROSE,Other
48185,DOOR MAT FAIRY CAKE,Kitchen
48187,DOOR MAT NEW ENGLAND,Other
48188,DOOR MAT WELCOME PUPPIES,Other
48189,DOOR MAT FRIENDSHIP,Other
48194,DOOR MAT HEARTS,Decoration
48195,DOOR MAT GREEN PAISLEY,Other
48197,DOOR MAT BIRD ON THE WIRE,Other
51008,AFGHAN SLIPPER SOCK PAIR,Other
51012C,"FEATHER DUSTER, COAL BLACK",Other
51014A,"FEATHER PEN,HOT PINK",Other
51014C,"FEATHER PEN,COAL BLACK",Other
51014L,"FEATHER PEN,LIGHT PINK",Other
51020A,SUMMER FUN DESIGN SHOWER CAP,Other
51020B,STRIPY DESIGN SHOWER CAP,Other
62018,SOMBRERO,Other
62043B,BLUE CHECK BAG W HANDLE 34X20CM,Storage
62074B,ELEPHANT CLIP W SUCTION CUP,Other
62086A,PINK RETRO BIG FLOWER BAG,Storage
62094B,TURQ ICE CREAM BUM BAG,Storage
62095B,TURQOISE ICE CREAM SUNHAT,Other
62096A,PINK/YELLOW FLOWERS HANDBAG,Other
62096B,PURPLE/TURQ FLOWERS HANDBAG,Other
70006,LOVE HEART POCKET WARMER,Decoration
70007,HI TEC ALPINE HAND WARMER,Other
71028B,SILVER BLUE EGG T-LIGHT HOLDER,Lighting
71038,WHITE HANGING BEADS CANDLE HOLDER,Lighting
71053,WHITE METAL LANTERN,Lighting
71101E,STANDING FAIRY POLE SUPPORT,Other
71143,SILVER BOOK MARK WITH BEADS,Other
71215,METAL BASE FOR CANDLES,Lighting
71270,PHOTO CLIP LINE,Other
71279,PINK GLASS CANDLEHOLDER,Other
71403,"PINK/WHITE ""KEEP CLEAN"" BULLET BIN",Other
71406C,BLACK ORANGE SQUEEZER,Other
71434B,"BLACK RND BULLET""KEEP CLEAN"" BIN",Other
71459,HANGING JAM JAR T-LIGHT HOLDER,Lighting
71477,COLOUR GLASS. STAR T-LIGHT HOLDER,Lighting
71495A,CD WALL TIDY BLUE OFFICE,Other
71495B,CD WALL TIDY RED FLOWERS,Other
71496A,A4 WALL TIDY BLUE OFFICE,Other
71496B,A4 WALL TIDY RED FLOWERS,Other
71510,SQUARE METAL CANDLEHOLDER BASE,Other
72008,FROSTED BOX 9 WHITE T-LIGHT CANDLES,Lighting
72023F,RED ORGANIC CANDLE IN GLASS,Lighting
72024U,LILAC VOTIVE CANDLE,Lighting
72038P,PRICE'S CANDLE PEACH,Lighting
72045D,ROSES ON BLUE TEACUP CANDLE,Lighting
72051S,BAG OF SILVER STONES,Storage
72083A,STRAWBERY SWIRL FLARE CANDLE,Lighting
72084B,CHOCOLATE ICE CREAM CANDLE,Lighting
72122,COFFEE SCENT PILLAR CANDLE,Lighting
72127,COLUMBIAN CANDLE ROUND,Lighting
72128,COLUMBIAN CANDLE ROUND,Lighting
72129,COLUMBIAN CANDLE ROUND,Lighting
72130,COLUMBIAN CANDLE ROUND,Lighting
72131,COLUMBIAN CANDLE RECTANGLE,Lighting
72132,COLUMBIAN CUBE CANDLE,Lighting
72133,COLUMBIAN CANDLE RECTANGLE,Lighting
72134,COLUMBIAN  CUBE CANDLE,Lighting
72140E,BEST DAD CANDLE LETTERS,Lighting
72140F,HAPPY ANNIVERSARY CANDLE LETTERS,Lighting
72225C,LAVENDER SCENT CAKE CANDLE,Lighting
72225D,VANILLA SCENT CAKE CANDLE,Lighting
72232,FENG SHUI PILLAR CANDLE,Lighting
72267,PREMIUM CHURCH CANDLE,Lighting
72349B,SET/6 PURPLE BUTTERFLY T-LIGHTS,Lighting
72349b,SET/6 PURPLE BUTTERFLY T-LIGHTS,Lighting
72351A,SET/6 TURQUOISE BUTTERFLY T-LIGHTS,Lighting
72351B,SET/6 PINK  BUTTERFLY T-LIGHTS,Lighting
72351a,SET/6 TURQUOISE BUTTERFLY T-LIGHTS,Lighting
72369A,PINK CLEAR GLASS CANDLE PLATE,Lighting
72484,ROSES IN WHITE HEART CANDLE,Lighting
72529W,WHITE ADVENT CANDLE,Lighting
72586,"S/6 HALLOWEEN GHOST T LIGHTS, 5CM H",Other
72598,SET/12 TAPER CANDLES,Lighting
72606A,BROWN ANTIQUE CUBE CANDLE,Lighting
72708,SCULPTED ROUND IVORY CANDLE,Lighting
72709,IVORY SCULPTED RND CANDLE,Lighting
72715,SPHERICAL IVORY CANDLE,Lighting
72728,ROSE SCENT CANDLES IN GLASS,Lighting
72739B,WHITE CHOCOLATE SCENT CANDLE,Lighting
72739C,DARK CHOCOLATE SCENTCANDLE,Other
72740A,LARGE STRAWBERRY CHOCOLATE CANDLE,Lighting
72740B,LARGE WHITE CHOCOLATE CANDLE,Lighting
72741,GRAND CHOCOLATECANDLE,Other
72750A,FLOWER FAIRY SET OF 3 LILY CANDLES,Lighting
72750B,"F.FAIRY S/3 CANDLE/GLASS,LAVENDER",Lighting
72750C,"F.FAIRY S/3 CANDLE/GLASS, ROSE",Lighting
72750D,F.FAIRY S/3 CANDLE/GLASS,Lighting
72751C,"F.FAIRY S/3 SML CANDLE, ROSE",Lighting
72753A,S/3 FLWR FAIRY LILLY CANDLES,Lighting
72753B,S/3 FLWR FAIRY LAVENDER CANDLES,Lighting
72753C,S/3 FLWR FAIRY ROSE CANDLES,Lighting
72753D,S/3 FLWR FAIRY SUMMER CANDLES,Lighting
72754A,FLOWER FAIRY POTPOURRI CUSHION LILY,Decoration
72754B,F FAIRY POTPOURRI CUSHIONS LAVENDER,Decoration
72755C,FLOWER FAIRY OIL BURNER SET ROSE,Other
72755D,FLOWER FAIRY OIL BURNER SET SUMMER,Other
72756,FAIRY CAKE CANDLES,Lighting
72760B,VINTAGE CREAM 3 BASKET CAKE STAND,Kitchen
72772,SET/4 SCENTED CANDLES IN RAMEKINS,Lighting
72779,SET/6 BLACK ROSE T-LIGHT CANDLES,Lighting
72780,BLACK SILOUETTE CANDLE PLATE,Lighting
72781,BLACK SILOUETTE CANDLE PLATE,Lighting
72783,BLACK SIL'T SQU CANDLE PLATE,Lighting
72785A,S/4 CONTEMPORY PINK ROSEBUD CANDLES,Lighting
72785B,S/4 CONTEMPORY RED ROSEBUD CANDLES,Lighting
72789,BASKET/8 SCENTED LOVE TOKEN CANDLES,Lighting
72793,BLACK BOX MIRROR LANTERN,Lighting
72796A,S/3 ENGLISH LAVENDER SQU CANDLE,Lighting
72796B,S/3 FRENCH VANILLA SQU CANDLE,Lighting
72796C,S/3 ROSE GARDEN SCENT SQU CANDLE,Lighting
72798C,SET/4 GARDEN ROSE DINNER CANDLE,Lighting
72799A,BLACK PILLAR CANDLE SILVER FLOCK,Lighting
72799B,PURPLE PILLAR CANDLE BLACK FLOCK,Lighting
72799C,PINK PILLAR CANDLE SILVER FLOCK,Lighting
72799D,BLUE PILLAR CANDLE SILVER FLOCK,Lighting
72799E,IVORY PILLAR CANDLE SILVER FLOCK,Lighting
72799F,IVORY PILLAR CANDLE GOLD FLOCK,Lighting
72800A,S/4 BLACK DINNER CANDLE SILVER FLOC,Lighting
72800B,S/4 PURPLE DINNER CANDLE BLK FLOCK,Lighting
72800C,S/4 PINK DINNER CANDLE SILVER FLOCK,Lighting
72800D,S/4 BLUE DINNER CANDLE SILVER FLOCK,Lighting
72800E,4 IVORY DINNER CANDLES SILVER FLOCK,Lighting
72800F,4 IVORY DINNER CANDLES GOLD FLOCK,Lighting
72801C,S/4 ROSE PINK DINNER CANDLES,Lighting
72801D,S/4 SKY BLUE DINNER CANDLES,Lighting
72801E,S/4 FESTIVE GREEN DINNER CANDLES,Lighting
72801F,S/4 FESTIVE RED DINNER CANDLES,Lighting
72801G,S/4 BURGUNDY WINE DINNER CANDLES,Lighting
72801c,S/4 ROSE PINK DINNER CANDLES,Lighting
72801d,S/4 SKY BLUE DINNER CANDLES,Lighting
72801e,S/4 FESTIVE GREEN DINNER CANDLES,Lighting
72801g,S/4 BURGUNDY WINE DINNER CANDLES,Lighting
72802A,ROSE SCENT CANDLE IN JEWELLED BOX,Lighting
72802B,OCEAN SCENT CANDLE IN JEWELLED BOX,Lighting
72802C,VANILLA SCENT CANDLE JEWELLED BOX,Lighting
72803A,ROSE SCENT CANDLE JEWELLED DRAWER,Lighting
72803B,OCEAN SCENT CANDLE JEWELLED DRAWER,Lighting
72805,VANILLA CANDLE IN EMBOSSED ZINC POT,Lighting
72807A,SET/3 ROSE CANDLE IN JEWELLED BOX,Lighting
72807B,SET/3 OCEAN SCENT CANDLE JEWEL BOX,Lighting
72807C,SET/3 VANILLA SCENTED CANDLE IN BOX,Lighting
72807a,SET/3 ROSE CANDLE IN JEWELLED BOX,Lighting
72807c,SET/3 VANILLA SCENTED CANDLE IN BOX,Lighting
72811,SMALL ZINC/GLASS CANDLEHOLDER,Other
72812,LARGE ZINC/GLASS CANDLEHOLDER,Other
72814,SET/3 CHRISTMAS BRIAR CANDLES,Lighting
72819,CUPID DESIGN SCENTED CANDLES,Lighting
72821,CUPID SCENTED CANDLE IN GLASS,Lighting
75013B,"STRING OF 8 BUTTERFLIES,PINK",Other
75049L,LARGE CIRCULAR MIRROR MOBILE,Decoration
75131,METAL TUBE CHIME ON BAMBOO,Other
75149N,STRING CRYSTALS NATURAL,Other
75178,ASSTD COL BUTTERFLY/CRYSTAL W/CHIME,Other
77079,DOLPHIN WINDMILL,Other
77081,FLOWER WINDMILL,Other
77101A,UNION FLAG WINDSOCK,Other
78026,SEAGRASS S/3 SQU LAUNDRY BOX,Storage
78027,SEAGRASS S/2 CORNER LAUNDRY,Other
78033,FLAG OF ST GEORGE CHAIR,Other
78124,MAGAZINE RACK GEBRA ASSORTED,Other
79000,MOROCCAN TEA GLASS,Kitchen
79026B,"S/4 ICON COASTER,ELVIS LIVES",Other
79029,GLASS HONEYPOT WASP CATCHER,Other
79030D,"TUMBLER, BAROQUE",Other
79030G,"TUMBLER, NEW ENGLAND",Other
79051A,SMOKEY GREY COLOUR D.O.F. GLASS,Other
79066K,RETRO MOD TRAY,Other
79066k,RETRO MOD TRAY,Other
79067,CORONA MEXICAN TRAY,Other
79071B,ENGLISH ROSE METAL WASTE BIN,Other
79072,TEATIME CAKE TIN WITH HANDLE,Kitchen
79140,ASS WINDPROOF MARIJUANA LIGHTERS,Other
79144B,PAINTED LIGHTBULB STAR+ MOON,Other
79144C,PAINTED LIGHTBULB RAINBOW DESIGN,Other
79149B,SILICON STAR BULB  BLUE,Other
79157B,UBO-LIGHT TRIOBASE BLUE,Other
79160,HEART SHAPE WIRELESS DOORBELL,Decoration
79161A,ST GEORGE SET OF 10 PARTY LIGHTS,Other
79163,BLACK CHAMPAGNE GLASS,Other
79164,BLACK WINE GLASS,Other
79172D,PURPLE TINT ACRYLIC FLOWER VASE,Other
79190A,RETRO PLASTIC 70'S TRAY,Other
79190B,RETRO PLASTIC POLKA TRAY,Other
79190D,RETRO PLASTIC DAISY TRAY,Other
79191B,RETRO PLASTIC POLKA TRAY,Other
79191C,RETRO PLASTIC ELEPHANT TRAY,Other
79191D,RETRO PLASTIC DAISY TRAY,Other
79192A,RETRO PLASTIC 70'S TRAY,Other
79301,FEATHER HEART LIGHTS,Decoration
79302M,"ART LIGHTS,FUNK MONKEY",Other
79302m,"ART LIGHTS,FUNK MONKEY",Other
79303A,WHITE ROHMBIC BLOCK TABLE LAMP,Other
79303B,BLUE STAR BLOCK TABLE LAMP,Other
79303D,LILAC FLOWER BLOCK TABLE LAMP,Other
79315W,FLYING SAUCER TABLE LIGHT IN WHITE,Other
79320,FLAMINGO LIGHTS,Other
79321,CHILLI LIGHTS,Other
79323B,BLACK CHERRY LIGHTS,Other
79323G,GOLD  CHERRY LIGHTS,Other
79323GR,GREEN CHERRY LIGHTS,Other
79323LP,LIGHT PINK CHERRY LIGHTS,Other
79323P,PINK CHERRY LIGHTS,Other
79323S,SILVER CHERRY LIGHTS,Other
79323W,WHITE CHERRY LIGHTS,Other
79328,BLUE FLOCK GLASS CANDLEHOLDER,Other
79329,PINK FLOCK GLASS CANDLEHOLDER,Other
79331,PINK FLOCK GLASS CANDLEHOLDER,Other
79336,LIGHT PINK FLOCK GLASS CANDLEHOLDER,Other
79337,BLUE FLOCK GLASS CANDLEHOLDER,Other
79338,DARK PINK FLOCK GLASS CANDLEHOLDER,Other
79341,WILLOW BRANCH LIGHTS.,Other
79342B,BROWN FLOWER LIGHTS,Other
79342b,BROWN FLOWER LIGHTS,Other
79403,FROSTED WHITE BASE,Other
79406,FROSTED WHITE BASE,Other
79413,GLASS WINE GLASS DECORATIONS,Decoration
79534,MULTICOLOUR GLASS PLATE,Kitchen
81950B,FLOWER BLUE CLOCK W/SUCKER,Other
81950V,FLOWER PURPLE CLOCK W/SUCKER,Other
81952B,ROUND BLUE CLOCK W/SUCKER,Other
81952V,ROUND PURPLE CLOCK W/SUCKER,Other
81953P,ROUND ARTICULATED PINK CLOCK W/SUCK,Other
81985A,"ICON ALARM CLOCK,FUSCHIA  PIN UP",Other
82001S,VINYL RECORD FRAME SILVER,Decoration
82011A,"BATHROOM SCALES, TROPICAL BEACH",Other
82011B,BATHROOM SCALES RUBBER DUCKS,Other
82011C,BATHROOM SCALES FOOTPRINTS IN SAND,Other
82011E,"BATHROOM SCALES, FAG BREAK",Other
82069,BEECH WOOD P/FRAME,Decoration
82072,WHITE WOOD SINGLE P/FRAME,Decoration
82076,BEECH WOOD PHOTO FRAME,Decoration
82081,PINK HEARTS PHOTO ALBUM,Decoration
82093,HEART SHAPE BUTTON FRAME,Decoration
82095,HEART BUTTONS JEWELLERY BOX,Storage
82482,WOODEN PICTURE FRAME WHITE FINISH,Decoration
82483,WOOD 2 DRAWER CABINET WHITE FINISH,Other
82484,WOOD BLACK BOARD ANT WHITE FINISH,Other
82486,WOOD S/3 CABINET ANT WHITE FINISH,Other
82494L,WOODEN FRAME ANTIQUE WHITE,Decoration
82545A,COGNAC AUX OEUFS METAL 1 HOOK,Other
82551,LAUNDRY 15C METAL SIGN,Decoration
82552,WASHROOM METAL SIGN,Decoration
82553,POP'S GREASY SPOON METAL SIGN,Decoration
82567,"AIRLINE LOUNGE,METAL SIGN",Decoration
82578,KITCHEN METAL SIGN,Decoration
82580,BATHROOM METAL SIGN,Decoration
82581,TOILET METAL SIGN,Decoration
82582,AREA PATROLLED METAL SIGN,Decoration
82583,HOT BATHS METAL SIGN,Decoration
82585,SWEET VALENCIA CANDLE+CUP,Lighting
82587,TEXRIO TOMATOES CANDLE+CUP,Lighting
82597,BOMBS AWAY METAL SIGN,Decoration
82599,FANNY'S REST STOPMETAL SIGN,Decoration
82600,NO SINGING METAL SIGN,Decoration
82605,OLD DOC RUSSEL METAL SIGN,Decoration
82607A,GLASS BONBON JAR PARFUME AUX FLEURE,Other
82607C,GLASS BONBON JAR. SUPERFINES,Other
82607E,GLASS BONBON JAR. D'AMANDES,Other
82613A,"METAL SIGN,CUPCAKE SINGLE HOOK",Decoration
82613B,"METAL SIGN,CUPCAKE SINGLE HOOK",Decoration
82613C,"METAL SIGN,CUPCAKE SINGLE HOOK",Decoration
82613D,METAL SIGN CUPCAKE SINGLE HOOK,Decoration
82613a,"METAL SIGN,CUPCAKE SINGLE HOOK",Decoration
82613b,"METAL SIGN,CUPCAKE SINGLE HOOK",Decoration
82613c,"METAL SIGN,CUPCAKE SINGLE HOOK",Decoration
82615,PINK MARSHMALLOW SCARF KNITTING KIT,Other
82616A,BUBBLE GUM SCARF KNITTING KIT,Other
82616B,FRAPPUCINO SCARF KNITTING KIT,Other
82616C,MIDNIGHT GLAMOUR SCARF KNITTING KIT,Other
84006,MAGIC TREE -PAPER FLOWERS,Other
84007,MAGIC GARDEN MOUNT FUJI,Other
84012,MAGIC SHEEP WOOL GROWING FROM PAPER,Other
84016,FLAG OF ST GEORGE CAR FLAG,Other
84029C,BROWN FURRY HOT WATER BOTTLE,Other
84029D,LEOPARD PRINT HOT WATER BOTTLE,Other
84029E,RED WOOLLY HOTTIE WHITE HEART.,Decoration
84029G,KNITTED UNION FLAG HOT WATER BOTTLE,Other
84030B,KNITTED POM POM HOT WATER BOTTLE,Other
84030C,KNITTED RAINBOW HOT WATER BOTTLE,Other
84030E,ENGLISH ROSE HOT WATER BOTTLE,Other
84030b,KNITTED POM POM HOT WATER BOTTLE,Other
84030c,KNITTED RAINBOW HOT WATER BOTTLE,Other
84031A,CHARLIE+LOLA RED HOT WATER BOTTLE,Other
84031B,CHARLIE LOLA BLUE HOT WATER BOTTLE,Other
84032A,CHARLIE+LOLA PINK HOT WATER BOTTLE,Other
84032B,CHARLIE + LOLA RED HOT WATER BOTTLE,Other
84033,FLAG OF ST GEORGE,Other
84050,PINK HEART SHAPE EGG FRYING PAN,Decoration
84051,ASS COLOUR GLOWING TIARAS,Other
84077,WORLD WAR 2 GLIDERS ASSTD DESIGNS,Other
84078A,SET/4 WHITE RETRO STORAGE CUBES,Storage
84081,WHITE CERAMIC PARTY SET (5PCS),Other
84086C,PINK/PURPLE RETRO RADIO,Other
84192,ASSORTED COLOUR METAL CAT,Other
84199,GLOW IN DARK DOLPHINS,Other
84205C,HAPPY BIRTHDAY GINGER CAT CARD,Other
84206A,3 BLACK CATS W HEARTS BLANK CARD,Decoration
84212,"ASSORTED FLOWER COLOUR ""LEIS""",Other
84218,BOX/12 CHICK & EGG IN BASKET,Storage
84219,BOX/12 MOTHER & CHICK IN BASKET/BOW,Storage
84226,HEN HOUSE W FAMILY IN BARN & NEST,Other
84227,HEN HOUSE W CHICK IN NEST,Other
84228,HEN HOUSE W CHICK STANDING,Other
84231,EASTER BUNNY WITH BASKET ON BACK,Storage
84247C,PACK/12 BLUE REINDEER CARD,Other
84247G,"DECOUPAGE,GREETING CARD,",Other
84247H,PACK/12 DECOUPAGE CARD,Other
84247K,"FOLK ART GREETING CARD,pack/12",Other
84247L,FAWN AND MUSHROOM GREETING CARD,Other
84247N,PACK/12 BLUE FOLKART CARDS,Other
84249A,"GREETING CARD,SQUARE, DOUGHNUTS",Other
84249D,FAIRY CAKE GREETINGS CARD,Kitchen
84250M,"GREETING CARD, BLACKPOOL ROCK",Other
84251B,"GREETING CARD, STICKY GORDON",Other
84251C,"GREETING CARD, TWO SISTERS.",Other
84251F,"GREETING CARD, RITA",Other
84251G,"GREETING CARD, OVERCROWDED POOL.",Other
84251J,"GREETING CARD, THE BLACK CAT",Other
84255A,PINK GLASS COCKTAIL LAMP,Other
84255B,ORANGE COCKTAIL GLASS LAMP,Other
84270,ASSTD DESIGN BUBBLE GUM RING,Jewellery
84279B,CHERRY BLOSSOM DECORATIVE FLASK,Other
84279P,CHERRY BLOSSOM  DECORATIVE FLASK,Other
84288B,SET/2 BLUE  NOODLE BASKETS,Storage
84292,ROSE PINK METAL FOLDING CHAIR,Other
84292B,BLUE COL METAL FOLDING CHAIR,Other
84306,S/3 PINK SQUARE PLANTERS ROSES,Other
84311,CAMOFLAGE CUSHION COVER,Decoration
84313A,PINK TV TRAY TABLE,Other
84313B,BLUE TV TRAY TABLE,Other
84313C,ORANGE TV TRAY TABLE,Other
84327A,PINK JUMPER LARRY THE LAMB,Other
84341B,SMALL PINK MAGIC CHRISTMAS TREE,Other
84347,ROTATING SILVER ANGELS T-LIGHT HLDR,Lighting
84352,SILVER CHRISTMAS TREE BAUBLE STAND,Other
84356,POMPOM CURTAIN,Other
84358,FLOOR LAMP SHADE WOOD BASE,Other
84360,TABLE LAMP WHITE SHADE WOOD BASE,Other
84366,VENDETTA CANVAS PICTURE,Other
84367,LA STREGA CANVAS PICTURE,Other
84371,BIG PINK POODLE,Other
84375,SET OF 20 KIDS COOKIE CUTTERS,Other
84378,SET OF 3 HEART COOKIE CUTTERS,Decoration
84380,SET OF 3 BUTTERFLY COOKIE CUTTERS,Other
84388,WISE MAN STAR SHAPE EGG PAN,Other
84396,6 HOOK JEWELLERY STAND BLACK DRESS,Other
84402D,PINK DRESS JEWELLERY STAND,Other
84405A,S/3 PINK COL METAL BASKET W HANDLE,Storage
84406B,CREAM CUPID HEARTS COAT HANGER,Decoration
84414B,FUSCHIA/GREEN STRIPE WOOLLY BLANKET,Other
84415B,BLUE FLOCK CUSHION COVER,Decoration
84422,PINK/BLUE DISC/MIRROR STRING,Decoration
84425A,WHITE GLASS TV TRIPLE FRAME,Decoration
84427B,BLACK GLASS TV DOUBLE P/FRAME 15X10,Decoration
84429A,MEDIUM PINK BUDDHA HEAD,Other
84437A,S/6 PINK EASTER DECS IN BOX,Storage
84447,6 RABBIT CHAIN EASTER,Other
84450A,PINK RABBIT SITTING EASTER,Other
84450B,PINK/YELLOW RABBIT SAT EASTER,Other
84452,METAL RABBIT LADDER EASTER,Other
84454,WOBBLING METAL CHICKEN EASTER,Other
84455,SET OF 3 RABBIT CARROTS EASTER,Other
84456,SET OF 3 RABBIT EGG EASTER,Other
84457,SET/3 RABBITS FLOWER SKIPPPING ROPE,Other
84458,S/3 RABBIT FLOWER/EGG/CARROT ROPE,Other
84459A,PINK METAL CHICKEN HEART,Decoration
84459B,YELLOW METAL CHICKEN HEART,Decoration
84461,12 PINK HEN+CHICKS IN BASKET,Storage
84462,3 PINK HEN+CHICKS IN BASKET,Storage
84464,S/60 PINK FLUFFY CHICKS IN BOX,Storage
84465,15 PINK FLUFFY CHICKS IN BOX,Storage
84466,TOP SECRET PEN SET,Other
84467,ENGLISH ROSE DESIGN QUILTED THROW,Other
84469,ROSE DES PADDED FLOOR CUSHION,Decoration
84472,PINK AND LILAC QUILTED THROW,Other
84482,BUTTONS DESIGN JEWELLERY BOX,Storage
84497,BUTTONS AND STRIPES NOTEBOOK,Other
84499,BLACK FLOWER CANDLE PLATE,Lighting
84507B,STRIPES DESIGN MONKEY DOLL,Other
84507C,BLUE CIRCLES DESIGN MONKEY DOLL,Other
84508A,CAMOFLAGE DESIGN TEDDY,Other
84508B,STRIPES DESIGN TEDDY,Other
84508C,BLUE CIRCLES DESIGN TEDDY,Other
84509A,SET OF 4 ENGLISH ROSE PLACEMATS,Other
84509B,SET OF 4 FAIRY CAKE PLACEMATS,Kitchen
84509C,DOTTY PLACEMATS,Other
84509E,CAROUSEL PLACEMATS,Other
84509F,SET OF 4 NEW ENGLAND PLACEMATS,Other
84509G,SET OF 4 FAIRY CAKE PLACEMATS,Kitchen
84509c,SET OF 4 DOTTY PLACEMATS,Other
84510A,SET OF 4 ENGLISH ROSE COASTERS,Other
84510B,SET OF 4 FAIRY CAKES COASTERS,Kitchen
84510C,SET OF 4 POLKADOTS COASTERS,Other
84510E,SET OF 4 GREEN CAROUSEL COASTERS,Other
84510F,SET OF 4 NEW ENGLAND COASTERS,Other
84510e,SET OF 4 GREEN CAROUSEL COASTERS,Other
84519A,TOMATO CHARLIE+LOLA COASTER SET,Other
84519B,CARROT CHARLIE+LOLA COASTER SET,Other
84520B,PACK 20 ENGLISH ROSE PAPER NAPKINS,Kitchen
84520D,PACK OF 20 FAIRY CAKE PAPER NAPKINS,Kitchen
84520b,PACK 20 ENGLISH ROSE PAPER NAPKINS,Kitchen
84522,PINK PARTY SUNGLASSES,Other
84526,GIANT BLACK SUNGLASSES,Other
84527,FLAMES SUNGLASSES PINK LENSES,Other
84529A,PINK KNITTED KIDS RUCKSACK,Other
84529B,BLUE KNITTED KID'S RUCKSACK,Other
84529C,YELLOW KNITTED KIDS RUCKSACK,Other
84531A,PINK KNITTED EGG COSY,Other
84531B,BLUE KNITTED EGG COSY,Other
84532B,FAIRY CAKES RECTANGLUAR BOXES,Kitchen
84533B,FAIRY CAKES ROUND NESTING BOXES,Kitchen
84534B,FAIRY CAKE NOTEBOOK A5 SIZE,Kitchen
84535A,ENGLISH ROSE NOTEBOOK A6 SIZE,Other
84535B,FAIRY CAKES NOTEBOOK A6 SIZE,Kitchen
84536A,ENGLISH ROSE NOTEBOOK A7 SIZE,Other
84536B,FAIRY CAKES NOTEBOOK A7 SIZE,Kitchen
84536a,ENGLISH ROSE NOTEBOOK A7 SIZE,Other
84537B,FAIRY CAKES GIFT BAG,Kitchen
84539,KNITTED RABBIT DOLL,Other
84546,CROCHET POODLE KEYRING,Other
84548,CROCHET BEAR RED/BLUE  KEYRING,Other
84549,CROCHET WHITE RABBIT KEYRING,Other
84550,CROCHET LILAC/RED BEAR KEYRING,Other
84555A,YELLOW VW BEETLE CERAMIC MONEY BOX,Storage
84558A,3D DOG PICTURE PLAYING CARDS,Other
84558a,3D DOG PICTURE PLAYING CARDS,Other
84559A,3D SHEET OF DOG STICKERS,Other
84559B,3D SHEET OF CAT STICKERS,Other
84559D,3D SHEET OF SEA WORLD STICKERS,Other
84559a,3D SHEET OF DOG STICKERS,Other
84562A,PINK/WHITE RIBBED MELAMINE JUG,Other
84562B,BLUE/WHITE RIBBED MELAMINE JUG,Other
84563A,PINK & WHITE BREAKFAST TRAY,Other
84563B,BLUE & WHITE BREAKFAST TRAY,Other
84564,6 SEGMENT COLOURED SNACK BOWL,Kitchen
84567,FROSTED GLASS WITH SILVER SURROUND,Other
84568,GIRLS ALPHABET IRON ON PATCHES,Other
84569A,PACK 3 IRON ON DOG PATCHES,Other
84569B,PACK 3 FIRE ENGINE/CAR PATCHES,Other
84569C,PACK 4 FLOWER/BUTTERFLY PATCHES,Other
84569D,PACK 6 HEART/ICE-CREAM PATCHES,Decoration
84570B,WHITE SATIN DRESS JEWEL STAND,Other
84575A,PINK DOG CANNISTER,Other
84575B,BROWN DOG CANNISTER W BONE,Other
84576,BLUE CAT BISCUIT BARREL PINK HEART,Decoration
84578,ELEPHANT TOY WITH BLUE T-SHIRT,Other
84580,MOUSE TOY WITH PINK T-SHIRT,Other
84581,DOG TOY WITH PINK CROCHET SKIRT,Other
84582,PINK CROCHET CAT WITH SCARF,Other
84584,PINK GINGHAM CAT WITH SCARF,Other
84586L,"PINK ROSES/GINGHAM PATCH RABBIT 8""",Other
84592,CROCHET ROSE PURSE WITH SUEDE BACK,Other
84593,CROCHET ROSE DES CLOTHES HANGER,Other
84595B,LARGE TRIFLE DESIGN L BLUE BOWL,Kitchen
84595E,LARGE TORTILLA DESIGN RED BOWL,Kitchen
84596B,SMALL DOLLY MIX DESIGN ORANGE BOWL,Kitchen
84596E,SMALL LICORICE DES PINK BOWL,Kitchen
84596F,SMALL MARSHMALLOWS PINK BOWL,Kitchen
84596G,SMALL CHOCOLATES PINK BOWL,Kitchen
84596I,WRAP SWEETS LIGHT PINK SMALL BOWL,Kitchen
84596J,MIXED NUTS LIGHT GREEN BOWL,Kitchen
84596K,JELLY BABIES YELLOW SMALL BOWL,Kitchen
84596L,BISCUITS SMALL BOWL LIGHT BLUE,Kitchen
84596e,SMALL LICORICE DES PINK BOWL,Kitchen
84596j,MIXED NUTS LIGHT GREEN BOWL,Kitchen
84597B,RETRO BROWN BALL ASHTRAY,Other
84597C,RETRO PINK BALL ASHTRAY,Other
84598,BOYS ALPHABET IRON ON PATCHES,Other
84599,CANDY STRIPE ROSE FLOOR CUSHION,Decoration
84600,NEW BAROQUE JEWELLERY BOX,Storage
84601A,NEW BAROQUE IVORY CUSHION COVER,Decoration
84608,ORNATE EDWARDIAN CANDLE HOLDER,Lighting
84609,TALL ROCOCO CANDLE HOLDER,Lighting
84611B,BLACK NEW BAROQUE FLOCK BOX,Storage
84612B,SET/4 BLACK  BAROQUE FLOCK COASTER,Other
84613A,PINK NEW BAROQUE FLOCK CANDLESTICK,Other
84613C,BLUE NEW BAROQUE FLOCK CANDLESTICK,Other
84614A,PINK BAROQUE FLOCK CANDLE HOLDER,Lighting
84614C,BLUE BAROQUE FLOCK CANDLE HOLDER,Lighting
84615,PINK ROUND BUTTERFLY MIRROR,Decoration
84616,SILVER ROCCOCO CHANDELIER,Other
84617,NEW BAROQUE BLACK BOXES,Storage
84619,BLUE GINGHAM ROSE QUILT,Other
84620,BLUE GINGHAM ROSE CUSHION COVER,Decoration
84621,BLUE GINGHAM ROSE FLOOR CUSHION,Decoration
84622,PINK GINGHAM ROSE CUSHION COVER,Decoration
84623,PINK GINGHAM ROSE FLOOR CUSHION,Decoration
84625A,PINK NEW BAROQUECANDLESTICK CANDLE,Lighting
84625B,BLCK NEW BAROQUE CANDLESTICK CANDLE,Lighting
84625C,BLUE NEW BAROQUE CANDLESTICK CANDLE,Lighting
84625D,WHITE NEWBAROQUE CANDLESTICK CANDLE,Lighting
84627,CANDY STRIPE ROSE C/COVER,Other
84629,WHITE 3 FRAME BIRDS AND TREE,Decoration
84630,FLOWERS AND BIRDS WALL PLAQUE,Other
84631,FRUIT TREE AND BIRDS WALL PLAQUE,Other
84632,DECORATIVE HANGING SHELVING UNIT,Other
84637,KITCHEN FLOWER POTS WALL PLAQUE,Other
84638,SMALL KITCHEN FLOWER POTS PLAQUE,Other
84653,GREEN ROSE QUILT,Other
84656,WHITE ROSE C/COVER,Other
84657,GREEN ROSE CUSHION COVER,Decoration
84658,WHITE STITCHED CUSHION COVER,Decoration
84659A,WHITE TRAVEL ALARM CLOCK,Other
84660A,WHITE STITCHED WALL CLOCK,Other
84660B,BLACK STITCHED WALL CLOCK,Other
84660C,PINK STITCHED WALL CLOCK,Other
84661A,WHITE SQUARE TABLE CLOCK,Other
84661B,BLACK SQUARE TABLE CLOCK,Other
84661C,PINK SQUARE TABLE CLOCK,Other
84661c,PINK SQUARE TABLE CLOCK,Other
84663A,GRASS HOPPER WOODEN WALL CLOCK,Other
84664,CHERRY BLOSSOM BATHROOM CABINET,Other
84665,SQUARE CHERRY BLOSSOM CABINET,Other
84666,SQUARE CHERRY BLOSSOM CABINET,Other
84670,JAPANESE CROCHETED ANIMAL,Other
84671B,CROCHET BEAR WITH BLUE STRIPES,Other
84673A,PINK FLY SWAT,Other
84673B,BLUE FLY SWAT,Other
84674,FLYING PIG WATERING CAN,Other
84675,FROG KING WATERING CAN,Other
84676,BATH DUCK WATERING CAN,Other
84678,CLASSICAL ROSE SMALL VASE,Other
84679,CLASSICAL ROSE TABLE LAMP,Other
84680,CLASSICAL ROSE URN,Other
84682,CLASSICAL ROSE DISH,Other
84683,CLASSICAL ROSE CANDLESTAND,Other
84684,BEACH HUT PHOTO FRAME,Decoration
84685,BEACH HUT KEY CABINET,Other
84686,BEACH HUT MIRROR,Decoration
84687,BEACH HUT SHELF W 3 DRAWERS,Other
84688,BEACH HUT DESIGN BLACKBOARD,Other
84689,S/2 BEACH HUT TREASURE CHESTS,Other
84690,S/2 BEACH HUT STOOLS,Other
84691,PACK 20 DOLLY PEGS,Other
84692,BOX OF 24 COCKTAIL PARASOLS,Storage
84705A,ENGLISH ROSE PHOTO FRAME,Decoration
84705C,PINK FLOCK PHOTO FRAME,Decoration
84705D,CHERRY BLOSSOM PHOTO FRAME,Decoration
84705F,RED PEONY PHOTO FRAME,Decoration
84706A,ENGLISH ROSE TABLE CLOCK,Other
84706B,FAIRY CAKES TABLE CLOCK,Kitchen
84706C,PINK FLOCK TABLE CLOCK,Other
84706D,CHERRY BLOSSOM TABLE CLOCK,Other
84706F,RED PEONY TABLE CLOCK,Other
84707A,SILVER JEWELLED MIRROR TRINKET TRAY,Decoration
84707B,PINK JEWELLED MIRROR TRINKET TRAY,Decoration
84708B,PINK JEWELLED PHOTO FRAME,Decoration
84709B,PINK OVAL JEWELLED MIRROR,Decoration
84711A,SILVER OVAL SHAPE TRINKET BOX,Storage
84711B,PINK OVAL SHAPE TRINKET BOX,Storage
84712B,PINK JEWELLED PHOTO FRAME,Decoration
84715,SET OF 6 ICE CREAM SKITTLES,Other
84720,DOT MATRIX CANVAS ART PICTURE,Other
84723,CHERRY BLOSSOM CANVAS ART PICTURE,Other
84725,FREESTYLE CANVAS ART PICTURE,Other
84726,LILLIES CANVAS PICTURE,Other
84731,3 BIRDS CANVAS SCREEN,Other
84741C,CITRUS GARLAND FELT FLOWERS,Other
84743C,ORANGE FELT VASE + FLOWERS,Other
84744,S/6 SEW ON CROCHET FLOWERS,Other
84745A,PINK HANGING GINGHAM EASTER HEN,Other
84745B,BLUE HANGING GINGHAM EASTER HEN,Other
84746,PINK EASTER HENS+FLOWER,Other
84748,FOLK FELT HANGING MULTICOL GARLAND,Other
84750A,PINK SMALL GLASS CAKE STAND,Kitchen
84750B,BLACK SMALL GLASS CAKE STAND,Kitchen
84751B,BLACK MEDIUM GLASS CAKE STAND,Kitchen
84753A,PINK EAU DE COLOGNE BOTTLE,Other
84754,S/15 SILVER GLASS BAUBLES IN BAG,Storage
84755,COLOUR GLASS T-LIGHT HOLDER HANGING,Lighting
84760S,SMALL HANGING GLASS+ZINC LANTERN,Lighting
84761,IVORY HANGING BIRD PLANTER,Other
84762A,WHITE PICNIC BARBECUE BUCKET,Other
84762B,PINK PICNIC BARBECUE BUCKET,Other
84762C,GREEN PICNIC BARBECUE BUCKET,Other
84763,ZINC FINISH 15CM PLANTER POTS,Other
84765,SILVER ROCOCO CANDELABRA,Other
84766,SILVER ROCOCO CANDLE STICK,Lighting
84767,ZINC POLICE BOX LANTERN,Lighting
84770,ROUND GEORGIAN SILVER MIRROR,Decoration
84773,RED ROSE AND LACE C/COVER,Other
84782A,PINK 3 TIER GLASS PLATE STAND,Kitchen
84782B,BLACK 3 TIER GLASS PLATE STAND,Kitchen
84782C,GREEN 3 TIER GLASS PLATE STAND,Kitchen
84789,ENCHANTED BIRD PLANT CAGE,Other
84791,GINGHAM HEART DECORATION,Decoration
84792,ENCHANTED BIRD COATHANGER 5 HOOK,Other
84795A,PASTEL STRIPE HAMMOCK,Other
84795B,SUNSET CHECK HAMMOCK,Other
84795C,OCEAN STRIPE HAMMOCK,Other
84795D,SEASIDE STRIPE HAMMOCK,Other
84795E,RIO PINK STRIPE HAMMOCK,Other
84796A,PINK HAWAIIAN PICNIC HAMPER FOR 2,Other
84796B,BLUE SAVANNAH PICNIC HAMPER FOR 2,Other
84796a,PINK HAWAIIAN PICNIC HAMPER FOR 2,Other
84797A,PINK HAWAIIAN PICNIC HAMPER FOR 4,Other
84797B,BLUE SAVANNAH PICNIC HAMPER FOR 4,Other
84797a,PINK HAWAIIAN PICNIC HAMPER FOR 4,Other
84797b,BLUE SAVANNAH PICNIC HAMPER FOR 4,Other
84798A,PINK FOXGLOVE ARTIIFCIAL FLOWER,Other
84798B,PURPLE FOXGLOVE ARTIIFCIAL FLOWER,Other
84798C,WHITE FOXGLOVE ARTIIFCIAL FLOWER,Other
84799,SPRIG LAVENDER ARTIFICIAL FLOWER,Other
84800L,LARGE WHITE/PINK ROSE ART FLOWER,Other
84800M,MEDIUM WHITE/PINK ROSE ART FLOWER,Other
84800S,SMALL WHITE/PINK ROSE ART FLOWER,Other
84801A,PINK HYDRANGEA ART FLOWER,Other
84801B,WHITE HYDRANGEA ART FLOWER,Other
84802A,WHITE ANEMONE ARTIFICIAL FLOWER,Other
84802B,PURPLE ANEMONE ARTIFICIAL FLOWER,Other
84803A,PINK ALLIUM  ARTIFICIAL FLOWER,Other
84803B,WHITE ALLIUM  ARTIFICIAL FLOWER,Other
84804A,CREAM DELPHINIUM ARTIFICIAL FLOWER,Other
84804B,BLUE DELPHINIUM ARTIFICIAL FLOWER,Other
84805A,CREAM CLIMBING HYDRANGA ART FLOWER,Other
84805B,BLUE CLIMBING HYDRANGA ART FLOWER,Other
84806A,PINK CANDYSTUFT ARTIFICIAL FLOWER,Other
84806B,WHITE CANDYSTUFT ARTIFICIAL FLOWER,Other
84807,RED POPPY ARTIFICIAL FLOWER,Other
84809A,WHITE CHRYSANTHEMUMS ART FLOWER,Other
84809B,PINK CHRYSANTHEMUMS ART FLOWER,Other
84813,SET OF 4 DIAMOND NAPKIN RINGS,Kitchen
84814A,HEXAGONAL CRYSTAL PERFUME BOTTLE,Other
84815,SET OF 3 DANISH ROSE PLANTERS,Other
84816,DANISH ROSE BEDSIDE CABINET,Other
84817,DANISH ROSE DECORATIVE PLATE,Kitchen
84818,DANISH ROSE PHOTO FRAME,Decoration
84819,DANISH ROSE ROUND SEWING BOX,Storage
84820,DANISH ROSE TRINKET TRAYS,Other
84821,DANISH ROSE DELUXE COASTER,Other
84823,DANISH ROSE FOLDING CHAIR,Other
84824,DANISH ROSE UMBRELLA STAND,Other
84826,ASSTD DESIGN 3D PAPER STICKERS,Other
84827,ASS DES PHONE SPONGE CRAFT STICKER,Other
84828,JUNGLE POPSICLES ICE LOLLY HOLDERS,Other
84830,LARGE ENGLISH ARBORETUM,Other
84832,ZINC WILLIE WINKIE  CANDLE STICK,Lighting
84836,ZINC METAL HEART DECORATION,Decoration
84837,WHITE SWEETHEARTS CABINET 4 DRAWERS,Other
84838,ANT WHITE HIGH RISE BIRD BOX,Storage
84839,SWEETHEART KEY CABINET,Other
84842,HELLO SAILOR BATHROOM SET,Other
84843,WHITE SOAP RACK WITH 2 BOTTLES,Other
84845C,CARNATION SQUARE HANDY TIN,Other
84845D,GERANIUM SQUARE HANDY TIN,Other
84846A,SCENTED CANDLE IN DIGITALIS TIN,Lighting
84847,FLORAL BATHROOM SET,Other
84849A,HELLO SAILOR BLUE SOAP HOLDER,Other
84849B,FAIRY SOAP SOAP HOLDER,Other
84849D,HOT BATHS SOAP HOLDER,Other
84854,GIRLY PINK TOOL SET,Other
84855,BLOKEY SILVER TOOL SET,Other
84856L,LARGE TAHITI BEACH BAG,Storage
84856S,SMALL TAHITI BEACH BAG,Storage
84857A,SILVER MONTE CARLO HANDBAG,Other
84858A,NATURAL RIVIERA HANDBAG,Other
84858B,BLUE RIVIERA HANDBAG,Other
84858C,PINK RIVIERA HANDBAG,Other
84859A,SILVER DISCO HANDBAG,Other
84859B,BLUE DISCO HANDBAG,Other
84864A,PINK PAISLEY PHOTO ALBUM,Other
84865,NEW BAROQUE BLACK PHOTO ALBUM,Other
84867A,PINK BABY GIRLS PHOTO ALBUM,Other
84867b,BLUE BABY BOY'S PHOTO ALBUM,Other
84868A,PINK BABY GIRL'S MEMORY BOX,Storage
84868B,BLUE BABY BOY'S MEMORY BOX,Storage
84869,CANDY BUTTON PHOTO ALBUM,Other
84870B,BLUE GEISHA GIRL,Other
84870C,GREEN GEISHA GIRL,Other
84872A,TEATIME FUNKY FLOWER BACKPACK FOR 2,Other
84872a,TEATIME FUNKY FLOWER BACKPACK FOR 2,Other
84873A,FUNKY FLOWER PICNIC BAG FOR 4,Storage
84873a,FUNKY FLOWER PICNIC BAG FOR 4,Storage
84874B,BLUE TRAVEL FIRST AID KIT,Other
84875A,PINK SQUARE COMPACT MIRROR,Decoration
84875B,GREEN SQUARE COMPACT MIRROR,Decoration
84875D,BLUE SQUARE COMPACT MIRROR,Decoration
84876B,GREEN HEART COMPACT MIRROR,Decoration
84876C,SILVER HEART COMPACT MIRROR,Decoration
84876D,BLUE HEART COMPACT MIRROR,Decoration
84877A,PINK ROUND COMPACT MIRROR,Decoration
84877B,GREEN ROUND COMPACT MIRROR,Decoration
84877D,BLUE ROUND COMPACT MIRROR,Decoration
84879,ASSORTED COLOUR BIRD ORNAMENT,Decoration
84880,WHITE WIRE EGG HOLDER,Other
84881,BLUE WIRE SPIRAL CANDLE HOLDER,Lighting
84882,GREEN WIRE STANDING CANDLE HOLDER,Lighting
84884A,ANT WHITE WIRE HEART SPIRAL,Decoration
84884a,ANT WHITE WIRE HEART SPIRAL,Decoration
84886,BLUE METAL WALL SHELF,Other
84893,ANT WHITE IRON BASKET,Storage
84898F,YELLOW FLOWERS FELT HANDBAG KIT,Other
84899E,YELLOW BROWN BEAR FELT PURSE KIT,Other
84899F,YELLOW PURPLE DAISY FELT PURSE KIT,Other
84901,BLACK FACE LAMB WITH PANTS,Other
84902,PINK KNITTED COW STUFFED TOY,Other
84905,PINK BUTTERFLY CUSHION COVER,Decoration
84906,PINK B'FLY C/COVER W BOBBLES,Other
84907,PINK YELLOW PATCH CUSHION COVER,Decoration
84908A,PINK 5 PATCH FLOWER CUSHION COVER,Decoration
84908B,BLUE 5 PATCH FLOWER CUSHION COVER,Decoration
84909A,PINK PAISLEY QUILT,Other
84910A,PINK PAISLEY CUSHION COVER,Decoration
84912A,PINK ROSE WASHBAG,Other
84912B,GREEN ROSE WASHBAG,Other
84913A,SOFT PINK ROSE TOWEL,Other
84913B,MINT GREEN ROSE TOWEL,Other
84915,HAND TOWEL PINK FLOWER AND DAISY,Other
84916,HAND TOWEL PALE BLUE W FLOWERS,Other
84917,WHITE HAND TOWEL WITH BUTTERFLY,Other
84918,CREAM CUSHION COVER WITH FLOWERS,Decoration
84919,BLUE CUSHION COVER WITH FLOWER,Decoration
84920,PINK FLOWER FABRIC PONY,Other
84921,CREAM AND PINK FLOWERS PONY,Other
84922,PINK BUTTERFLY WASHBAG,Other
84923,PINK BUTTERFLY HANDBAG W BOBBLES,Other
84924A,WAKE UP COCKEREL CALENDAR SIGN,Decoration
84924D,LA PALMIERA METAL SIGN CALENDAR,Decoration
84924F,PSYCHEDELIC METAL SIGN CALENDAR,Decoration
84925A,WAKE UP COCKEREL WALL THERMOMETER,Other
84925C,FAIRY CAKES  WALL THERMOMETER,Kitchen
84925D,LA PALMIERA WALL THERMOMETER,Other
84925E,FLOWERS WALL THERMOMETER,Other
84925F,PSYCHEDELIC WALL THERMOMETER,Other
84926A,WAKE UP COCKEREL TILE COASTER,Other
84926B,SCOTTS ROSES TILE COASTER,Other
84926C,FAIRY CAKES TILE COASTER,Kitchen
84926D,LA PALMIERA TILE COASTER,Other
84926E,FLOWERS TILE COASTER,Other
84926F,PSYCHEDELIC TILE COASTER,Other
84927A,WAKE UP COCKEREL TILE HOOK,Other
84927D,LA PALMIERA TILE HOOK,Other
84927E,FLOWERS TILE HOOK,Other
84927F,PSYCHEDELIC TILE HOOK,Other
84929,ASSTD FRUIT+FLOWERS FRIDGE MAGNETS,Other
84931A,PINK SCOTTIE DOG W FLOWER PATTERN,Other
84931B,BLUE SCOTTIE DOG W FLOWER PATTERN,Other
84932A,SMALL GREEN PEONY FOLDING STOOL,Other
84932B,SMALL PINK PEONY FOLDING STOOL,Other
84932C,SMALL ORIENTAL BLUE FOLDING STOOL,Other
84932D,SMALL ORIENTAL RED FOLDING STOOL,Other
84933A,LARGE GREEN PEONY FOLDING STOOL,Other
84933B,LARGE PINK PEONY FOLDING STOOL,Other
84933C,LARGE BLUE ORIENTAL FOLDING STOOL,Other
84934,ASSTD DESIGN POP ART SLIM PEN,Other
84937,KASHMIR FOLKART TUMBLERS,Other
84942,KASHMIR FOLKART HEART DISHES,Decoration
84944,SET OF 6 KASHMIR FOLKART BAUBLES,Other
84945,MULTI COLOUR SILVER T-LIGHT HOLDER,Lighting
84946,ANTIQUE SILVER TEA GLASS ETCHED,Kitchen
84947,ANTIQUE SILVER TEA GLASS ENGRAVED,Kitchen
84948,SILVER HANGING T-LIGHT HOLDER DOME,Lighting
84949,SILVER HANGING T-LIGHT HOLDER,Lighting
84950,ASSORTED COLOUR T-LIGHT HOLDER,Lighting
84951A,S/4 PISTACHIO LOVEBIRD COASTERS,Other
84951B,S/4 BLACK LOVEBIRD COASTERS,Other
84951b,S/4 BLACK LOVEBIRD COASTERS,Other
84952A,CLEAR LOVE BIRD T-LIGHT HOLDER,Lighting
84952B,BLACK LOVE BIRD T-LIGHT HOLDER,Lighting
84952C,MIRROR LOVE BIRD T-LIGHT HOLDER,Lighting
84962,SET/3 COLOUR PAINTED KASHMIRI STOOL,Other
84963A,PINK PAINTED KASHMIRI CHAIR,Other
84964A,PINK PAINTED KASHMIRI TABLE,Other
84964B,BLUE PAINTED KASHMIRI TABLE,Other
84965A,PINK KASHMIRI COFFEE TABLE,Other
84965B,BLUE KASHMIRI COFFEE TABLE,Other
84966A,PINK KASHMIRI BOXED MIRROR,Decoration
84966B,BLUE KASHMIRI BOXED MIRROR,Decoration
84967A,PINK KASHMIRI OCCASIONAL TABLE,Other
84967B,BLUE KASHMIRI OCCASIONAL TABLE,Other
84968A,S/16 VINTAGE ROSE CUTLERY,Other
84968B,S/16 VINTAGE IVORY CUTLERY,Other
84968C,S/16 VINTAGE PISTACHIO CUTLERY,Other
84968D,S/16 VINTAGE RED CUTLERY,Other
84968E,S/16 VINTAGE BLACK CUTLERY,Other
84968F,S/16 VINTAGE SKY BLUE CUTLERY,Other
84969,ASSORTED COLOUR SET 6 TEASPOONS,Other
84970L,SINGLE HEART ZINC T-LIGHT HOLDER,Lighting
84970S,HANGING HEART ZINC T-LIGHT HOLDER,Lighting
84971L,LARGE HEART FLOWERS HOOK,Decoration
84971S,SMALL HEART FLOWERS HOOK,Decoration
84974,S/2 ZINC HEART DESIGN PLANTERS,Decoration
84975,HEART SHAPED MIRROR,Decoration
84976,RECTANGULAR SHAPED MIRROR,Decoration
84977,WIRE FLOWER T-LIGHT HOLDER,Lighting
84978,HANGING HEART JAR T-LIGHT HOLDER,Lighting
84984A,GREEN PEONY DES C/COVER,Other
84984B,RED PEONY DES C/COVER,Other
84984C,ORIENTAL BLUE C/COVER,Other
84984D,ORIENTAL RED C/COVER,Other
84985A,SET OF 72 GREEN PAPER DOILIES,Other
84985B,SET OF 72 BLACK PAPER DOILIES,Other
84986B,SET OF 36 SILVER PAPER DOILIES,Other
84987,SET OF 36 TEATIME PAPER DOILIES,Other
84988,SET OF 72 PINK HEART PAPER DOILIES,Decoration
84989A,75 GREEN FAIRY CAKE CASES,Kitchen
84989B,75 BLACK FAIRY CAKE CASES,Kitchen
84989b,75 BLACK FAIRY CAKE CASES,Kitchen
84990,60 GOLD AND SILVER FAIRY CAKE CASES,Kitchen
84991,60 TEATIME FAIRY CAKE CASES,Kitchen
84992,72 SWEETHEART FAIRY CAKE CASES,Kitchen
84993A,75 GREEN PETIT FOUR CASES,Other
84993B,75 BLACK PETIT FOUR CASES,Other
84993a,75 GREEN PETIT FOUR CASES,Other
84993b,75 BLACK PETIT FOUR CASES,Other
84997A,GREEN 3 PIECE MINI DOTS CUTLERY SET,Other
84997B,RED 3 PIECE MINI DOTS CUTLERY SET,Other
84997C,BLUE 3 PIECE MINI DOTS CUTLERY SET,Other
84997D,PINK 3 PIECE MINI DOTS CUTLERY SET,Other
84997a,GREEN 3 PIECE MINI DOTS CUTLERY SET,Other
84997d,PINK 3 PIECE MINI DOTS CUTLERY SET,Other
85006,SET 4 NURSERY DES ROUND BOXES,Storage
85007,SET OF 3 VINTAGE TEA TIME BOXES,Kitchen
85008,SET OF 3 CONEY ISLAND OVAL BOXES,Storage
85014A,BLACK/BLUE DOTS RUFFLED UMBRELLA,Other
85014B,RED/WHITE DOTS RUFFLED UMBRELLA,Other
85014C,BLUE/BROWN DOTS RUFFLED UMBRELLA,Other
85014D,PINK/BROWN DOTS RUFFLED UMBRELLA,Other
85015,SET OF 12  VINTAGE POSTCARD SET,Other
85016,SET OF 6 VINTAGE NOTELETS KIT,Other
85017A,ENVELOPE 50 ROMANTIC IMAGES,Other
85017B,ENVELOPE 50 BLOSSOM IMAGES,Other
85017C,ENVELOPE 50 CURIOUS IMAGES,Other
85018A,S/6 PAPER BOXES ROMANTIC IMAGES,Storage
85018B,S/6 PAPER BOXES BLOSSOM IMAGES,Storage
85018C,S/6 PAPER BOXES CURIOUS IMAGES,Storage
85018D,YULETIDE IMAGES S/6 PAPER BOXES,Storage
85019A,ROMANTIC IMAGES NOTEBOOK SET,Other
85019B,BLOSSOM  IMAGES NOTEBOOK SET,Other
85019C,CURIOUS  IMAGES NOTEBOOK SET,Other
85020,ROUND PINK HEART MIRROR,Decoration
85023A,CRYSTAL LARGE JEWELLED PHOTO FRAME,Decoration
85023B,EAU DE NILE JEWELLED PHOTOFRAME,Other
85023C,PINK LARGE JEWELED PHOTOFRAME,Other
85024B,EAU DE NILE JEWELLED PHOTOFRAME,Other
85024C,PINK SMALL JEWELLED PHOTOFRAME,Other
85025B,EAU DE NILE HEART SHAPE PHOTO FRAME,Decoration
85025C,PINK HEART SHAPE PHOTO FRAME,Decoration
85026B,EAU DE NILE JEWELLED T-LIGHT HOLDER,Lighting
85027L,FRENCH CHATEAU LARGE PLATTER,Other
85028L,FRENCH CHATEAU LARGE FRUIT BOWL,Kitchen
85028S,FRENCH CHATEAU SMALL FRUITBOWL,Other
85030,FRENCH CHATEAU OVAL PLATTER,Other
85031A,ROMANTIC IMAGES SCRAP BOOK SET,Other
85031B,BLOSSOM IMAGES SCRAP BOOK SET,Other
85031C,CURIOUS IMAGES SCRAP BOOK SET,Other
85032A,ROMANTIC IMAGES GIFT WRAP SET,Other
85032B,BLOSSOM IMAGES GIFT WRAP SET,Other
85032C,CURIOUS IMAGES GIFT WRAP SET,Other
85034A,3 GARDENIA MORRIS BOXED CANDLES,Lighting
85034B,3 WHITE CHOC MORRIS BOXED CANDLES,Lighting
85034C,3 ROSE MORRIS BOXED CANDLES,Lighting
85035A,GARDENIA 3 WICK MORRIS BOXED CANDLE,Lighting
85035B,CHOCOLATE 3 WICK MORRIS BOX CANDLE,Lighting
85035C,ROSE 3 WICK MORRIS BOX CANDLE,Lighting
85035b,CHOCOLATE 3 WICK MORRIS BOX CANDLE,Lighting
85036A,GARDENIA 1 WICK MORRIS BOXED CANDLE,Lighting
85036B,CHOCOLATE 1 WICK MORRIS BOX CANDLE,Lighting
85036C,ROSE 1 WICK MORRIS BOXED CANDLE,Lighting
85038,6 CHOCOLATE LOVE HEART T-LIGHTS,Lighting
85039A,SET/4 RED MINI ROSE CANDLE IN BOWL,Lighting
85039B,S/4 IVORY MINI ROSE CANDLE IN BOWL,Lighting
85039C,S/4 BLACK MINI ROSE CANDLE IN BOWL,Lighting
85039a,SET/4 RED MINI ROSE CANDLE IN BOWL,Lighting
85039b,S/4 IVORY MINI ROSE CANDLE IN BOWL,Lighting
85040A,S/4 PINK FLOWER CANDLES IN BOWL,Lighting
85040B,SET/4 BLUE FLOWER CANDLES IN BOWL,Lighting
85040b,SET/4 BLUE FLOWER CANDLES IN BOWL,Lighting
85041,SET/4 PINK ORCHID CANDLES IN BOWL,Lighting
85042,ANTIQUE LILY FAIRY LIGHTS,Other
85043,RED HEART CANDY POP LIGHTS,Decoration
85045,GREEN CHRISTMAS TREE STRING 20LIGHT,Other
85047,WHITE BEADED GARLAND STRING 20LIGHT,Other
85048,15CM CHRISTMAS GLASS BALL 20 LIGHTS,Other
85049A,TRADITIONAL CHRISTMAS RIBBONS,Other
85049B,LUSH GREENS RIBBONS,Other
85049C,ROMANTIC PINKS RIBBONS,Other
85049D,BRIGHT BLUES RIBBONS,Other
85049E,SCANDINAVIAN REDS RIBBONS,Other
85049F,BABY BOOM RIBBONS,Other
85049G,CHOCOLATE BOX RIBBONS,Storage
85049H,URBAN BLACK RIBBONS,Other
85053,FRENCH ENAMEL CANDLEHOLDER,Other
85054,FRENCH ENAMEL POT W LID,Other
85055,FRENCH ENAMEL UTENSIL HOLDER,Other
85059,FRENCH ENAMEL WATER BASIN,Other
85060,WOOD FAN WITH FLOWER DESIGN,Other
85061W,WHITE JEWELLED HEART DECORATION,Decoration
85062,PEARL CRYSTAL PUMPKIN T-LIGHT HLDR,Lighting
85063,CREAM SWEETHEART MAGAZINE RACK,Other
85064,CREAM SWEETHEART LETTER RACK,Other
85065,CREAM SWEETHEART TRAYS,Other
85066,CREAM SWEETHEART MINI CHEST,Other
85067,CREAM SWEETHEART WALL CABINET,Other
85068,CREAM SWEETHEART SHELF + HOOKS,Other
85071A,BLUE CHARLIE+LOLA PERSONAL DOORSIGN,Other
85071B,RED CHARLIE+LOLA PERSONAL DOORSIGN,Other
85071C,"CHARLIE+LOLA""EXTREMELY BUSY"" SIGN",Decoration
85071D,CHARLIE+LOLA MY ROOM DOOR SIGN,Decoration
85078,SCANDINAVIAN 3 HEARTS NAPKIN RING,Kitchen
85080,PADDED RED HEART DECORATION,Decoration
85086A,CANDY SPOT HEART DECORATION,Decoration
85087,CANDY SPOT CUSHION COVER,Decoration
85088,CANDY SPOT HAND BAG,Storage
85089,CANDY SPOT BUNNY,Other
85090,CANDY SPOT APRON,Other
85091,CANDY SPOT BREAD BASKETS,Storage
85092,CANDY SPOT TEA COSY,Kitchen
85093,CANDY SPOT EGG WARMER HARE,Other
85094,CANDY SPOT EGG WARMER RABBIT,Other
85096,HILDA CANDY SPOT RABBIT,Other
85097B,BLUE ROCKING SINGING CANARY,Other
85098B,BLUE FLYING SINGING CANARY,Other
85099B,JUMBO BAG RED WHITE SPOTTY,Storage
85099C,JUMBO  BAG BAROQUE BLACK WHITE,Storage
85099F,JUMBO BAG STRAWBERRY,Storage
85103,SILVER T-LIGHT SETTING,Lighting
85104,SILVER GLASS T-LIGHT SET,Lighting
85106,CUT GLASS HEXAGON T-LIGHT HOLDER,Lighting
85107,CUT GLASS T-LIGHT HOLDER OCTAGON,Lighting
85109,PINK BOUDOIR T-LIGHT HOLDER,Lighting
85110,BLACK SILVER FLOWER T-LIGHT HOLDER,Lighting
85111,SILVER GLITTER FLOWER VOTIVE HOLDER,Other
85112,S/3 TEAR DROP CUT GLASS DECORATION,Decoration
85113,POLKA DOT PISTACHIO PAIL,Other
85114B,IVORY ENCHANTED FOREST PLACEMAT,Other
85114C,RED ENCHANTED FOREST PLACEMAT,Other
85116,BLACK CANDELABRA T-LIGHT HOLDER,Lighting
85117,NIGHTINGALE COATHOOK WHITE,Other
85118,HEART T-LIGHT HOLDER,Lighting
85119,WATERING CAN SINGLE HOOK PISTACHIO,Other
85121B,RETRO LAUNDRY TUB PINK,Other
85121C,RETRO LAUNDRY TUB PISTACHIO,Other
85123A,WHITE HANGING HEART T-LIGHT HOLDER,Lighting
85124A,PINK JUICY FRUIT PHOTO FRAME,Decoration
85124B,BLUE JUICY FRUIT PHOTO FRAME,Decoration
85124C,GREEN JUICY FRUIT PHOTO FRAME,Decoration
85125,SMALL ROUND CUT GLASS CANDLESTICK,Other
85126,LARGE ROUND CUTGLASS CANDLESTICK,Other
85127,SMALL SQUARE CUT GLASS CANDLESTICK,Other
85128,PLANTPOT SINGLE HOOK PISTACHIO,Other
85129A,"WHITE PEARL BEADED HEART, SMALL",Decoration
85129B,BEADED CRYSTAL HEART GREEN SMALL,Decoration
85129C,BEADED CRYSTAL HEART BLUE SMALL,Decoration
85129D,BEADED CRYSTAL HEART PINK SMALL,Decoration
85130A,BEADED PEARL HEART WHITE LARGE,Decoration
85130B,BEADED CRYSTAL HEART GREEN LARGE,Decoration
85130C,BEADED CRYSTAL HEART BLUE  LARGE,Decoration
85130D,BEADED CRYSTAL HEART PINK LARGE,Decoration
85131A,BEADED PEARL HEART WHITE ON STICK,Decoration
85131C,BEADED CRYSTAL HEART BLUE ON STICK,Decoration
85131D,BEADED CRYSTAL HEART PINK\ON STICK,Decoration
85132A,CHARLIE + LOLA BISCUITS TINS,Other
85132B,CHARLIE AND LOLA TABLE TINS,Other
85132C,CHARLIE AND LOLA FIGURES TINS,Other
85132b,CHARLIE AND LOLA TABLE TINS,Other
85135A,YELLOW DRAGONFLY HELICOPTER,Other
85135B,BLUE DRAGONFLY HELICOPTER,Other
85135C,RED DRAGONFLY HELICOPTER,Other
85136A,YELLOW SHARK HELICOPTER,Other
85136B,BLUE SHARK HELICOPTER,Other
85136C,RED SHARK HELICOPTER,Other
85141,JARDIN ETCHED GLASS FRUITBOWL,Other
85142,JARDIN ETCHED GLASS GINGER JAR,Other
85144,JARDIN ETCHED GLASS BUTTER DISH,Other
85145,JARDIN ETCHED GLASS LARGE BELL JAR,Other
85146,JARDIN ETCHED GLASS SMALL BELL JAR,Other
85147,JARDIN ETCHED GLASS CANDLEHLDR LONG,Other
85150,LADIES & GENTLEMEN METAL SIGN,Decoration
85152,HAND OVER THE CHOCOLATE   SIGN,Decoration
85157,SET OF 2 CHESTS CHOCOLAT AU LAIT,Other
85159A,"BLACK TEA,COFFEE,SUGAR JARS",Kitchen
85159B,"WHITE TEA,COFFEE,SUGAR JARS",Kitchen
85160A,WHITE BIRD GARDEN DESIGN MUG,Kitchen
85160B,BLACK BIRD GARDEN DESIGN MUG,Kitchen
85160a,WHITE BIRD GARDEN DESIGN MUG,Kitchen
85160b,BLACK BIRD GARDEN DESIGN MUG,Kitchen
85161,ACRYLIC GEOMETRIC LAMP,Other
85162A,SILVER RETRODISC LAMPSHADE,Other
85162B,BLACK RETRODISC LAMPSHADE,Other
85162C,WHITE RETRODISC LAMPSHADE,Other
85163A,WHITE BAROQUE WALL CLOCK,Other
85163B,BLACK BAROQUE WALL CLOCK,Other
85164B,BLACK BAROQUE CUCKOO CLOCK,Other
85165,CANDY PINK FRENCH BOUDOIR CLOCK,Other
85166A,WHITE METAL BAROQUE PHOTO FRAME,Decoration
85166B,BLACK METAL BAROQUE PHOTO FRAME,Decoration
85167A,WHITE GRAND BAROQUE PHOTO FRAME,Decoration
85167B,BLACK GRAND BAROQUE PHOTO FRAME,Decoration
85168A,WHITE BAROQUE CARRIAGE CLOCK,Other
85168B,BLACK BAROQUE CARRIAGE CLOCK,Other
85169A,IVORY LOVE BIRD CANDLE,Lighting
85169B,BLACK LOVE BIRD CANDLE,Lighting
85169C,EAU DE NIL LOVE BIRD CANDLE,Lighting
85169D,PINK LOVE BIRD CANDLE,Lighting
85170A,SET/6 IVORY BIRD T-LIGHT CANDLES,Lighting
85170B,SET/6 BLACK BIRD T-LIGHT CANDLES,Lighting
85170C,SET/6 EAU DE NIL BIRD T-LIGHTS,Lighting
85170D,SET/6 PINK BIRD T-LIGHT CANDLES,Lighting
85172,HYACINTH BULB T-LIGHT CANDLES,Lighting
85173,SET/6 FROG PRINCE T-LIGHT CANDLES,Lighting
85174,S/4 CACTI CANDLES,Lighting
85175,CACTI T-LIGHT CANDLES,Lighting
85176,SEWING SUSAN 21 NEEDLE SET,Other
85177,BASKET OF FLOWERS SEWING KIT,Storage
85178,VICTORIAN SEWING KIT,Other
85179A,GREEN BITTY LIGHT CHAIN,Other
85179B,WHITE BITTY LIGHT CHAIN,Other
85180A,RED HEARTS LIGHT CHAIN,Decoration
85180B,PINK HEARTS LIGHT CHAIN,Decoration
85183A,CHARLIE & LOLA WASTEPAPER BIN BLUE,Other
85183B,CHARLIE & LOLA WASTEPAPER BIN FLORA,Other
85184B,SET 4 EASTER DECOUPAGE OVAL BOXES,Storage
85184C,S/4 VALENTINE DECOUPAGE HEART BOX,Storage
85184D,S/4 BLUE ROUND DECOUPAGE BOXES,Storage
85185B,PINK HORSE SOCK PUPPET,Other
85185C,COW  SOCK PUPPET,Other
85185D,FROG SOCK PUPPET,Other
85185F,LION SOCK PUPPET,Other
85186A,EASTER BUNNY GARLAND OF FLOWERS,Other
85186B,BUNNY BUNCH OF FLOWERS,Other
85186C,BUNNY EGG GARLAND,Other
85187,S/12 MINI RABBIT EASTER,Other
85188A,GREEN METAL SWINGING BUNNY,Other
85188B,PINK METAL SWINGING BUNNY,Other
85189,HANGING BUTTERFLY  EGG,Other
85190,PINK FLOWER HANGING HEART,Decoration
85192S,HANGING SPRING FLOWER HEART SMALL,Decoration
85194L,HANGING SPRING FLOWER EGG LARGE,Other
85194S,HANGING SPRING FLOWER EGG SMALL,Other
85195,HANGING HEART BASKET,Storage
85196,EASTER BUNNIES ON A STICK,Other
85197,SET OF 12 MINI BUNNIES IN A BUCKET,Other
85198,ASSORTED FARMYARD ANIMALS IN BUCKET,Other
85199L,LARGE HANGING IVORY & RED WOOD BIRD,Other
85199S,SMALL HANGING IVORY/RED WOOD BIRD,Other
85200,BUNNY EGG BOX,Storage
85202,HANGING WOOD AND FELT HEART,Decoration
85203,HANGING WOOD AND FELT BUTTERFLY,Other
85204,HANGING WOOD AND FELT FLOWER,Other
85205A,IVORY FELT EASTER RABBIT GARLAND,Other
85205B,PINK FELT EASTER RABBIT GARLAND,Other
85206A,CREAM FELT EASTER EGG BASKET,Storage
85206B,PINK FELT EASTER EGG BASKET,Storage
85208,SET/12 FUNKY FELT FLOWER PEG IN BAG,Storage
85211,S/4 GROOVY CAT MAGNETS,Other
85212,MINI PAINTED GARDEN DECORATION,Decoration
85213,MINI  ZINC GARDEN DECORATIONS,Decoration
85214,TUB 24 PINK FLOWER PEGS,Other
85215,ASSORTED CHEESE FRIDGE MAGNETS,Other
85216,ASSORTED CAKES FRIDGE MAGNETS,Kitchen
85217,ASSORTED ICE CREAM FRIDGE MAGNETS,Other
85218,S/5 MINI ICE CREAM FRIDGE MAGNETS,Other
85220,SMALL FAIRY CAKE FRIDGE MAGNETS,Kitchen
85221,ASSORTED COLOUR SILK COIN PURSE,Other
85222,ASSORTED COLOUR SILK COSMETIC PURSE,Other
85224,ASSORTED COLOUR SILK GLASSES CASE,Other
85225,BLING KEY RING STAND,Jewellery
85226A,WHITE/BLUE PULL BACK RACING CAR,Other
85226C,BLUE PULL BACK RACING CAR,Other
85227,SET OF 6 3D KIT CARDS FOR KIDS,Other
85230A,OPIUM SCENTED VOTIVE CANDLE,Lighting
85230B,CINNAMON SCENTED VOTIVE CANDLE,Lighting
85230E,STRAWBRY SCENTED VOTIVE CANDLE,Lighting
85230F,JASMINE VOTIVE CANDLE,Lighting
85230G,ORANGE VOTIVE CANDLE,Lighting
85231B,CINAMMON SET OF 9 T-LIGHTS,Lighting
85231E,STRAWBERRY SCENTED SET/9 T-LIGHTS,Lighting
85231G,ORANGE SCENTED SET/9 T-LIGHTS,Lighting
85231L,LAVENDER SCENTED SET/9 T-LIGHTS,Lighting
85231e,STRAWBERRY SCENTED SET/9 T-LIGHTS,Lighting
85232A,SET/3 POLKA DOT STACKING TINS,Other
85232B,SET/3 RUSSIAN DOLL STACKING TINS,Other
85232C,RUSSIAN FOLKART STACKING TINS,Other
85232D,SET/3 DECOUPAGE STACKING TINS,Other
85232a,SET/3 POLKA DOT STACKING TINS,Other
85232b,SET/3 RUSSIAN DOLL STACKING TINS,Other
90000A,RASPBERRY ANT COPPER FLOWER NECKLAC,Other
90000B,MIDNIGHT BLUE COPPER FLOWER NECKLAC,Other
90000C,OPAL WHITE/SILVER FLOWER NECKLACE,Jewellery
90000D,COPPER/OLIVE GREEN FLOWER NECKLACE,Jewellery
90001A,ANTIQUE RASPBERRY FLOWER EARRINGS,Jewellery
90001B,ANTIQUE MID BLUE FLOWER EARRINGS,Jewellery
90001C,ANTIQUE OPAL WHITE FLOWER EARRINGS,Jewellery
90001D,ANTIQUE OLIVE GREEN FLOWER EARRINGS,Jewellery
90002A,FLOWER BURST SILVER RING OPAL,Jewellery
90002B,FLOWER BURST SILVER RING ROSE,Jewellery
90002C,FLOWER BURST SILVER RING MIDN'T BLU,Jewellery
90002D,FLOWER BURST SILVER RING CRYSTAL,Jewellery
90002E,FLOWER BURST SILVER RING GREEN,Jewellery
90003B,ROSE COLOUR PAIR HEART HAIR SLIDES,Decoration
90003C,MIDNIGHT BLUE PAIR HEART HAIR SLIDE,Decoration
90003D,CRYSTAL PAIR HEART HAIR SLIDES,Decoration
90003E,GREEN PAIR HEART HAIR SLIDES,Decoration
90005A,JADE GREEN ENAMEL HAIR COMB,Other
90010A,MIDNIGHT BLUE GLASS/SILVER BRACELET,Jewellery
90010B,BLACK/WHITE GLASS/SILVER BRACELET,Jewellery
90010E,AMBER GLASS/SILVER BRACELET,Jewellery
90011A,MIDNIGHT BLUE CRYSTAL DROP EARRINGS,Jewellery
90011B,BLACK CRYSTAL DROP EARRINGS,Jewellery
90011C,GREEN CRYSTAL DROP EARRINGS,Jewellery
90011D,PURPLE CRYSTAL DROP EARRINGS,Jewellery
90011E,AMBER CRYSTAL DROP EARRINGS,Jewellery
90012A,MIDNIGHT BLUE DROP CRYSTAL NECKLACE,Jewellery
90012B,BLACK DROP CRYSTAL NECKLACE,Jewellery
90013A,MIDNIGHT BLUE VINTAGE EARRINGS,Jewellery
90013B,BLACK VINTAGE EARRINGS,Jewellery
90013C,GREEN VINTAGE EARRINGS,Jewellery
90013D,PURPLE VINTAGE EARRINGS,Jewellery
90013E,AMBER VINTAGE EARRINGS,Jewellery
90014A,SILVER/MOP ORBIT NECKLACE,Jewellery
90014B,GOLD M PEARL  ORBIT NECKLACE,Jewellery
90014C,SILVER/BLACK ORBIT NECKLACE,Jewellery
90016A,SILVER/M.O.P PENDANT ORBIT NECKLACE,Jewellery
90016B,GOLD/M.O.P PENDANT ORBIT NECKLACE,Jewellery
90016C,SILVER/BLACK PENDANT ORBIT NECKLACE,Jewellery
90018A,SILVER M.O.P ORBIT DROP EARRINGS,Jewellery
90018B,GOLD M.O.P ORBIT DROP EARRINGS,Jewellery
90018C,SILVER BLACK ORBIT DROP EARRINGS,Jewellery
90019A,SILVER M.O.P ORBIT BRACELET,Jewellery
90019B,GOLD M.O.P ORBIT BRACELET,Jewellery
90019C,SILVER BLACK ORBIT BRACELET,Jewellery
90020,FILIGREE DIAMANTE CHAIN,Other
90022,EDWARDIAN DROP EARRINGS JET BLACK,Jewellery
90023,FILIGREE DIAMANTE EARRINGS,Jewellery
90024A,NEW BAROQUE B'FLY NECKLACE BLACK,Jewellery
90024B,NEW BAROQUE B'FLY NECKLACE RED,Jewellery
90024C,NEW BAROQUE B'FLY NECKLACE GREEN,Jewellery
90024D,NEW BAROQUE B'FLY NECKLACE PINK,Jewellery
90024E,NEW BAROQUE B'FLY NECKLACE MONTANA,Jewellery
90024F,NEW BAROQUE B'FLY NECKLACE CRYSTAL,Jewellery
90025B,BAROQUE BUTTERFLY EARRINGS RED,Jewellery
90025C,BAROQUE BUTTERFLY EARRINGS GREEN,Jewellery
90025D,BAROQUE BUTTERFLY EARRINGS PINK,Jewellery
90025E,BAROQUE BUTTERFLY EARRINGS MONTANA,Jewellery
90025F,BAROQUE BUTTERFLY EARRINGS CRYSTAL,Jewellery
90026A,GLASS BEAD HOOP NECKLACE BLACK,Jewellery
90027A,GLASS BEAD HOOP EARRINGS BLACK,Jewellery
90027B,GLASS BEAD HOOP EARRINGS MONTANA,Jewellery
90027C,GLASS BEAD HOOP EARRINGS GREEN,Jewellery
90027D,GLASS BEAD HOOP EARRINGS AMETHYST,Jewellery
90028,NEW BAROQUE LARGE NECKLACE BLK/WHIT,Jewellery
90029,NEW BAROQUE SMALL NECKLACE BLACK,Jewellery
90030A,SPOTTED WHITE NATURAL SEED NECKLACE,Jewellery
90030B,RED KUKUI COCONUT SEED NECKLACE,Jewellery
90030C,BROWN KUKUI COCONUT SEED NECKLACE,Jewellery
90031,BILI NUT AND WOOD NECKLACE,Jewellery
90032,IVORY SHELL HEART NECKLACE,Jewellery
90033,IVORY SHELL HEART EARRINGS,Jewellery
90034,WHITE SILVER NECKLACE SHELL GLASS,Jewellery
90035A,"PEARL & SHELL 42""NECKL. GREEN",Other
90036A,FLOWER GARLAND NECKLACE RED,Jewellery
90036B,"FLOWER GLASS GARLAND NECKL.36""GREEN",Other
90036C,"FLOWER GLASS GARLAND NECKL.36""BLUE",Other
90036D,"FLOWER GLASS GARLAND NECKL.36""BLACK",Other
90036E,"FLOWER GLASS GARLD NECKL36""AMETHYST",Other
90036F,"FLOWER GLASS GARLD NECKL36""TURQUOIS",Other
90037A,TINY CRYSTAL BRACELET RED,Jewellery
90037B,TINY CRYSTAL BRACELET GREEN,Jewellery
90037C,TINY CRYSTAL BRACELET BLUE,Jewellery
90037D,TINY CRYSTALS BRACELET BLACK,Jewellery
90038A,GLASS AND PAINTED BEADS BRACELET TO,Jewellery
90038B,GLASS AND PAINTED BEADS BRACELET OL,Jewellery
90038C,GLASS AND BEADS BRACELET IVORY,Jewellery
90039A,FIRE POLISHED GLASS BRACELET RED,Jewellery
90039B,FIRE POLISHED GLASS BRACELET MONTAN,Jewellery
90039C,FIRE POLISHED GLASS BRACELET BLACK,Jewellery
90039D,FIRE POLISHED GLASS BRACELET GREEN,Jewellery
90040A,MURANO STYLE GLASS BRACELET RED,Jewellery
90040B,MURANO STYLE GLASS BRACELET BLACK,Jewellery
90040C,MURANO STYLE GLASS BRACELET GOLD,Jewellery
90040D,MURANO STYLE GLASS BRACELET PINK,Jewellery
90042A,FRESHWATER PEARL BRACELET GOLD,Jewellery
90042B,FRESHWATER PEARL BRACELET PINK,Jewellery
90043,COPPER AND BRASS BAG CHARM,Storage
90046,WHITE WITH METAL BAG CHARM,Storage
90048,GREEN WITH METAL BAG CHARM,Storage
90050,CRACKED GLAZE NECKLACE IVORY,Jewellery
90052,CRACKED GLAZE NECKLACE BROWN,Jewellery
90053,CRACKED GLAZE EARRINGS IVORY,Jewellery
90054,CRACKED GLAZE EARRINGS RED,Jewellery
90055,CRACKED GLAZE EARRINGS BROWN,Jewellery
90056,CHUNKY CRACKED GLAZE NECKLACE IVORY,Jewellery
90057,DIAMANTE RING ASSORTED IN BOX.,Storage
90058A,CRYSTAL STUD EARRINGS CLEAR DISPLAY,Jewellery
90058B,CRYSTAL STUD EARRINGS ASSORTED COL,Jewellery
90059A,DIAMANTE HAIR GRIP PACK/2 CRYSTAL,Other
90059B,DIAMANTE HAIR GRIP PACK/2 BLACK DIA,Other
90059C,DIAMANTE HAIR GRIP PACK/2 MONTANA,Other
90059D,DIAMANTE HAIR GRIP PACK/2 PERIDOT,Other
90059E,DIAMANTE HAIR GRIP PACK/2 RUBY,Other
90059F,DIAMANTE HAIR GRIP PACK/2 LT ROSE,Other
90060F,FIRE POLISHED GLASS NECKL GREEN,Other
90062,CARNIVAL BRACELET,Jewellery
90064A,WHITE VINTAGE CRYSTAL EARRINGS,Jewellery
90064B,BLACK VINTAGE  CRYSTAL EARRINGS,Jewellery
90065A,WHITE VINTAGE CRYSTAL BRACELET,Jewellery
90065B,BLACK VINT ART DEC CRYSTAL BRACELET,Jewellery
90067A,PINK VINTAGE VICTORIAN EARRINGS,Jewellery
90067B,BROWN VINTAGE VICTORIAN EARRINGS,Jewellery
90070,RUBY GLASS CLUSTER BRACELET,Jewellery
90071,RUBY GLASS CLUSTER EARRINGS,Jewellery
90072,RUBY DROP CHANDELIER EARRINGS,Jewellery
90073,VINTAGE ENAMEL & CRYSTAL EARRINGS,Jewellery
90074,BLACK DIAMOND CLUSTER NECKLACE,Jewellery
90075,MONTANA DIAMOND CLUSTER NECKLACE,Jewellery
90076,MONTANA DIAMOND CLUSTER EARRINGS,Jewellery
90077,BLACK DIAMOND CLUSTER EARRINGS,Jewellery
90078,PINK/WHITE GLASS DEMI CHOKER,Other
90079,VINTAGE ENAMEL & CRYSTAL NECKLACE,Jewellery
90081A,LILY BROOCH AMETHYST COLOUR,Jewellery
90081C,LILY BROOCH OLIVE COLOUR,Jewellery
90082A,DIAMANTE BOW BROOCH GREEN COLOUR,Jewellery
90082B,DIAMANTE BOW BROOCH RED COLOUR,Jewellery
90082C,DIAMANTE BOW BROOCH WHITE COLOUR,Jewellery
90082D,DIAMANTE BOW BROOCH BLACK COLOUR,Jewellery
90084,PINK CRYSTAL GUITAR PHONE CHARM,Other
90085,CRYSTAL STILETTO PHONE CHARM,Other
90086,CRYSTAL FROG PHONE CHARM,Other
90087,CRYSTAL SEA HORSE PHONE CHARM,Other
90088,CRYSTAL KEY+LOCK PHONE CHARM,Other
90089,PINK CRYSTAL SKULL PHONE CHARM,Other
90090,PINK CRYSTAL HEART PHONE CHARM,Decoration
90092,BLUE CRYSTAL BOOT PHONE CHARM,Other
90093,CLEAR CRYSTAL STAR PHONE CHARM,Other
90095,NECKLACE+BRACELET SET PINK BLOSSOM,Jewellery
90096,NECKLACE+BRACELET SET BLUE BLOSSOM,Jewellery
90098,NECKLACE+BRACELET PINK BUTTERFLY,Jewellery
90100,NECKLACE+BRACELET SET PINK DAISY,Jewellery
90101,WHITE FRANGIPANI NECKLACE,Jewellery
90102,WHITE FRANGIPANI HAIR CLIP,Other
90103,PURPLE FRANGIPANI NECKLACE,Jewellery
90108,BLUE BLOSSOM HAIR CLIP,Other
90111,BLUE HIBISCUS  HAIR CLIP,Other
90112,PINK DOLLY HAIR CLIPS,Other
90114,SUMMER DAISIES BAG CHARM,Storage
90116,FRUIT SALAD BAG CHARM,Storage
90120A,PINK MURANO TWIST BRACELET,Jewellery
90120B,BLUE MURANO TWIST BRACELET,Jewellery
90120C,GREEN MURANO TWIST BRACELET,Jewellery
90120D,WHITE MURANO TWIST BRACELET,Jewellery
90121B,VINTAGE ROSE BEAD BRACELET BLUE,Jewellery
90122A,PINK CRYSTAL+GLASS BRACELET,Jewellery
90122B,JADE CRYSTAL+GLASS BRACELET,Jewellery
90122C,TURQUOISE CRYSTAL+GLASS BRACELET,Jewellery
90123A,PINK HEART OF GLASS BRACELET,Jewellery
90123B,TURQUOISE HEART OF GLASS BRACELET,Jewellery
90123C,GREEN HEART OF GLASS BRACELET,Jewellery
90123D,WHITE HEART OF GLASS BRACELET,Jewellery
90124A,PINK MURANO TWIST NECKLACE,Jewellery
90124B,BLUE MURANO TWIST NECKLACE,Jewellery
90124C,GREEN MURANO TWIST NECKLACE,Jewellery
90125B,AQUA BERTIE GLASS BEAD BAG CHARM,Storage
90125D,PURPLE BERTIE GLASS BEAD BAG CHARM,Storage
90125E,AMBER BERTIE GLASS BEAD BAG CHARM,Storage
90126A,PINK BERTIE MOBILE PHONE CHARM,Other
90126B,BLUE BERTIE MOBILE PHONE CHARM,Other
90127B,BLUE BEADS+HAND PHONE CHARM,Other
90128A,PINK LEAVES AND BEADS PHONE CHARM,Other
90128B,BLUE LEAVES AND BEADS PHONE CHARM,Other
90128D,PURPLE LEAVES AND BEADS PHONE CHAR,Other
90129A,PINK GLASS TASSLE BAG CHARM,Storage
90129B,TURQUOISE GLASS TASSLE BAG CHARM,Storage
90129C,GREEN GLASS TASSLE BAG CHARM,Storage
90129D,AMBER GLASS TASSLE BAG CHARM,Storage
90129E,PURPLE GLASS TASSLE BAG CHARM,Storage
90129F,RED GLASS TASSLE BAG CHARM,Storage
90130A,WHITE STONE/CRYSTAL EARRINGS,Jewellery
90130B,TURQ STONE/CRYSTAL EARRINGS,Jewellery
90130C,GREEN STONE/CRYSTAL EARRINGS,Jewellery
90130D,RED STONE/CRYSTAL EARRINGS,Jewellery
90132,LIGHT TOPAZ TEAL/AQUA COL NECKLACE,Jewellery
90133,TEAL/FUSCHIA COL BEAD NECKLACE,Jewellery
90134,OLD ROSE COMBO BEAD NECKLACE,Jewellery
90135A,ORANGE/FUSCHIA STONES NECKLACE,Jewellery
90137,PINK COMBO MINI CRYSTALS NECKLACE,Jewellery
90138,WHITE/PINK MINI CRYSTALS NECKLACE,Jewellery
90139,FLOWER BROOCH 4 ASSORTED COLOURS,Jewellery
90140,PINK SWEETIE NECKLACE,Jewellery
90141A,GREEN PENDANT TRIPLE SHELL NECKLACE,Jewellery
90141B,IVORY PENDANT TRIPLE SHELL NECKLACE,Jewellery
90141C,TURQ PENDANT TRIPLE SHELL NECKLACE,Jewellery
90141D,ROSE PENDANT TRIPLE SHELL NECKLACE,Jewellery
90141E,ORANGE PENDANT TRIPLE SHELL NECKLAC,Other
90143,SILVER BRACELET W PASTEL FLOWER,Jewellery
90144,SILVER DROP EARRINGS WITH FLOWER,Jewellery
90145,SILVER HOOP EARRINGS WITH FLOWER,Jewellery
90146,FINE SILVER NECKLACE W PASTEL FLOWE,Jewellery
90147,CHUNKY SILVER NECKLACE PASTEL FLOWE,Jewellery
90148,LONG SILVER NECKLACE PASTEL FLOWER,Jewellery
90149,SILVER FLOWR PINK SHELL NECKLACE,Jewellery
90150,BLUE SHELL+SILVER NECKLACE,Jewellery
90151,SILVER/NATURAL SHELL NECKLACE,Jewellery
90152A,SILVER/NAT SHELL NECKLACE W PENDANT,Jewellery
90152B,BLUE/GREEN SHELL NECKLACE W PENDANT,Jewellery
90152C,BLUE/NAT SHELL NECKLACE W PENDANT,Jewellery
90155,RESIN NECKLACE W PASTEL BEADS,Jewellery
90156,RESIN BRACELET W PASTEL BEADS,Jewellery
90157,RIVIERA NECKLACE,Jewellery
90158,ST TROPEZ NECKLACE,Jewellery
90159,COTE D'AZURE NECKLACE,Jewellery
90160A,PURPLE BOUDICCA LARGE BRACELET,Jewellery
90160B,RED BOUDICCA LARGE BRACELET,Jewellery
90160C,TURQ+RED BOUDICCA LARGE BRACELET,Jewellery
90160D,PINK BOUDICCA LARGE BRACELET,Jewellery
90161A,ANT COPPER RED BOUDICCA BRACELET,Jewellery
90161B,ANT COPPER TURQ BOUDICCA BRACELET,Jewellery
90161C,ANT COPPER LIME BOUDICCA BRACELET,Jewellery
90161D,ANT COPPER PINK BOUDICCA BRACELET,Jewellery
90162A,ANT SILVER TURQUOISE BOUDICCA RING,Jewellery
90162B,ANT SILVER LIME GREEN BOUDICCA RING,Jewellery
90162C,ANT SILVER FUSCHIA BOUDICCA RING,Jewellery
90162D,ANT SILVER PURPLE BOUDICCA RING,Jewellery
90163A,PINK ROSEBUD & PEARL NECKLACE,Jewellery
90163B,WHITE ROSEBUD & PEARL NECKLACE,Jewellery
90164A,PINK ROSEBUD PEARL BRACELET,Jewellery
90164B,WHITE  ROSEBUD PEARL BRACELET,Jewellery
90165A,PINK ROSEBUD PEARL EARRINGS,Jewellery
90165B,WHITE ROSEBUD  PEARL EARRINGS,Jewellery
90166,PINK & WHITE ROSEBUD RING,Jewellery
90167,BEADED LOVE HEART JEWELLERY SET,Decoration
90168,2 DAISIES HAIR COMB,Other
90169,DAISY HAIR COMB,Other
90170,DAISY HAIR BAND,Other
90171,DAISY RING,Jewellery
90173,PAIR BUTTERFLY HAIR CLIPS,Other
90174,BUTTERFLY HAIR BAND,Other
90175A,WHITE GLASS CHUNKY CHARM BRACELET,Jewellery
90175B,PINK GLASS CHUNKY CHARM BRACELET,Jewellery
90175D,TIGRIS EYE CHUNKY CHARM BRACELET,Jewellery
90176A,CLASSIC DIAMANTE NECKLACE JET,Jewellery
90176C,DIAMANTE NECKLACE,Jewellery
90177A,CLASSIC DIAMANTE EARRINGS JET,Jewellery
90177B,DROP DIAMANTE EARRINGS BLACK DIAMON,Jewellery
90177C,DROP DIAMANTE EARRINGS CRYSTAL,Jewellery
90177D,DROP DIAMANTE EARRINGS PURPLE,Jewellery
90177E,DROP DIAMANTE EARRINGS GREEN,Jewellery
90178A,AMBER CHUNKY GLASS+BEAD NECKLACE,Jewellery
90178B,PURPLE CHUNKY GLASS+BEAD NECKLACE,Jewellery
90179A,AMBER FINE BEAD NECKLACE W TASSEL,Jewellery
90179B,PURPLE FINE BEAD NECKLACE W TASSEL,Jewellery
90180A,BLACK+WHITE NECKLACE W TASSEL,Jewellery
90180B,PURPLE AMETHYST NECKLACE W TASSEL,Jewellery
90181A,AMBER GLASS/SHELL/PEARL NECKLACE,Jewellery
90181B,AMETHYST GLASS/SHELL/PEARL NECKLACE,Jewellery
90181C,BLACK GLASS/SHELL/PEARL NECKLACE,Jewellery
90182C,BLACK 3 BEAD DROP EARRINGS,Jewellery
90183A,AMBER DROP EARRINGS W LONG BEADS,Jewellery
90183B,AMETHYST DROP EARRINGS W LONG BEADS,Jewellery
90183C,BLACK DROP EARRINGS W LONG BEADS,Jewellery
90184A,AMBER CHUNKY BEAD BRACELET W STRAP,Jewellery
90184B,AMETHYST CHUNKY BEAD BRACELET W STR,Jewellery
90184C,BLACK CHUNKY BEAD BRACELET W STRAP,Jewellery
90185A,AMBER DIAMANTE EXPANDABLE RING,Jewellery
90185B,AMETHYST DIAMANTE EXPANDABLE RING,Jewellery
90185C,BLACK DIAMANTE EXPANDABLE RING,Jewellery
90185D,CRYSTAL DIAMANTE EXPANDABLE RING,Jewellery
90186A,AMETHYST HOOP EARRING FLORAL LEAF,Other
90186B,CRYSTAL HOOP EARRING FLORAL LEAF,Other
90187A,BLUE DROP EARRINGS W BEAD CLUSTER,Jewellery
90187B,GREEN DROP EARRINGS W BEAD CLUSTER,Jewellery
90188,DROP EARRINGS W FLOWER & LEAF,Jewellery
90189A,SILVER 2 STRAND NECKLACE-LEAF CHARM,Jewellery
90189B,GOLD 2 STRAND NECKLACE-LEAF CHARMS,Jewellery
90190A,SILVER/CRYSTAL DROP EARRINGS W LEAF,Jewellery
90190B,GOLD/AMBER DROP EARRINGS W LEAF,Jewellery
90190C,SILVER/AMETHYST DROP EARRINGS LEAF,Jewellery
90191,SILVER LARIAT 40CM,Other
90192,JADE DROP EARRINGS W FILIGREE,Jewellery
90194,SILVER LARIAT BLACK STONE EARRINGS,Jewellery
90195A,PURPLE GEMSTONE BRACELET,Jewellery
90195B,BLACK GEMSTONE BRACELET,Jewellery
90196A,PURPLE GEMSTONE NECKLACE 45CM,Jewellery
90196B,BLACK GEMSTONE NECKLACE 45CM,Jewellery
90197B,BLACK GLASS BRACELET W HEART CHARMS,Jewellery
90197D,AMBER GLASS BRACELET HEART CHARMS,Jewellery
90198A,VINTAGE ROSE BEAD BRACELET RASPBERR,Jewellery
90198B,VINTAGE ROSE BEAD BRACELET BLACK,Jewellery
90199A,5 STRAND GLASS NECKLACE BLACK,Jewellery
90199B,5 STRAND GLASS NECKLACE AMETHYST,Jewellery
90199C,5 STRAND GLASS NECKLACE CRYSTAL,Jewellery
90199D,5 STRAND GLASS NECKLACE AMBER,Jewellery
90200A,PURPLE SWEETHEART BRACELET,Jewellery
90200B,BLACK SWEETHEART BRACELET,Jewellery
90200C,BLUE SWEETHEART BRACELET,Jewellery
90200D,PINK SWEETHEART BRACELET,Jewellery
90200E,GREEN SWEETHEART BRACELET,Jewellery
90201A,PURPLE ENAMEL FLOWER RING,Jewellery
90201B,BLACK ENAMEL FLOWER RING,Jewellery
90201C,RED ENAMEL FLOWER RING,Jewellery
90201D,GREEN ENAMEL FLOWER RING,Jewellery
90202A,PURPLE ENAMEL FLOWER HAIR TIE,Other
90202B,WHITE ENAMEL FLOWER HAIR TIE,Other
90202C,GREEN ENAMEL FLOWER HAIR TIE,Other
90202D,PINK ENAMEL FLOWER HAIR TIE,Other
90203,SILVER CHARM NECKLACE 70CM,Jewellery
90204,PAIR OF ENAMEL BUTTERFLY HAIRCLIP,Other
90205A,LARGE MINT DIAMANTE HAIRSLIDE,Other
90205C,LARGE CRYSTAL DIAMANTE HAIRSLIDE,Other
90206A,GOLD DIAMANTE STAR BROOCH,Jewellery
90206C,CRYSTAL DIAMANTE STAR BROOCH,Jewellery
90208,PAIR OF ENAMEL FLOWER CLUSTER SLIDE,Other
90209A,PURPLE ENAMEL+GLASS HAIR COMB,Other
90209B,GREEN ENAMEL+GLASS HAIR COMB,Other
90209C,PINK ENAMEL+GLASS HAIR COMB,Other
90210A,GREY ACRYLIC FACETED BANGLE,Other
90210B,CLEAR ACRYLIC FACETED BANGLE,Other
90210C,RED   ACRYLIC FACETED BANGLE,Other
90210D,PURPLE ACRYLIC FACETED BANGLE,Other
90211A,DIAMOND LAS VEGAS NECKLACE 45CM,Jewellery
90211B,JET BLACK LAS VEGAS NECKLACE 45CM,Jewellery
90212B,JET BLACK LAS VEGAS BRACELET ROUND,Jewellery
90212C,PURPLE LAS VEGAS BRACELET ROUND,Jewellery
90214A,"LETTER ""A"" BLING KEY RING",Jewellery
90214B,"LETTER ""B"" BLING KEY RING",Jewellery
90214C,"LETTER ""C"" BLING KEY RING",Jewellery
90214D,"LETTER ""D"" BLING KEY RING",Jewellery
90214E,"LETTER ""E"" BLING KEY RING",Jewellery
90214G,"LETTER ""G"" BLING KEY RING",Jewellery
90214H,"LETTER ""H"" BLING KEY RING",Jewellery
90214I,"LETTER ""I"" BLING KEY RING",Jewellery
90214J,"LETTER ""J"" BLING KEY RING",Jewellery
90214K,"LETTER ""K"" BLING KEY RING",Jewellery
90214L,"LETTER ""L"" BLING KEY RING",Jewellery
90214M,"LETTER ""M"" BLING KEY RING",Jewellery
90214N,"LETTER ""N"" BLING KEY RING",Jewellery
90214O,"LETTER ""O"" BLING KEY RING",Jewellery
90214P,"LETTER ""P"" BLING KEY RING",Jewellery
90214R,"LETTER ""R"" BLING KEY RING",Jewellery
90214S,"LETTER ""S"" BLING KEY RING",Jewellery
90214T,"LETTER ""T"" BLING KEY RING",Jewellery
90214V,"LETTER ""V"" BLING KEY RING",Jewellery
ADJUST,Adjustment by john on 26/01/2010 16,Other
BANK CHARGES,Bank Charges,Other
C2,CARRIAGE,Other
D,Discount,Other
DCGS0004,HAYNES CAMPER SHOULDER BAG,Storage
DCGS0058,MISO PRETTY  GUM,Other
DCGS0068,DOGS NIGHT COLLAR,Other
DCGS0069,OOH LA LA DOGS COLLAR,Other
DCGS0070,CAMOUFLAGE DOG COLLAR,Other
DCGS0075,CAMOUFLAGUE DOG LEAD,Other
DCGS0076,SUNJAR LED NIGHT NIGHT LIGHT,Other
DOT,DOTCOM POSTAGE,Other
M,Manual,Other
PADS,PADS TO MATCH ALL CUSHIONS,Decoration
POST,POSTAGE,Other
S,SAMPLES,Other
TEST001,This is a test product.,Other
gift_0001_10,Dotcomgiftshop Gift Voucher £10.00,Other
gift_0001_20,Dotcomgiftshop Gift Voucher £20.00,Other
gift_0001_30,Dotcomgiftshop Gift Voucher £30.00,Other
m,Manual,Other
