invoice_no,stock_code,description,quantity,invoice_date,unit_price_gbp,customer_id,country,market
499510,21114,LAVENDER SCENTED FABRIC HEART,10,2010-03-01 08:38:00,1.25,14798,United Kingdom,UK
499510,21135,VICTORIAN  METAL POSTCARD SPRING,16,2010-03-01 08:38:00,1.69,14798,United Kingdom,UK
499510,21647,ASSORTED TUTTI FRUTTI LARGE PURSE,12,2010-03-01 08:38:00,2.1,14798,United Kingdom,UK
499510,22178,VICTORIAN GLASS HANGING T-LIGHT,12,2010-03-01 08:38:00,1.25,14798,United Kingdom,UK
499510,35096B,RED VICTORIAN FABRIC HEART BOX,24,2010-03-01 08:38:00,0.42,14798,United Kingdom,UK
499510,51014C,"FEATHER PEN,COAL BLACK",12,2010-03-01 08:38:00,0.85,14798,United Kingdom,UK
499510,72802A,ROSE SCENT CANDLE IN JEWELLED BOX,6,2010-03-01 08:38:00,4.25,14798,United Kingdom,UK
499510,84279B,CHERRY BLOSSOM DECORATIVE FLASK,4,2010-03-01 08:38:00,3.75,14798,United Kingdom,UK
499510,84279P,CHERRY BLOSSOM  DECORATIVE FLASK,4,2010-03-01 08:38:00,3.75,14798,United Kingdom,UK
499510,85034A,3 GARDENIA MORRIS BOXED CANDLES,4,2010-03-01 08:38:00,4.25,14798,United Kingdom,UK
499510,85232D,SET/3 DECOUPAGE STACKING TINS,3,2010-03-01 08:38:00,4.95,14798,United Kingdom,UK
499511,20914,SET/5 RED SPOTTY LID GLASS BOWLS,6,2010-03-01 08:55:00,2.95,16717,United Kingdom,UK
499511,21354,TOAST ITS - BEST MUM,12,2010-03-01 08:55:00,1.25,16717,United Kingdom,UK
499511,21497,FANCY FONTS BIRTHDAY WRAP,25,2010-03-01 08:55:00,0.42,16717,United Kingdom,UK
499511,21624,VINTAGE UNION JACK DOORSTOP,3,2010-03-01 08:55:00,5.95,16717,United Kingdom,UK
499511,21733,RED HANGING HEART T-LIGHT HOLDER,6,2010-03-01 08:55:00,2.95,16717,United Kingdom,UK
499511,22107,PIZZA PLATE IN BOX,4,2010-03-01 08:55:00,3.75,16717,United Kingdom,UK
499511,22278,OVERNIGHT BAG VINTAGE ROSE PAISLEY,3,2010-03-01 08:55:00,4.95,16717,United Kingdom,UK
499511,22352,LUNCHBOX WITH CUTLERY RETROSPOT,6,2010-03-01 08:55:00,2.55,16717,United Kingdom,UK
499511,79323W,WHITE CHERRY LIGHTS,24,2010-03-01 08:55:00,5.45,16717,United Kingdom,UK
499511,82494L,WOODEN FRAME ANTIQUE WHITE,6,2010-03-01 08:55:00,2.95,16717,United Kingdom,UK
499511,84375,SET OF 20 KIDS COOKIE CUTTERS,12,2010-03-01 08:55:00,1.95,16717,United Kingdom,UK
499511,85035A,GARDENIA 3 WICK MORRIS BOXED CANDLE,4,2010-03-01 08:55:00,4.25,16717,United Kingdom,UK
499511,85035C,ROSE 3 WICK MORRIS BOX CANDLE,4,2010-03-01 08:55:00,4.25,16717,United Kingdom,UK
499511,85123A,WHITE HANGING HEART T-LIGHT HOLDER,6,2010-03-01 08:55:00,2.95,16717,United Kingdom,UK
499512,20685,DOOR MAT RED SPOT,2,2010-03-01 09:13:00,7.49,16202,United Kingdom,UK
499512,21300,ANTIQUE EDWARDIAN DRESSER,4,2010-03-01 09:13:00,12.75,16202,United Kingdom,UK
499512,21669,BLUE STRIPE CERAMIC DRAWER KNOB,24,2010-03-01 09:13:00,1.25,16202,United Kingdom,UK
499512,21672,WHITE SPOT RED CERAMIC DRAWER KNOB,36,2010-03-01 09:13:00,1.25,16202,United Kingdom,UK
499512,21764,VINTAGE WOODEN PLATE RACK,1,2010-03-01 09:13:00,39.95,16202,United Kingdom,UK
499512,21765,HANGING METAL BIRD BATH,2,2010-03-01 09:13:00,7.95,16202,United Kingdom,UK
499512,21770,OPEN CLOSED METAL SIGN,2,2010-03-01 09:13:00,4.95,16202,United Kingdom,UK
499512,22168,ORGANISER WOOD ANTIQUE WHITE,2,2010-03-01 09:13:00,8.5,16202,United Kingdom,UK
499512,22378,WALL TIDY RETROSPOT,5,2010-03-01 09:13:00,2.1,16202,United Kingdom,UK
499512,22411,JUMBO SHOPPER VINTAGE RED PAISLEY,10,2010-03-01 09:13:00,1.95,16202,United Kingdom,UK
499512,22495,SET OF 2 ROUND TINS CAMEMBERT,6,2010-03-01 09:13:00,2.95,16202,United Kingdom,UK
499512,22496,SET OF 2 ROUND TINS DUTCH CHEESE,6,2010-03-01 09:13:00,2.95,16202,United Kingdom,UK
499512,84467,ENGLISH ROSE DESIGN QUILTED THROW,6,2010-03-01 09:13:00,12.75,16202,United Kingdom,UK
499512,84619,BLUE GINGHAM ROSE QUILT,5,2010-03-01 09:13:00,12.75,16202,United Kingdom,UK
499512,84909A,PINK PAISLEY QUILT,4,2010-03-01 09:13:00,12.75,16202,United Kingdom,UK
499512,85099B,JUMBO BAG RED WHITE SPOTTY,10,2010-03-01 09:13:00,1.95,16202,United Kingdom,UK
499513,21169,YOU'RE CONFUSING ME METAL SIGN,12,2010-03-01 09:24:00,1.69,14949,United Kingdom,UK
499513,21173,LOO ROLL  METAL SIGN,12,2010-03-01 09:24:00,1.65,14949,United Kingdom,UK
499513,21181,PLEASE ONE PERSON METAL SIGN,12,2010-03-01 09:24:00,2.1,14949,United Kingdom,UK
499513,21232,STRAWBERRY CERAMIC TRINKET BOX,12,2010-03-01 09:24:00,1.25,14949,United Kingdom,UK
499513,22054,MINI CAKE STAND HANGING HEARTS,8,2010-03-01 09:24:00,1.65,14949,United Kingdom,UK
499513,82600,NO SINGING METAL SIGN,12,2010-03-01 09:24:00,2.1,14949,United Kingdom,UK
499515,21670,BLUE SPOT CERAMIC DRAWER KNOB,24,2010-03-01 09:30:00,1.25,16202,United Kingdom,UK
499516,20712,JUMBO BAG WOODLAND ANIMALS,10,2010-03-01 09:56:00,1.95,12779,Poland,Europe
499516,21232,STRAWBERRY CERAMIC TRINKET BOX,48,2010-03-01 09:56:00,1.25,12779,Poland,Europe
499516,21930,JUMBO STORAGE BAG SKULLS,10,2010-03-01 09:56:00,1.95,12779,Poland,Europe
499516,22055,MINI CAKE STAND  HANGING STRAWBERY,16,2010-03-01 09:56:00,1.65,12779,Poland,Europe
499516,22057,CERAMIC PLATE STRAWBERRY DESIGN,12,2010-03-01 09:56:00,1.49,12779,Poland,Europe
499516,22063,CERAMIC BOWL WITH STRAWBERRY DESIGN,6,2010-03-01 09:56:00,2.95,12779,Poland,Europe
499516,22178,VICTORIAN GLASS HANGING T-LIGHT,12,2010-03-01 09:56:00,1.25,12779,Poland,Europe
499516,37447,CERAMIC CAKE DESIGN SPOTTED PLATE,12,2010-03-01 09:56:00,1.49,12779,Poland,Europe
499516,47504E,ENGLISH ROSE SCISSORS,12,2010-03-01 09:56:00,1.25,12779,Poland,Europe
499516,47504K,ENGLISH ROSE GARDEN SECATEURS,12,2010-03-01 09:56:00,1.95,12779,Poland,Europe
499516,47559B,TEA TIME OVEN GLOVE,10,2010-03-01 09:56:00,1.25,12779,Poland,Europe
499516,47591B,SCOTTIES DES CHILD'S APRON,8,2010-03-01 09:56:00,1.65,12779,Poland,Europe
499516,47591D,PINK FAIRY CAKE CHILD'S APRON,8,2010-03-01 09:56:00,1.95,12779,Poland,Europe
499516,84815,SET OF 3 DANISH ROSE PLANTERS,6,2010-03-01 09:56:00,4.25,12779,Poland,Europe
499516,84949,SILVER HANGING T-LIGHT HOLDER,12,2010-03-01 09:56:00,1.65,12779,Poland,Europe
499517,20712,JUMBO BAG WOODLAND ANIMALS,10,2010-03-01 09:58:00,1.95,12598,France,Europe
499517,20725,LUNCH BAG RED SPOTTY,10,2010-03-01 09:58:00,1.65,12598,France,Europe
499517,20726,LUNCH BAG WOODLAND,10,2010-03-01 09:58:00,1.65,12598,France,Europe
499517,20750,RED/WHITE DOT MINI CASES,2,2010-03-01 09:58:00,7.95,12598,France,Europe
499517,20977,36 PENCILS TUBE WOODLAND,16,2010-03-01 09:58:00,1.25,12598,France,Europe
499517,20979,36 PENCILS TUBE RED SPOTTY,16,2010-03-01 09:58:00,1.25,12598,France,Europe
499517,20981,12 PENCILS TALL TUBE WOODLAND,12,2010-03-01 09:58:00,0.85,12598,France,Europe
499517,20983,12 PENCILS TALL TUBE RED SPOTTY,12,2010-03-01 09:58:00,0.85,12598,France,Europe
499517,21058,PARTY INVITES WOODLAND,12,2010-03-01 09:58:00,0.85,12598,France,Europe
499517,21077,SET/20 WOODLAND PAPER NAPKINS,12,2010-03-01 09:58:00,0.85,12598,France,Europe
499517,21080,SET/20 RED SPOTTY PAPER NAPKINS,12,2010-03-01 09:58:00,0.85,12598,France,Europe
499517,21085,SET/6 WOODLAND PAPER CUPS,12,2010-03-01 09:58:00,0.65,12598,France,Europe
499517,21091,SET/6 WOODLAND PAPER PLATES,12,2010-03-01 09:58:00,0.85,12598,France,Europe
499517,21094,SET/6 RED SPOTTY PAPER PLATES,12,2010-03-01 09:58:00,0.85,12598,France,Europe
499517,21121,SET/10 RED SPOTTY PARTY CANDLES,24,2010-03-01 09:58:00,1.25,12598,France,Europe
499517,21226,POCKET MIRROR WOODLAND,15,2010-03-01 09:58:00,1.25,12598,France,Europe
499517,21239,PINK  SPOTTY CUP,8,2010-03-01 09:58:00,0.85,12598,France,Europe
499517,21240,BLUE  SPOTTY CUP,8,2010-03-01 09:58:00,0.85,12598,France,Europe
499517,21243,PINK  SPOTTY PLATE,8,2010-03-01 09:58:00,1.69,12598,France,Europe
499517,21244,BLUE  SPOTTY PLATE,8,2010-03-01 09:58:00,1.69,12598,France,Europe
499517,21432,SET OF 3 CASES WOODLAND DESIGN,2,2010-03-01 09:58:00,5.95,12598,France,Europe
499517,21542,WOODLAND WATER TRANSFER TATTOOS,12,2010-03-01 09:58:00,0.85,12598,France,Europe
499517,21559,STRAWBERRY LUNCHBOX WITH CUTLERY,6,2010-03-01 09:58:00,2.55,12598,France,Europe
499517,21680,WOODLAND  STICKERS,12,2010-03-01 09:58:00,0.85,12598,France,Europe
499517,21715,GIRLS VINTAGE TIN SEASIDE BUCKET,8,2010-03-01 09:58:00,2.55,12598,France,Europe
499517,21716,BOYS VINTAGE TIN SEASIDE BUCKET,8,2010-03-01 09:58:00,2.55,12598,France,Europe
499517,21731,RED TOADSTOOL LED NIGHT LIGHT,12,2010-03-01 09:58:00,1.65,12598,France,Europe
499517,21791,VINTAGE HEADS AND TAILS CARD GAME,12,2010-03-01 09:58:00,1.25,12598,France,Europe
499517,21913,VINTAGE SEASIDE JIGSAW PUZZLES,4,2010-03-01 09:58:00,3.75,12598,France,Europe
499517,22090,PAPER BUNTING RETRO SPOTS,12,2010-03-01 09:58:00,2.95,12598,France,Europe
499517,22138,BAKING SET 9 PIECE RETROSPOT,6,2010-03-01 09:58:00,4.95,12598,France,Europe
499517,22352,LUNCHBOX WITH CUTLERY RETROSPOT,6,2010-03-01 09:58:00,2.55,12598,France,Europe
499517,22353,LUNCHBOX WITH CUTLERY FAIRY CAKES,6,2010-03-01 09:58:00,2.55,12598,France,Europe
499517,84997B,RED 3 PIECE MINI DOTS CUTLERY SET,6,2010-03-01 09:58:00,3.75,12598,France,Europe
499517,84997C,BLUE 3 PIECE MINI DOTS CUTLERY SET,6,2010-03-01 09:58:00,3.75,12598,France,Europe
499517,85099B,JUMBO BAG RED WHITE SPOTTY,10,2010-03-01 09:58:00,1.95,12598,France,Europe
499517,POST,POSTAGE,3,2010-03-01 09:58:00,18.0,12598,France,Europe
499519,20838,FRENCH LATTICE CUSHION COVER,36,2010-03-01 10:06:00,0.85,13694,United Kingdom,UK
499519,20840,FRENCH FLORAL CUSHION COVER,36,2010-03-01 10:06:00,0.85,13694,United Kingdom,UK
499520,21298,EDWARDIAN 2 DRAWER WALL CABINET,4,2010-03-01 10:07:00,12.75,13694,United Kingdom,UK
499520,21299,EDWARDIAN TOILET ROLL UNIT,12,2010-03-01 10:07:00,3.95,13694,United Kingdom,UK
499520,21300,ANTIQUE EDWARDIAN DRESSER,16,2010-03-01 10:07:00,12.75,13694,United Kingdom,UK
499520,21303,FILIGREE WALL MIRROR  ANTIQUE WHITE,20,2010-03-01 10:07:00,5.95,13694,United Kingdom,UK
499520,84984B,RED PEONY CUSHION COVER,100,2010-03-01 10:07:00,1.25,13694,United Kingdom,UK
499520,84984C,ORIENTAL BLUE CUSHION COVER,100,2010-03-01 10:07:00,1.25,13694,United Kingdom,UK
499520,84984D,ORIENTAL RED CUSHION COVER,100,2010-03-01 10:07:00,1.25,13694,United Kingdom,UK
499521,15044A,PINK PAPER PARASOL,50,2010-03-01 10:14:00,2.55,13694,United Kingdom,UK
499521,15044C,PURPLE PAPER PARASOL,50,2010-03-01 10:14:00,2.55,13694,United Kingdom,UK
499521,15044D,RED PAPER PARASOL,50,2010-03-01 10:14:00,2.55,13694,United Kingdom,UK
499521,20984,12 PENCILS TALL TUBE POSY,192,2010-03-01 10:14:00,0.72,13694,United Kingdom,UK
499521,21165,BEWARE OF THE CAT METAL SIGN,48,2010-03-01 10:14:00,1.45,13694,United Kingdom,UK
499521,21166,COOK WITH WINE METAL SIGN,48,2010-03-01 10:14:00,1.69,13694,United Kingdom,UK
499521,21175,GIN + TONIC DIET METAL SIGN,48,2010-03-01 10:14:00,1.85,13694,United Kingdom,UK
499521,21407,BROWN CHECK CAT DOORSTOP,32,2010-03-01 10:14:00,3.75,13694,United Kingdom,UK
499521,21656,RIDGED GLASS POSY VASE,36,2010-03-01 10:14:00,1.25,13694,United Kingdom,UK
499521,21665,TRIANGULAR RIDGED GLASS POSY HOLDER,72,2010-03-01 10:14:00,0.55,13694,United Kingdom,UK
499521,22327,ROUND SNACK BOXES SET OF 4 SKULLS,48,2010-03-01 10:14:00,2.55,13694,United Kingdom,UK
499521,71495A,CD WALL TIDY BLUE OFFICE,96,2010-03-01 10:14:00,0.36,13694,United Kingdom,UK
499521,71495B,CD WALL TIDY RED FLOWERS,96,2010-03-01 10:14:00,0.36,13694,United Kingdom,UK
499521,71496A,A4 WALL TIDY BLUE OFFICE,96,2010-03-01 10:14:00,0.53,13694,United Kingdom,UK
499521,75049L,LARGE CIRCULAR MIRROR MOBILE,96,2010-03-01 10:14:00,0.85,13694,United Kingdom,UK
499521,82580,BATHROOM METAL SIGN,250,2010-03-01 10:14:00,0.42,13694,United Kingdom,UK
499521,82585,SWEET VALENCIA CANDLE+CUP,48,2010-03-01 10:14:00,1.06,13694,United Kingdom,UK
499521,84051,ASS COLOUR GLOWING TIARAS,120,2010-03-01 10:14:00,0.64,13694,United Kingdom,UK
499521,84077,WORLD WAR 2 GLIDERS ASSTD DESIGNS,288,2010-03-01 10:14:00,0.18,13694,United Kingdom,UK
499521,84422,PINK/BLUE DISC/MIRROR STRING,72,2010-03-01 10:14:00,0.65,13694,United Kingdom,UK
499521,85042,ANTIQUE LILY FAIRY LIGHTS,24,2010-03-01 10:14:00,4.25,13694,United Kingdom,UK
499521,85124A,PINK JUICY FRUIT PHOTO FRAME,36,2010-03-01 10:14:00,2.1,13694,United Kingdom,UK
499521,85124B,BLUE JUICY FRUIT PHOTO FRAME,36,2010-03-01 10:14:00,2.1,13694,United Kingdom,UK
499521,85124C,GREEN JUICY FRUIT PHOTO FRAME,36,2010-03-01 10:14:00,2.1,13694,United Kingdom,UK
499521,85150,LADIES & GENTLEMEN METAL SIGN,48,2010-03-01 10:14:00,2.1,13694,United Kingdom,UK
499521,85162B,BLACK RETRODISC LAMPSHADE,120,2010-03-01 10:14:00,1.95,13694,United Kingdom,UK
499521,85162C,WHITE RETRODISC LAMPSHADE,48,2010-03-01 10:14:00,1.95,13694,United Kingdom,UK
499523,20754,RETRO RED SPOTTY WASHING UP GLOVES,72,2010-03-01 10:17:00,1.69,13694,United Kingdom,UK
499523,21216,"SET 3 RED SPOT TIN TEA,COFFEE,SUGAR",24,2010-03-01 10:17:00,4.25,13694,United Kingdom,UK
499523,21232,STRAWBERRY CERAMIC TRINKET BOX,288,2010-03-01 10:17:00,1.06,13694,United Kingdom,UK
499523,21934,SKULL SHOULDER BAG,100,2010-03-01 10:17:00,1.45,13694,United Kingdom,UK
499523,21935,SUKI  SHOULDER BAG,100,2010-03-01 10:17:00,1.45,13694,United Kingdom,UK
499523,22055,MINI CAKE STAND  HANGING STRAWBERY,160,2010-03-01 10:17:00,1.45,13694,United Kingdom,UK
499523,22066,LOVE HEART TRINKET POT,192,2010-03-01 10:17:00,1.25,13694,United Kingdom,UK
499523,22073,RETRO SPOT STORAGE JAR,16,2010-03-01 10:17:00,3.39,13694,United Kingdom,UK
499523,37343,SPOTS DESIGN MUG W PINK INSIDE,48,2010-03-01 10:17:00,1.27,13694,United Kingdom,UK
499523,37467,PIG MUG IN TWO COLOUR DESIGNS,12,2010-03-01 10:17:00,0.85,13694,United Kingdom,UK
499523,47559B,TEA TIME OVEN GLOVE,50,2010-03-01 10:17:00,1.06,13694,United Kingdom,UK
499523,47568,ENGLISH ROSE DESIGN PEG BAG,100,2010-03-01 10:17:00,1.69,13694,United Kingdom,UK
499523,79066K,RETRO MOD TRAY,48,2010-03-01 10:17:00,0.64,13694,United Kingdom,UK
499523,79190B,RETRO PLASTIC POLKA TRAY,300,2010-03-01 10:17:00,0.32,13694,United Kingdom,UK
499523,79191B,RETRO PLASTIC POLKA TRAY,144,2010-03-01 10:17:00,0.63,13694,United Kingdom,UK
499523,84050,PINK HEART SHAPE EGG FRYING PAN,72,2010-03-01 10:17:00,1.25,13694,United Kingdom,UK
499524,17001,HEAVENS SCENT FRAGRANCE OILS ASSTD,432,2010-03-01 10:19:00,0.21,13694,United Kingdom,UK
499524,17021,NAMASTE SWAGAT INCENSE,600,2010-03-01 10:19:00,0.24,13694,United Kingdom,UK
499524,17084R,ASSORTED INCENSE PACK,1440,2010-03-01 10:19:00,0.16,13694,United Kingdom,UK
499524,17096,ASSORTED LAQUERED INCENSE HOLDERS,576,2010-03-01 10:19:00,0.17,13694,United Kingdom,UK
499524,21076,SET/20 COLLAGE PAPER NAPKIN,96,2010-03-01 10:19:00,0.64,13694,United Kingdom,UK
499524,21077,SET/20 WOODLAND PAPER NAPKINS,96,2010-03-01 10:19:00,0.64,13694,United Kingdom,UK
499524,21080,SET/20 RED SPOTTY PAPER NAPKINS,192,2010-03-01 10:19:00,0.64,13694,United Kingdom,UK
499524,21082,SET/20 FRUIT SALAD PAPER NAPKINS,96,2010-03-01 10:19:00,0.64,13694,United Kingdom,UK
499524,21212,PACK OF 72 RETRO SPOT CAKE CASES,120,2010-03-01 10:19:00,0.42,13694,United Kingdom,UK
499524,21213,PACK OF 72 SKULL CAKE CASES,360,2010-03-01 10:19:00,0.42,13694,United Kingdom,UK
499524,21215,IVORY PAPER CUP CAKE CASES,120,2010-03-01 10:19:00,0.42,13694,United Kingdom,UK
499524,21977,PACK OF 60 PINK PAISLEY CAKE CASES,120,2010-03-01 10:19:00,0.42,13694,United Kingdom,UK
499524,21989,PACK OF 20 SKULL PAPER NAPKINS,192,2010-03-01 10:19:00,0.64,13694,United Kingdom,UK
499524,22417,PACK OF 60 SPACEBOY CAKE CASES,120,2010-03-01 10:19:00,0.42,13694,United Kingdom,UK
499524,35160,BUDDHA INCENSE HOLDER ASSORTED,144,2010-03-01 10:19:00,0.72,13694,United Kingdom,UK
499524,72225C,LAVENDER SCENT CAKE CANDLE,576,2010-03-01 10:19:00,0.21,13694,United Kingdom,UK
499524,72225D,VANILLA SCENT CAKE CANDLE,576,2010-03-01 10:19:00,0.21,13694,United Kingdom,UK
499524,84989A,75 GREEN FAIRY CAKE CASES,120,2010-03-01 10:19:00,0.42,13694,United Kingdom,UK
499524,84991,60 TEATIME FAIRY CAKE CASES,240,2010-03-01 10:19:00,0.42,13694,United Kingdom,UK
499524,84992,72 SWEETHEART FAIRY CAKE CASES,240,2010-03-01 10:19:00,0.42,13694,United Kingdom,UK
499525,18007,ESSENTIAL BALM 3.5g TIN IN ENVELOPE,1200,2010-03-01 10:21:00,0.11,13694,United Kingdom,UK
499526,15056N,EDWARDIAN PARASOL NATURAL,2,2010-03-01 10:36:00,5.95,17241,United Kingdom,UK
499526,20749,ASSORTED COLOUR MINI CASES,2,2010-03-01 10:36:00,7.95,17241,United Kingdom,UK
499526,20750,RED/WHITE DOT MINI CASES,2,2010-03-01 10:36:00,7.95,17241,United Kingdom,UK
499526,22178,VICTORIAN GLASS HANGING T-LIGHT,6,2010-03-01 10:36:00,1.25,17241,United Kingdom,UK
499526,84619,BLUE GINGHAM ROSE QUILT,5,2010-03-01 10:36:00,12.75,17241,United Kingdom,UK
499526,85125,SMALL ROUND CUT GLASS CANDLESTICK,2,2010-03-01 10:36:00,4.95,17241,United Kingdom,UK
499527,21181,PLEASE ONE PERSON METAL SIGN,12,2010-03-01 11:04:00,2.1,14870,United Kingdom,UK
499527,21298,EDWARDIAN 2 DRAWER WALL CABINET,4,2010-03-01 11:04:00,12.75,14870,United Kingdom,UK
499527,21299,EDWARDIAN TOILET ROLL UNIT,12,2010-03-01 11:04:00,3.95,14870,United Kingdom,UK
499527,21300,ANTIQUE EDWARDIAN DRESSER,4,2010-03-01 11:04:00,12.75,14870,United Kingdom,UK
499527,21533,RETRO SPOT LARGE MILK JUG,3,2010-03-01 11:04:00,4.95,14870,United Kingdom,UK
499527,21535,RETRO SPOT SMALL MILK JUG,6,2010-03-01 11:04:00,2.55,14870,United Kingdom,UK
499527,21539,RETRO SPOTS BUTTER DISH,3,2010-03-01 11:04:00,4.95,14870,United Kingdom,UK
499527,21843,RETRO SPOT CAKE STAND,2,2010-03-01 11:04:00,10.95,14870,United Kingdom,UK
499527,22413,METAL SIGN TAKE IT OR LEAVE IT,6,2010-03-01 11:04:00,2.95,14870,United Kingdom,UK
499527,22495,SET OF 2 ROUND TINS CAMEMBERT,6,2010-03-01 11:04:00,2.95,14870,United Kingdom,UK
499527,22498,WOODEN REGATTA BUNTING,3,2010-03-01 11:04:00,5.95,14870,United Kingdom,UK
499527,22499,WOODEN UNION JACK BUNTING,3,2010-03-01 11:04:00,5.95,14870,United Kingdom,UK
499527,84619,BLUE GINGHAM ROSE QUILT,5,2010-03-01 11:04:00,12.75,14870,United Kingdom,UK
499527,84638,SMALL KITCHEN FLOWER POTS PLAQUE,16,2010-03-01 11:04:00,1.45,14870,United Kingdom,UK
499528,21034,REX CASH+CARRY JUMBO SHOPPER,1,2010-03-01 11:18:00,0.95,17865,United Kingdom,UK
499528,21165,BEWARE OF THE CAT METAL SIGN,48,2010-03-01 11:18:00,1.45,17865,United Kingdom,UK
499528,21668,RED STRIPE CERAMIC DRAWER KNOB,12,2010-03-01 11:18:00,1.25,17865,United Kingdom,UK
499528,21669,BLUE STRIPE CERAMIC DRAWER KNOB,12,2010-03-01 11:18:00,1.25,17865,United Kingdom,UK
499528,21670,BLUE SPOT CERAMIC DRAWER KNOB,12,2010-03-01 11:18:00,1.25,17865,United Kingdom,UK
499528,21672,WHITE SPOT RED CERAMIC DRAWER KNOB,18,2010-03-01 11:18:00,1.25,17865,United Kingdom,UK
499528,21673,WHITE SPOT BLUE CERAMIC DRAWER KNOB,12,2010-03-01 11:18:00,1.25,17865,United Kingdom,UK
499528,22070,SMALL RETRO SPOT MUG IN BOX  RED,2,2010-03-01 11:18:00,3.75,17865,United Kingdom,UK
499528,22071,SMALL RETRO SPOT MUG IN BOX  WHITE,2,2010-03-01 11:18:00,3.75,17865,United Kingdom,UK
499528,22072,TEA CUP AND SAUCER RETRO SPOT,8,2010-03-01 11:18:00,3.75,17865,United Kingdom,UK
499528,22413,METAL SIGN TAKE IT OR LEAVE IT,12,2010-03-01 11:18:00,2.95,17865,United Kingdom,UK
499528,37448,CERAMIC CAKE DESIGN SPOTTED MUG,5,2010-03-01 11:18:00,1.49,17865,United Kingdom,UK
499529,10002,INFLATABLE POLITICAL GLOBE,36,2010-03-01 11:28:00,0.85,13010,United Kingdom,UK
499529,21866,UNION JACK FLAG LUGGAGE TAG,24,2010-03-01 11:28:00,1.25,13010,United Kingdom,UK
499529,22023,EMPIRE BIRTHDAY CARD,24,2010-03-01 11:28:00,0.42,13010,United Kingdom,UK
499529,22047,EMPIRE GIFT WRAP,25,2010-03-01 11:28:00,0.42,13010,United Kingdom,UK
499529,22207,FRYING PAN UNION FLAG,12,2010-03-01 11:28:00,4.25,13010,United Kingdom,UK
499529,48138,DOOR MAT UNION FLAG,6,2010-03-01 11:28:00,7.49,13010,United Kingdom,UK
499532,20679,EDWARDIAN PARASOL RED,6,2010-03-01 11:33:00,5.95,15219,United Kingdom,UK
499532,20910,VINTAGE PHOTO ALBUM PARIS DAYS,6,2010-03-01 11:33:00,6.35,15219,United Kingdom,UK
499532,21114,LAVENDER SCENTED FABRIC HEART,10,2010-03-01 11:33:00,1.25,15219,United Kingdom,UK
499532,21135,VICTORIAN  METAL POSTCARD SPRING,16,2010-03-01 11:33:00,1.69,15219,United Kingdom,UK
499532,21232,STRAWBERRY CERAMIC TRINKET BOX,12,2010-03-01 11:33:00,1.25,15219,United Kingdom,UK
499532,21278,VINTAGE KITCHEN PRINT PUDDINGS,6,2010-03-01 11:33:00,2.55,15219,United Kingdom,UK
499532,21384,IVORY HANGING DECORATION  BUTTERFLY,24,2010-03-01 11:33:00,0.85,15219,United Kingdom,UK
499532,22220,CAKE STAND LOVEBIRD 2 TIER WHITE,4,2010-03-01 11:33:00,9.95,15219,United Kingdom,UK
499532,22227,"DECORATION, HANGING HEART+MIRROR",24,2010-03-01 11:33:00,0.65,15219,United Kingdom,UK
499532,22261,FELT EGG COSY WHITE RABBIT,12,2010-03-01 11:33:00,0.85,15219,United Kingdom,UK
499532,22297,HEART IVORY TRELLIS SMALL,24,2010-03-01 11:33:00,1.25,15219,United Kingdom,UK
499532,35961,FOLKART ZINC HEART CHRISTMAS DEC,12,2010-03-01 11:33:00,0.85,15219,United Kingdom,UK
499532,35971,ROSE FOLKART HEART DECORATIONS,24,2010-03-01 11:33:00,1.25,15219,United Kingdom,UK
499532,84459A,PINK METAL CHICKEN HEART,12,2010-03-01 11:33:00,1.49,15219,United Kingdom,UK
499532,84459B,YELLOW METAL CHICKEN HEART,12,2010-03-01 11:33:00,1.49,15219,United Kingdom,UK
499532,85006,SET 4 NURSERY DES ROUND BOXES,6,2010-03-01 11:33:00,2.95,15219,United Kingdom,UK
499532,85008,SET OF 3 CONEY ISLAND OVAL BOXES,16,2010-03-01 11:33:00,1.65,15219,United Kingdom,UK
499533,20685,DOOR MAT RED SPOT,1,2010-03-01 11:34:00,7.49,17362,United Kingdom,UK
499533,21437,24 HANGING EASTER EGGS FLORAL TUB,2,2010-03-01 11:34:00,3.75,17362,United Kingdom,UK
499533,21549,CERAMIC BIRDHOUSE RED ROOF SMALL,2,2010-03-01 11:34:00,2.95,17362,United Kingdom,UK
499533,22228,BUNNY WOODEN PAINTED WITH BIRD,3,2010-03-01 11:34:00,0.85,17362,United Kingdom,UK
499533,22231,JIGSAW TREE WITH BIRDHOUSE,2,2010-03-01 11:34:00,1.45,17362,United Kingdom,UK
499533,22291,"SPRING DEC , HANGING CHICK CREAM",3,2010-03-01 11:34:00,1.45,17362,United Kingdom,UK
499533,22292,"SPRING DEC , HANGING CHICK  YELLOW",3,2010-03-01 11:34:00,1.45,17362,United Kingdom,UK
499533,22293,"SPRING DEC , HANGING CHICK  GREEN",4,2010-03-01 11:34:00,1.45,17362,United Kingdom,UK
499533,22300,COFFEE MUG DOG + BALL DESIGN,3,2010-03-01 11:34:00,2.55,17362,United Kingdom,UK
499533,22301,COFFEE MUG CAT + BIRD DESIGN,2,2010-03-01 11:34:00,2.55,17362,United Kingdom,UK
499533,22302,COFFEE MUG PEARS  DESIGN,2,2010-03-01 11:34:00,2.55,17362,United Kingdom,UK
499533,22303,COFFEE MUG APPLES DESIGN,2,2010-03-01 11:34:00,2.55,17362,United Kingdom,UK
499533,48129,DOOR MAT TOPIARY,1,2010-03-01 11:34:00,7.49,17362,United Kingdom,UK
499533,79323P,PINK CHERRY LIGHTS,2,2010-03-01 11:34:00,6.75,17362,United Kingdom,UK
499533,79323W,WHITE CHERRY LIGHTS,2,2010-03-01 11:34:00,6.75,17362,United Kingdom,UK
499533,84978,HANGING HEART JAR T-LIGHT HOLDER,24,2010-03-01 11:34:00,1.25,17362,United Kingdom,UK
499533,85194S,HANGING SPRING FLOWER EGG SMALL,12,2010-03-01 11:34:00,0.65,17362,United Kingdom,UK
499534,85123A,WHITE HANGING HEART T-LIGHT HOLDER,100,2010-03-01 11:36:00,2.55,16013,United Kingdom,UK
499535,21035,SET/2 RED SPOTTY TEA TOWELS,5,2010-03-01 11:45:00,2.95,14527,United Kingdom,UK
499535,21041,RED SPOTTY OVEN GLOVE DOUBLE,5,2010-03-01 11:45:00,2.95,14527,United Kingdom,UK
499535,21042,RED SPOTTY APRON,6,2010-03-01 11:45:00,5.95,14527,United Kingdom,UK
499535,21257,VICTORIAN SEWING BOX MEDIUM,2,2010-03-01 11:45:00,7.95,14527,United Kingdom,UK
499535,21258,VICTORIAN SEWING BOX LARGE,1,2010-03-01 11:45:00,12.75,14527,United Kingdom,UK
499535,21299,EDWARDIAN TOILET ROLL UNIT,6,2010-03-01 11:45:00,3.95,14527,United Kingdom,UK
499535,21410,COUNTRY COTTAGE  DOORSTOP GREEN,1,2010-03-01 11:45:00,4.25,14527,United Kingdom,UK
499535,21629,SQUARE FLOOR CUSHION VINTAGE RED,1,2010-03-01 11:45:00,7.95,14527,United Kingdom,UK
499535,21706,"FOLDING UMBRELLA , RED/WHITE SPOT",1,2010-03-01 11:45:00,4.95,14527,United Kingdom,UK
499535,22072,TEA CUP AND SAUCER RETRO SPOT,4,2010-03-01 11:45:00,3.75,14527,United Kingdom,UK
499535,37502,TEA TIME MUG IN GIFT BOX,2,2010-03-01 11:45:00,2.95,14527,United Kingdom,UK
499535,47562,ENGLISH ROSE IRONING BOARD COVER,2,2010-03-01 11:45:00,3.75,14527,United Kingdom,UK
499535,47566B,TEA TIME PARTY BUNTING,2,2010-03-01 11:45:00,4.65,14527,United Kingdom,UK
499535,47570,ENGLISH ROSE TABLE CLOTH,1,2010-03-01 11:45:00,10.65,14527,United Kingdom,UK
499535,47580,TEA TIME DES TEA COSY,3,2010-03-01 11:45:00,2.55,14527,United Kingdom,UK
499535,79072,TEATIME CAKE TIN WITH HANDLE,1,2010-03-01 11:45:00,9.95,14527,United Kingdom,UK
499535,84619,BLUE GINGHAM ROSE QUILT,5,2010-03-01 11:45:00,12.75,14527,United Kingdom,UK
499535,84653,GREEN ROSE QUILT,1,2010-03-01 11:45:00,45.95,14527,United Kingdom,UK
499535,84660B,BLACK STITCHED WALL CLOCK,1,2010-03-01 11:45:00,3.75,14527,United Kingdom,UK
499535,84661A,WHITE SQUARE TABLE CLOCK,1,2010-03-01 11:45:00,2.55,14527,United Kingdom,UK
499535,84795A,PASTEL STRIPE HAMMOCK,1,2010-03-01 11:45:00,7.95,14527,United Kingdom,UK
499535,84795B,SUNSET CHECK HAMMOCK,2,2010-03-01 11:45:00,7.95,14527,United Kingdom,UK
499535,84795C,OCEAN STRIPE HAMMOCK,2,2010-03-01 11:45:00,7.95,14527,United Kingdom,UK
499535,84795D,SEASIDE STRIPE HAMMOCK,1,2010-03-01 11:45:00,7.95,14527,United Kingdom,UK
499542,20978,36 PENCILS TUBE SKULLS,1,2010-03-01 11:59:00,1.25,14131,United Kingdom,UK
499542,20979,36 PENCILS TUBE RED SPOTTY,1,2010-03-01 11:59:00,1.25,14131,United Kingdom,UK
499542,21114,LAVENDER SCENTED FABRIC HEART,5,2010-03-01 11:59:00,1.25,14131,United Kingdom,UK
499542,21134,VICTORIAN METAL POSTCARD CHRISTMAS,1,2010-03-01 11:59:00,1.65,14131,United Kingdom,UK
499542,21135,VICTORIAN  METAL POSTCARD SPRING,1,2010-03-01 11:59:00,1.69,14131,United Kingdom,UK
499542,21255,"FRENCH BOTTLE , LAVENDER",1,2010-03-01 11:59:00,1.65,14131,United Kingdom,UK
499542,21260,FIRST AID TIN,1,2010-03-01 11:59:00,3.25,14131,United Kingdom,UK
499542,21272,SALLE DE BAIN HOOK,3,2010-03-01 11:59:00,1.25,14131,United Kingdom,UK
499542,21328,BALLOONS  WRITING SET,1,2010-03-01 11:59:00,1.65,14131,United Kingdom,UK
499542,21363,HOME SMALL WOOD LETTERS,1,2010-03-01 11:59:00,4.95,14131,United Kingdom,UK
499542,21384,IVORY HANGING DECORATION  BUTTERFLY,3,2010-03-01 11:59:00,0.85,14131,United Kingdom,UK
499542,21385,IVORY HANGING DECORATION  HEART,3,2010-03-01 11:59:00,0.85,14131,United Kingdom,UK
499542,21391,FRENCH EMROIDR LAVENDER SCENT HEART,3,2010-03-01 11:59:00,2.1,14131,United Kingdom,UK
499542,21447,12 IVORY ROSE PEG PLACE SETTINGS,1,2010-03-01 11:59:00,1.25,14131,United Kingdom,UK
499542,21742,LARGE ROUND WICKER PLATTER,1,2010-03-01 11:59:00,5.95,14131,United Kingdom,UK
499542,21755,LOVE BUILDING BLOCK WORD,1,2010-03-01 11:59:00,5.95,14131,United Kingdom,UK
499542,21756,BATH BUILDING BLOCK WORD,1,2010-03-01 11:59:00,5.95,14131,United Kingdom,UK
499542,21770,OPEN CLOSED METAL SIGN,2,2010-03-01 11:59:00,4.95,14131,United Kingdom,UK
499542,21773,DECORATIVE ROSE BATHROOM BOTTLE,1,2010-03-01 11:59:00,1.25,14131,United Kingdom,UK
499542,21775,DECORATIVE FLORE BATHROOM BOTTLE,1,2010-03-01 11:59:00,1.25,14131,United Kingdom,UK
499542,21837,CROSS STITCH ALPHABET CUSHION COVER,1,2010-03-01 11:59:00,5.95,14131,United Kingdom,UK
499542,21896,POTTING SHED TWINE,1,2010-03-01 11:59:00,2.1,14131,United Kingdom,UK
499542,22078,RIBBON REEL LACE DESIGN,5,2010-03-01 11:59:00,2.1,14131,United Kingdom,UK
499542,22178,VICTORIAN GLASS HANGING T-LIGHT,6,2010-03-01 11:59:00,1.25,14131,United Kingdom,UK
499542,22227,"DECORATION, HANGING HEART+MIRROR",1,2010-03-01 11:59:00,0.65,14131,United Kingdom,UK
499542,22227,"DECORATION, HANGING HEART+MIRROR",3,2010-03-01 11:59:00,0.65,14131,United Kingdom,UK
499542,22253,6 CROCHET STRAWBERRIES,1,2010-03-01 11:59:00,1.25,14131,United Kingdom,UK
499542,22294,HEART FILIGREE DOVE  SMALL,3,2010-03-01 11:59:00,1.25,14131,United Kingdom,UK
499542,22297,HEART IVORY TRELLIS SMALL,2,2010-03-01 11:59:00,1.25,14131,United Kingdom,UK
499542,22335,HEART DECORATION PAINTED ZINC,5,2010-03-01 11:59:00,0.65,14131,United Kingdom,UK
499542,22494,EMERGENCY FIRST AID TIN,1,2010-03-01 11:59:00,1.25,14131,United Kingdom,UK
499542,22500,SET OF 2 TINS JARDIN DE PROVENCE,1,2010-03-01 11:59:00,4.95,14131,United Kingdom,UK
499542,35095B,RED VICTORIAN FABRIC OVAL BOX,6,2010-03-01 11:59:00,0.42,14131,United Kingdom,UK
499542,35096A,BLUE VICTORIAN FABRIC HEART BOX,6,2010-03-01 11:59:00,0.42,14131,United Kingdom,UK
499542,46000S,POLYESTER FILLER PAD 40x40cm,1,2010-03-01 11:59:00,1.45,14131,United Kingdom,UK
499542,82607C,GLASS BONBON JAR. SUPERFINES,2,2010-03-01 11:59:00,1.25,14131,United Kingdom,UK
499542,84050,PINK HEART SHAPE EGG FRYING PAN,1,2010-03-01 11:59:00,1.65,14131,United Kingdom,UK
499542,84691,PACK 20 DOLLY PEGS,3,2010-03-01 11:59:00,0.85,14131,United Kingdom,UK
499542,84755,COLOUR GLASS T-LIGHT HOLDER HANGING,8,2010-03-01 11:59:00,0.65,14131,United Kingdom,UK
499542,84773,RED ROSE AND LACE C/COVER,2,2010-03-01 11:59:00,2.95,14131,United Kingdom,UK
499542,84800M,MEDIUM WHITE/PINK ROSE ART FLOWER,6,2010-03-01 11:59:00,1.69,14131,United Kingdom,UK
499542,84836,ZINC METAL HEART DECORATION,3,2010-03-01 11:59:00,1.25,14131,United Kingdom,UK
499542,84847,FLORAL BATHROOM SET,1,2010-03-01 11:59:00,3.75,14131,United Kingdom,UK
499542,84877B,GREEN ROUND COMPACT MIRROR,1,2010-03-01 11:59:00,3.75,14131,United Kingdom,UK
499542,85054,FRENCH ENAMEL POT W LID,1,2010-03-01 11:59:00,2.95,14131,United Kingdom,UK
499542,85059,FRENCH ENAMEL WATER BASIN,1,2010-03-01 11:59:00,3.75,14131,United Kingdom,UK
499549,21524,DOOR MAT SPOTTY HOME SWEET HOME,2,2010-03-01 12:04:00,7.49,18231,United Kingdom,UK
499549,21621,VINTAGE UNION JACK BUNTING,4,2010-03-01 12:04:00,8.5,18231,United Kingdom,UK
499549,21668,RED STRIPE CERAMIC DRAWER KNOB,18,2010-03-01 12:04:00,1.25,18231,United Kingdom,UK
499549,21673,WHITE SPOT BLUE CERAMIC DRAWER KNOB,12,2010-03-01 12:04:00,1.25,18231,United Kingdom,UK
499549,21754,HOME BUILDING BLOCK WORD,3,2010-03-01 12:04:00,5.95,18231,United Kingdom,UK
499549,21908,CHOCOLATE THIS WAY METAL SIGN,5,2010-03-01 12:04:00,2.1,18231,United Kingdom,UK
499549,21955,DOOR MAT UNION JACK GUNS AND ROSES,2,2010-03-01 12:04:00,7.49,18231,United Kingdom,UK
499549,21955,DOOR MAT UNION JACK GUNS AND ROSES,3,2010-03-01 12:04:00,7.49,18231,United Kingdom,UK
499549,22021,BLUE FELT EASTER EGG BASKET,4,2010-03-01 12:04:00,1.65,18231,United Kingdom,UK
499549,22347,PIZZA SLICE DISH,18,2010-03-01 12:04:00,1.25,18231,United Kingdom,UK
499549,85132C,CHARLIE AND LOLA FIGURES TINS,2,2010-03-01 12:04:00,9.95,18231,United Kingdom,UK
499549,85206A,CREAM FELT EASTER EGG BASKET,4,2010-03-01 12:04:00,1.65,18231,United Kingdom,UK
499549,85206B,PINK FELT EASTER EGG BASKET,4,2010-03-01 12:04:00,1.65,18231,United Kingdom,UK
499576,21303,FILIGREE WALL MIRROR  ANTIQUE WHITE,4,2010-03-01 12:16:00,5.95,13948,United Kingdom,UK
499576,22495,SET OF 2 ROUND TINS CAMEMBERT,6,2010-03-01 12:16:00,2.95,13948,United Kingdom,UK
499576,47585A,PINK FAIRY CAKE CUSHION COVER,12,2010-03-01 12:16:00,1.25,13948,United Kingdom,UK
499576,47587A,PINK FAIRY CAKE COASTER,24,2010-03-01 12:16:00,0.19,13948,United Kingdom,UK
499576,84615,PINK ROUND BUTTERFLY MIRROR,8,2010-03-01 12:16:00,1.95,13948,United Kingdom,UK
499576,84637,KITCHEN FLOWER POTS WALL PLAQUE,24,2010-03-01 12:16:00,1.25,13948,United Kingdom,UK
499596,20960,WATERMELON BATH SPONGE,3,2010-03-01 12:21:00,1.25,16511,United Kingdom,UK
499596,20961,STRAWBERRY BATH SPONGE,2,2010-03-01 12:21:00,1.25,16511,United Kingdom,UK
499596,20978,36 PENCILS TUBE SKULLS,1,2010-03-01 12:21:00,1.25,16511,United Kingdom,UK
499596,20978,36 PENCILS TUBE SKULLS,2,2010-03-01 12:21:00,1.25,16511,United Kingdom,UK
499596,20980,36 PENCILS TUBE POSY,1,2010-03-01 12:21:00,1.25,16511,United Kingdom,UK
499596,20980,36 PENCILS TUBE POSY,2,2010-03-01 12:21:00,1.25,16511,United Kingdom,UK
499596,21114,LAVENDER SCENTED FABRIC HEART,5,2010-03-01 12:21:00,1.25,16511,United Kingdom,UK
499596,21396,RED SPOTTY EGG CUP,12,2010-03-01 12:21:00,1.25,16511,United Kingdom,UK
499596,21432,SET OF 3 CASES WOODLAND DESIGN,1,2010-03-01 12:21:00,5.95,16511,United Kingdom,UK
499596,21437,24 HANGING EASTER EGGS FLORAL TUB,1,2010-03-01 12:21:00,3.75,16511,United Kingdom,UK
499596,21437,24 HANGING EASTER EGGS FLORAL TUB,2,2010-03-01 12:21:00,3.75,16511,United Kingdom,UK
499596,21466,RED FLOWER CROCHET FOOD COVER,2,2010-03-01 12:21:00,3.75,16511,United Kingdom,UK
499596,21481,FAWN BLUE HOT WATER BOTTLE,2,2010-03-01 12:21:00,2.95,16511,United Kingdom,UK
499596,21590,KINGS CHOICE CIGAR BOX MATCHES,1,2010-03-01 12:21:00,1.25,16511,United Kingdom,UK
499596,21609,SET 12 LAVENDER  BOTANICAL T-LIGHTS,2,2010-03-01 12:21:00,2.95,16511,United Kingdom,UK
499596,21613,S/12 VANILLA  BOTANICAL T-LIGHTS,2,2010-03-01 12:21:00,2.95,16511,United Kingdom,UK
499596,21614,SET OF 12 ROSE BOTANICAL T-LIGHTS,2,2010-03-01 12:21:00,2.95,16511,United Kingdom,UK
499596,21716,BOYS VINTAGE TIN SEASIDE BUCKET,4,2010-03-01 12:21:00,2.55,16511,United Kingdom,UK
499596,21717,EASTER TIN BUCKET,4,2010-03-01 12:21:00,2.55,16511,United Kingdom,UK
499596,21718,RED METAL BEACH SPADE,6,2010-03-01 12:21:00,1.25,16511,United Kingdom,UK
499596,21839,MUMMY MOUSE RED GINGHAM RIBBON,2,2010-03-01 12:21:00,5.45,16511,United Kingdom,UK
499596,21933,PINK VINTAGE PAISLEY PICNIC BAG,2,2010-03-01 12:21:00,2.95,16511,United Kingdom,UK
499596,21935,SUKI  SHOULDER BAG,3,2010-03-01 12:21:00,1.65,16511,United Kingdom,UK
499596,22128,PARTY CONES CANDY ASSORTED,6,2010-03-01 12:21:00,1.25,16511,United Kingdom,UK
499596,22146,EASTER CRAFT IVY WREATH WITH CHICK,4,2010-03-01 12:21:00,1.95,16511,United Kingdom,UK
499596,22185,SLATE TILE NATURAL HANGING,5,2010-03-01 12:21:00,1.65,16511,United Kingdom,UK
499596,22261,FELT EGG COSY WHITE RABBIT,4,2010-03-01 12:21:00,0.85,16511,United Kingdom,UK
499596,22262,FELT EGG COSY CHICKEN,4,2010-03-01 12:21:00,0.85,16511,United Kingdom,UK
499596,22327,ROUND SNACK BOXES SET OF 4 SKULLS,2,2010-03-01 12:21:00,2.95,16511,United Kingdom,UK
499596,22328,ROUND SNACK BOXES SET OF 4 FRUITS,2,2010-03-01 12:21:00,2.95,16511,United Kingdom,UK
499596,22382,LUNCH BAG SPACEBOY DESIGN,3,2010-03-01 12:21:00,1.65,16511,United Kingdom,UK
499596,22384,LUNCH BAG PINK RETROSPOT,2,2010-03-01 12:21:00,1.65,16511,United Kingdom,UK
499596,22411,JUMBO SHOPPER VINTAGE RED PAISLEY,2,2010-03-01 12:21:00,1.95,16511,United Kingdom,UK
499596,35920,FOUR RABBIT EASTER DECORATIONS,1,2010-03-01 12:21:00,1.25,16511,United Kingdom,UK
499596,35921,EASTER BUNNY HANGING GARLAND,1,2010-03-01 12:21:00,1.25,16511,United Kingdom,UK
499596,35922,EASTER BUNNY WREATH,1,2010-03-01 12:21:00,4.95,16511,United Kingdom,UK
499596,47505,MINATURE COLOURED GARDENING SET,2,2010-03-01 12:21:00,4.95,16511,United Kingdom,UK
499596,62086A,PINK RETRO BIG FLOWER BAG,1,2010-03-01 12:21:00,1.95,16511,United Kingdom,UK
499596,84006,MAGIC TREE -PAPER FLOWERS,2,2010-03-01 12:21:00,0.85,16511,United Kingdom,UK
499596,84288B,SET/2 BLUE  NOODLE BASKETS,2,2010-03-01 12:21:00,1.95,16511,United Kingdom,UK
499596,84356,POMPOM CURTAIN,1,2010-03-01 12:21:00,6.95,16511,United Kingdom,UK
499596,84529A,PINK KNITTED KIDS RUCKSACK,1,2010-03-01 12:21:00,6.75,16511,United Kingdom,UK
499596,84529C,YELLOW KNITTED KIDS RUCKSACK,1,2010-03-01 12:21:00,6.75,16511,United Kingdom,UK
499596,84546,CROCHET POODLE KEYRING,3,2010-03-01 12:21:00,1.65,16511,United Kingdom,UK
499596,84548,CROCHET BEAR RED/BLUE  KEYRING,2,2010-03-01 12:21:00,1.65,16511,United Kingdom,UK
499596,84550,CROCHET LILAC/RED BEAR KEYRING,2,2010-03-01 12:21:00,1.65,16511,United Kingdom,UK
499596,84592,CROCHET ROSE PURSE WITH SUEDE BACK,1,2010-03-01 12:21:00,2.95,16511,United Kingdom,UK
499596,84750A,PINK SMALL GLASS CAKE STAND,4,2010-03-01 12:21:00,1.95,16511,United Kingdom,UK
499596,84755,COLOUR GLASS T-LIGHT HOLDER HANGING,16,2010-03-01 12:21:00,0.65,16511,United Kingdom,UK
499596,85071D,CHARLIE+LOLA MY ROOM DOOR SIGN,3,2010-03-01 12:21:00,2.55,16511,United Kingdom,UK
499596,85124A,PINK JUICY FRUIT PHOTO FRAME,2,2010-03-01 12:21:00,2.55,16511,United Kingdom,UK
499596,85124C,GREEN JUICY FRUIT PHOTO FRAME,3,2010-03-01 12:21:00,2.55,16511,United Kingdom,UK
499596,85206A,CREAM FELT EASTER EGG BASKET,1,2010-03-01 12:21:00,1.65,16511,United Kingdom,UK
499596,85206B,PINK FELT EASTER EGG BASKET,1,2010-03-01 12:21:00,1.65,16511,United Kingdom,UK
499596,85232D,SET/3 DECOUPAGE STACKING TINS,2,2010-03-01 12:21:00,4.95,16511,United Kingdom,UK
499597,20725,LUNCH BAG RED SPOTTY,10,2010-03-01 12:31:00,1.65,16037,United Kingdom,UK
499597,22229,BUNNY WOODEN PAINTED WITH FLOWER,12,2010-03-01 12:31:00,0.85,16037,United Kingdom,UK
499597,22249,DECORATION WHITE CHICK MAGIC GARDEN,16,2010-03-01 12:31:00,0.85,16037,United Kingdom,UK
499597,22266,EASTER DECORATION HANGING BUNNY,24,2010-03-01 12:31:00,0.65,16037,United Kingdom,UK
499597,22286,"DECORATION , WOBBLY RABBIT , METAL",12,2010-03-01 12:31:00,1.65,16037,United Kingdom,UK
499597,22292,"SPRING DEC , HANGING CHICK  YELLOW",24,2010-03-01 12:31:00,1.45,16037,United Kingdom,UK
499597,22384,LUNCH BAG PINK RETROSPOT,10,2010-03-01 12:31:00,1.65,16037,United Kingdom,UK
499597,84078A,SET/4 WHITE RETRO STORAGE CUBES,4,2010-03-01 12:31:00,34.95,16037,United Kingdom,UK
499597,84457,SET/3 RABBITS FLOWER SKIPPPING ROPE,12,2010-03-01 12:31:00,0.85,16037,United Kingdom,UK
499597,84458,S/3 RABBIT FLOWER/EGG/CARROT ROPE,12,2010-03-01 12:31:00,0.85,16037,United Kingdom,UK
499597,84459A,PINK METAL CHICKEN HEART,12,2010-03-01 12:31:00,1.49,16037,United Kingdom,UK
499597,84741C,CITRUS GARLAND FELT FLOWERS,6,2010-03-01 12:31:00,1.95,16037,United Kingdom,UK
499597,84879,ASSORTED COLOUR BIRD ORNAMENT,16,2010-03-01 12:31:00,1.69,16037,United Kingdom,UK
499597,85187,S/12 MINI RABBIT EASTER,6,2010-03-01 12:31:00,1.65,16037,United Kingdom,UK
499601,20723,STRAWBERRY CHARLOTTE BAG,10,2010-03-01 12:34:00,0.85,13018,United Kingdom,UK
499601,20724,RED SPOTTY CHARLOTTE BAG,10,2010-03-01 12:34:00,0.85,13018,United Kingdom,UK
499601,20846,ZINC HEART LATTICE T-LIGHT HOLDER,12,2010-03-01 12:34:00,1.25,13018,United Kingdom,UK
499601,21145,ANTIQUE GLASS PLACE SETTING,12,2010-03-01 12:34:00,1.25,13018,United Kingdom,UK
499601,21210,SET OF 72 RETRO SPOT PAPER  DOILIES,12,2010-03-01 12:34:00,1.45,13018,United Kingdom,UK
499601,21212,PACK OF 72 RETRO SPOT CAKE CASES,24,2010-03-01 12:34:00,0.55,13018,United Kingdom,UK
499601,21313,GLASS HEART T-LIGHT HOLDER,12,2010-03-01 12:34:00,0.85,13018,United Kingdom,UK
499601,21755,LOVE BUILDING BLOCK WORD,3,2010-03-01 12:34:00,5.95,13018,United Kingdom,UK
499601,21760,FRENCH STYLE WALL DRESSER,1,2010-03-01 12:34:00,125.0,13018,United Kingdom,UK
499601,21790,VINTAGE SNAP CARDS,12,2010-03-01 12:34:00,0.85,13018,United Kingdom,UK
499601,21791,VINTAGE HEADS AND TAILS CARD GAME,12,2010-03-01 12:34:00,1.25,13018,United Kingdom,UK
499601,21832,CHOCOLATE CALCULATOR,12,2010-03-01 12:34:00,1.65,13018,United Kingdom,UK
499601,21843,RETRO SPOT CAKE STAND,2,2010-03-01 12:34:00,10.95,13018,United Kingdom,UK
499601,21903,MAN FLU METAL SIGN,6,2010-03-01 12:34:00,2.1,13018,United Kingdom,UK
499601,21929,JUMBO BAG PINK VINTAGE PAISLEY,10,2010-03-01 12:34:00,1.95,13018,United Kingdom,UK
499601,21972,SET OF 36 DINOSAUR PAPER DOILIES,12,2010-03-01 12:34:00,1.45,13018,United Kingdom,UK
499601,21974,SET OF 36 PAISLEY FLOWER DOILIES,12,2010-03-01 12:34:00,1.45,13018,United Kingdom,UK
499601,21975,PACK OF 60 DINOSAUR CAKE CASES,24,2010-03-01 12:34:00,0.55,13018,United Kingdom,UK
499601,21977,PACK OF 60 PINK PAISLEY CAKE CASES,24,2010-03-01 12:34:00,0.55,13018,United Kingdom,UK
499601,22064,PINK DOUGHNUT TRINKET POT,12,2010-03-01 12:34:00,1.65,13018,United Kingdom,UK
499601,22132,RED LOVE HEART SHAPE CUP,12,2010-03-01 12:34:00,0.85,13018,United Kingdom,UK
499601,22133,PINK LOVE HEART SHAPE CUP,12,2010-03-01 12:34:00,0.85,13018,United Kingdom,UK
499601,22203,MILK PAN RED RETROSPOT,4,2010-03-01 12:34:00,3.75,13018,United Kingdom,UK
499601,22207,FRYING PAN UNION FLAG,4,2010-03-01 12:34:00,4.25,13018,United Kingdom,UK
499601,22215,CAKE STAND WHITE TWO TIER LACE,2,2010-03-01 12:34:00,8.5,13018,United Kingdom,UK
499601,22328,ROUND SNACK BOXES SET OF 4 FRUITS,6,2010-03-01 12:34:00,2.95,13018,United Kingdom,UK
499601,22356,"CHARLOTTE BAG , PINK/WHITE SPOTS",10,2010-03-01 12:34:00,0.85,13018,United Kingdom,UK
499601,22500,SET OF 2 TINS JARDIN DE PROVENCE,4,2010-03-01 12:34:00,4.95,13018,United Kingdom,UK
499601,84837,WHITE SWEETHEARTS CABINET 4 DRAWERS,1,2010-03-01 12:34:00,12.75,13018,United Kingdom,UK
499601,84970L,SINGLE HEART ZINC T-LIGHT HOLDER,12,2010-03-01 12:34:00,0.95,13018,United Kingdom,UK
499601,84970S,HANGING HEART ZINC T-LIGHT HOLDER,12,2010-03-01 12:34:00,0.85,13018,United Kingdom,UK
499601,85066,CREAM SWEETHEART MINI CHEST,2,2010-03-01 12:34:00,12.75,13018,United Kingdom,UK
499601,85099F,JUMBO BAG STRAWBERRY,10,2010-03-01 12:34:00,1.95,13018,United Kingdom,UK
499604,20685,RED SPOTTY COIR DOORMAT,2,2010-03-01 12:35:00,6.75,13018,United Kingdom,UK
499604,20724,RED SPOTTY CHARLOTTE BAG,10,2010-03-01 12:35:00,0.85,13018,United Kingdom,UK
499604,20983,12 PENCILS TALL TUBE RED SPOTTY,12,2010-03-01 12:35:00,0.85,13018,United Kingdom,UK
499604,21216,"SET 3 RED SPOT TIN TEA,COFFEE,SUGAR",4,2010-03-01 12:35:00,4.95,13018,United Kingdom,UK
499604,22309,TEA COSY RED  STRIPE,6,2010-03-01 12:35:00,2.55,13018,United Kingdom,UK
499604,22329,ROUND CONTAINER SET OF 5 RETROSPOT,12,2010-03-01 12:35:00,1.65,13018,United Kingdom,UK
499604,22357,KINGS CHOICE BISCUIT TIN,4,2010-03-01 12:35:00,4.25,13018,United Kingdom,UK
499604,22358,KINGS CHOICE TEA CADDY,6,2010-03-01 12:35:00,2.95,13018,United Kingdom,UK
499604,22366,DOORMAT AIRMAIL,2,2010-03-01 12:35:00,6.75,13018,United Kingdom,UK
499604,22377,BOTTLE BAG RETROSPOT,5,2010-03-01 12:35:00,2.1,13018,United Kingdom,UK
499604,22378,WALL TIDY RETROSPOT,5,2010-03-01 12:35:00,2.1,13018,United Kingdom,UK
499604,22379,RECYCLING BAG RETROSPOT,5,2010-03-01 12:35:00,2.1,13018,United Kingdom,UK
499604,48138,DOOR MAT UNION FLAG,2,2010-03-01 12:35:00,6.75,13018,United Kingdom,UK
499604,48194,DOORMAT HEARTS,2,2010-03-01 12:35:00,6.75,13018,United Kingdom,UK
499604,85099B,JUMBO BAG RED WHITE SPOTTY,10,2010-03-01 12:35:00,1.95,13018,United Kingdom,UK
499619,21586,KINGS CHOICE GIANT TUBE MATCHES,144,2010-03-01 12:47:00,2.1,17305,United Kingdom,UK
499619,21590,KINGS CHOICE CIGAR BOX MATCHES,288,2010-03-01 12:47:00,1.06,17305,United Kingdom,UK
499619,21625,VINTAGE UNION JACK APRON,100,2010-03-01 12:47:00,5.95,17305,United Kingdom,UK
499619,21875,KINGS CHOICE MUG,144,2010-03-01 12:47:00,1.06,17305,United Kingdom,UK
499619,22084,PAPER CHAIN KIT EMPIRE,80,2010-03-01 12:47:00,2.55,17305,United Kingdom,UK
499619,22091,EMPIRE TISSUE BOX,144,2010-03-01 12:47:00,1.06,17305,United Kingdom,UK
499619,22358,KINGS CHOICE TEA CADDY,48,2010-03-01 12:47:00,2.55,17305,United Kingdom,UK
499619,22499,WOODEN UNION JACK BUNTING,48,2010-03-01 12:47:00,4.95,17305,United Kingdom,UK
499619,48138,DOOR MAT UNION FLAG,10,2010-03-01 12:47:00,6.35,17305,United Kingdom,UK
499623,20829,GLITTER HANGING BUTTERFLY STRING,2,2010-03-01 13:06:00,2.1,17377,United Kingdom,UK
499623,21232,STRAWBERRY CERAMIC TRINKET BOX,1,2010-03-01 13:06:00,1.25,17377,United Kingdom,UK
499623,21340,CLASSIC METAL BIRDCAGE PLANT HOLDER,1,2010-03-01 13:06:00,12.75,17377,United Kingdom,UK
499623,21429,RED GINGHAM ROSE JEWELLERY BOX,3,2010-03-01 13:06:00,1.65,17377,United Kingdom,UK
499623,21485,RED SPOT HEART HOT WATER BOTTLE,4,2010-03-01 13:06:00,4.95,17377,United Kingdom,UK
499623,21621,VINTAGE UNION JACK BUNTING,1,2010-03-01 13:06:00,8.5,17377,United Kingdom,UK
499623,21622,VINTAGE UNION JACK CUSHION COVER,5,2010-03-01 13:06:00,4.95,17377,United Kingdom,UK
499623,22098,BOUDOIR SQUARE TISSUE BOX,1,2010-03-01 13:06:00,1.25,17377,United Kingdom,UK
499623,22252,BIRDCAGE DECORATION TEALIGHT HOLDER,2,2010-03-01 13:06:00,1.25,17377,United Kingdom,UK
499623,22384,LUNCH BAG PINK RETROSPOT,1,2010-03-01 13:06:00,1.65,17377,United Kingdom,UK
499623,22497,SET OF 2 TINS VINTAGE BATHROOM,3,2010-03-01 13:06:00,4.25,17377,United Kingdom,UK
499623,37495,FAIRY CAKE BIRTHDAY CANDLE SET,1,2010-03-01 13:06:00,3.75,17377,United Kingdom,UK
499623,46000S,POLYESTER FILLER PAD 40x40cm,2,2010-03-01 13:06:00,1.45,17377,United Kingdom,UK
499623,82486,WOOD S/3 CABINET ANT WHITE FINISH,2,2010-03-01 13:06:00,7.95,17377,United Kingdom,UK
499623,82494L,WOODEN FRAME ANTIQUE WHITE,1,2010-03-01 13:06:00,2.95,17377,United Kingdom,UK
499623,82585,SWEET VALENCIA CANDLE+CUP,1,2010-03-01 13:06:00,1.25,17377,United Kingdom,UK
499623,82587,TEXRIO TOMATOES CANDLE+CUP,1,2010-03-01 13:06:00,1.25,17377,United Kingdom,UK
499623,82607C,GLASS BONBON JAR. SUPERFINES,2,2010-03-01 13:06:00,1.25,17377,United Kingdom,UK
499623,84712B,PINK JEWELLED PHOTO FRAME,1,2010-03-01 13:06:00,7.95,17377,United Kingdom,UK
499623,84773,RED ROSE AND LACE C/COVER,2,2010-03-01 13:06:00,2.95,17377,United Kingdom,UK
499623,84800M,MEDIUM WHITE/PINK ROSE ART FLOWER,2,2010-03-01 13:06:00,1.69,17377,United Kingdom,UK
499623,84846A,SCENTED CANDLE IN DIGITALIS TIN,2,2010-03-01 13:06:00,2.1,17377,United Kingdom,UK
499623,85014A,BLACK/BLUE DOTS RUFFLED UMBRELLA,2,2010-03-01 13:06:00,5.95,17377,United Kingdom,UK
499623,85014B,RED/WHITE DOTS RUFFLED UMBRELLA,2,2010-03-01 13:06:00,5.95,17377,United Kingdom,UK
499623,85097B,BLUE ROCKING SINGING CANARY,2,2010-03-01 13:06:00,3.75,17377,United Kingdom,UK
499623,85177,BASKET OF FLOWERS SEWING KIT,1,2010-03-01 13:06:00,0.85,17377,United Kingdom,UK
499623,85178,VICTORIAN SEWING KIT,1,2010-03-01 13:06:00,1.25,17377,United Kingdom,UK
499623,85184C,S/4 VALENTINE DECOUPAGE HEART BOX,1,2010-03-01 13:06:00,2.95,17377,United Kingdom,UK
499623,85184D,S/4 BLUE ROUND DECOUPAGE BOXES,1,2010-03-01 13:06:00,2.95,17377,United Kingdom,UK
499623,85232B,SET/3 RUSSIAN DOLL STACKING TINS,3,2010-03-01 13:06:00,4.95,17377,United Kingdom,UK
499624,15056BL,EDWARDIAN PARASOL BLACK,3,2010-03-01 13:10:00,5.95,17593,United Kingdom,UK
499624,17091A,LAVENDER INCENSE IN TIN,36,2010-03-01 13:10:00,0.38,17593,United Kingdom,UK
499624,17091J,VANILLA INCENSE IN TIN,36,2010-03-01 13:10:00,0.38,17593,United Kingdom,UK
499624,20840,FRENCH FLORAL CUSHION COVER,12,2010-03-01 13:10:00,0.85,17593,United Kingdom,UK
499624,21284,RETRO SPOT CANDLE  SMALL,12,2010-03-01 13:10:00,1.69,17593,United Kingdom,UK
499624,21285,RETRO SPOT CANDLE  MEDIUM,12,2010-03-01 13:10:00,2.1,17593,United Kingdom,UK
499624,21304,ARCHED GREY MIRROR,6,2010-03-01 13:10:00,4.95,17593,United Kingdom,UK
499624,21332,MOROCCAN BEATEN METAL MIRROR,12,2010-03-01 13:10:00,3.95,17593,United Kingdom,UK
499624,21333,CLASSIC WHITE FRAME,8,2010-03-01 13:10:00,2.95,17593,United Kingdom,UK
499624,21622,VINTAGE UNION JACK CUSHION COVER,4,2010-03-01 13:10:00,4.95,17593,United Kingdom,UK
499624,22030,SWALLOWS GREETING CARD,12,2010-03-01 13:10:00,0.42,17593,United Kingdom,UK
499624,22170,PICTURE FRAME WOOD TRIPLE PORTRAIT,4,2010-03-01 13:10:00,6.75,17593,United Kingdom,UK
499624,22288,"DECORATION , HANGING METAL RABBIT",24,2010-03-01 13:10:00,1.25,17593,United Kingdom,UK
499624,82494L,WOODEN FRAME ANTIQUE WHITE,24,2010-03-01 13:10:00,2.55,17593,United Kingdom,UK
499624,84467,ENGLISH ROSE DESIGN QUILTED THROW,6,2010-03-01 13:10:00,12.75,17593,United Kingdom,UK
499624,84770,ROUND GEORGIAN SILVER MIRROR,6,2010-03-01 13:10:00,2.95,17593,United Kingdom,UK
499624,84836,ZINC METAL HEART DECORATION,24,2010-03-01 13:10:00,1.25,17593,United Kingdom,UK
499624,84893,ANT WHITE IRON BASKET,10,2010-03-01 13:10:00,4.95,17593,United Kingdom,UK
499624,85007,SET OF 3 VINTAGE TEA TIME BOXES,18,2010-03-01 13:10:00,1.65,17593,United Kingdom,UK
499624,85186A,EASTER BUNNY GARLAND OF FLOWERS,24,2010-03-01 13:10:00,0.42,17593,United Kingdom,UK
499624,85188A,GREEN METAL SWINGING BUNNY,24,2010-03-01 13:10:00,0.85,17593,United Kingdom,UK
499624,85188B,PINK METAL SWINGING BUNNY,24,2010-03-01 13:10:00,0.85,17593,United Kingdom,UK
499624,90162A,ANT SILVER TURQUOISE BOUDICCA RING,6,2010-03-01 13:10:00,2.95,17593,United Kingdom,UK
499624,90162B,ANT SILVER LIME GREEN BOUDICCA RING,6,2010-03-01 13:10:00,2.95,17593,United Kingdom,UK
499624,90162C,ANT SILVER FUSCHIA BOUDICCA RING,6,2010-03-01 13:10:00,2.95,17593,United Kingdom,UK
499624,90162D,ANT SILVER PURPLE BOUDICCA RING,6,2010-03-01 13:10:00,2.95,17593,United Kingdom,UK
499625,15056BL,EDWARDIAN PARASOL BLACK,2,2010-03-01 13:14:00,5.95,17965,United Kingdom,UK
499625,20679,EDWARDIAN PARASOL RED,2,2010-03-01 13:14:00,5.95,17965,United Kingdom,UK
499625,20748,KENSINGTON COFFEE SET,1,2010-03-01 13:14:00,12.75,17965,United Kingdom,UK
499625,20751,FUNKY WASHING UP GLOVES ASSORTED,2,2010-03-01 13:14:00,2.1,17965,United Kingdom,UK
499625,20754,RETRO RED SPOTTY WASHING UP GLOVES,2,2010-03-01 13:14:00,2.1,17965,United Kingdom,UK
499625,20931,BLUE POT PLANT CANDLE,1,2010-03-01 13:14:00,3.75,17965,United Kingdom,UK
499625,20932,PINK POT PLANT CANDLE,1,2010-03-01 13:14:00,3.75,17965,United Kingdom,UK
499625,21169,YOU'RE CONFUSING ME METAL SIGN,7,2010-03-01 13:14:00,1.69,17965,United Kingdom,UK
499625,21173,LOO ROLL  METAL SIGN,3,2010-03-01 13:14:00,1.65,17965,United Kingdom,UK
499625,21181,PLEASE ONE PERSON METAL SIGN,12,2010-03-01 13:14:00,2.1,17965,United Kingdom,UK
499625,21361,LOVE LARGE WOOD LETTERS,3,2010-03-01 13:14:00,12.75,17965,United Kingdom,UK
499625,21363,HOME SMALL WOOD LETTERS,2,2010-03-01 13:14:00,4.95,17965,United Kingdom,UK
499625,21437,24 HANGING EASTER EGGS FLORAL TUB,12,2010-03-01 13:14:00,3.75,17965,United Kingdom,UK
499625,21459,YELLOW EASTER EGG HUNT START POST,1,2010-03-01 13:14:00,1.95,17965,United Kingdom,UK
499625,21460,GREEN EASTER EGG HUNT START POST,1,2010-03-01 13:14:00,1.95,17965,United Kingdom,UK
499625,21461,BLUE EASTER EGG HUNT START POST,1,2010-03-01 13:14:00,1.95,17965,United Kingdom,UK
499625,21463,MIRRORED DISCO BALL,1,2010-03-01 13:14:00,5.95,17965,United Kingdom,UK
499625,21464,DISCO BALL ROTATOR BATTERY OPERATED,1,2010-03-01 13:14:00,4.25,17965,United Kingdom,UK
499625,21482,MUSHROOM BLUE HOT WATER BOTTLE,3,2010-03-01 13:14:00,2.95,17965,United Kingdom,UK
499625,21507,"ELEPHANT, BIRTHDAY CARD,",12,2010-03-01 13:14:00,0.42,17965,United Kingdom,UK
499625,21581,SKULLS  DESIGN  COTTON TOTE BAG,2,2010-03-01 13:14:00,2.25,17965,United Kingdom,UK
499625,21717,EASTER TIN BUCKET,4,2010-03-01 13:14:00,2.55,17965,United Kingdom,UK
499625,21737,SET 3 WICKER LOG BASKETS,1,2010-03-01 13:14:00,19.95,17965,United Kingdom,UK
499625,21790,VINTAGE SNAP CARDS,24,2010-03-01 13:14:00,0.85,17965,United Kingdom,UK
499625,21791,VINTAGE HEADS AND TAILS CARD GAME,8,2010-03-01 13:14:00,1.25,17965,United Kingdom,UK
499625,21888,BINGO SET,3,2010-03-01 13:14:00,3.75,17965,United Kingdom,UK
499625,21907,I'M ON HOLIDAY METAL SIGN,3,2010-03-01 13:14:00,2.1,17965,United Kingdom,UK
499625,22021,BLUE FELT EASTER EGG BASKET,2,2010-03-01 13:14:00,1.65,17965,United Kingdom,UK
499625,22027,TEA PARTY BIRTHDAY CARD,12,2010-03-01 13:14:00,0.42,17965,United Kingdom,UK
499625,22253,6 CROCHET STRAWBERRIES,8,2010-03-01 13:14:00,1.25,17965,United Kingdom,UK
499625,22311,OFFICE MUG WARMER BLACK+SILVER,2,2010-03-01 13:14:00,4.95,17965,United Kingdom,UK
499625,22312,OFFICE MUG WARMER POLKADOT,2,2010-03-01 13:14:00,4.95,17965,United Kingdom,UK
499625,22313,OFFICE MUG WARMER PINK,1,2010-03-01 13:14:00,4.95,17965,United Kingdom,UK
499625,22314,OFFICE MUG WARMER CHOC+BLUE,1,2010-03-01 13:14:00,4.95,17965,United Kingdom,UK
499625,22323,PINK POLKADOT KIDS BAG,3,2010-03-01 13:14:00,1.95,17965,United Kingdom,UK
499625,22412,METAL SIGN NEIGHBOURHOOD WITCH,3,2010-03-01 13:14:00,2.1,17965,United Kingdom,UK
499625,22413,METAL SIGN TAKE IT OR LEAVE IT,1,2010-03-01 13:14:00,2.95,17965,United Kingdom,UK
499625,22431,WATERING CAN BLUE ELEPHANT,3,2010-03-01 13:14:00,1.95,17965,United Kingdom,UK
499625,22432,WATERING CAN PINK BUNNY,3,2010-03-01 13:14:00,1.95,17965,United Kingdom,UK
499625,35922,EASTER BUNNY WREATH,4,2010-03-01 13:14:00,4.95,17965,United Kingdom,UK
499625,47504H,ENGLISH ROSE SPIRIT LEVEL,1,2010-03-01 13:14:00,1.95,17965,United Kingdom,UK
499625,72131,COLUMBIAN CANDLE RECTANGLE,3,2010-03-01 13:14:00,1.95,17965,United Kingdom,UK
499625,79323GR,GREEN CHERRY LIGHTS,3,2010-03-01 13:14:00,6.75,17965,United Kingdom,UK
499625,79323LP,LIGHT PINK CHERRY LIGHTS,2,2010-03-01 13:14:00,6.75,17965,United Kingdom,UK
499625,79323P,PINK CHERRY LIGHTS,1,2010-03-01 13:14:00,6.75,17965,United Kingdom,UK
499625,82001S,VINYL RECORD FRAME SILVER,5,2010-03-01 13:14:00,3.75,17965,United Kingdom,UK
499625,84032A,CHARLIE+LOLA PINK HOT WATER BOTTLE,2,2010-03-01 13:14:00,2.95,17965,United Kingdom,UK
499625,84032B,CHARLIE + LOLA RED HOT WATER BOTTLE,2,2010-03-01 13:14:00,2.95,17965,United Kingdom,UK
499625,84077,WORLD WAR 2 GLIDERS ASSTD DESIGNS,48,2010-03-01 13:14:00,0.21,17965,United Kingdom,UK
499625,84218,BOX/12 CHICK & EGG IN BASKET,1,2010-03-01 13:14:00,1.95,17965,United Kingdom,UK
499625,84437A,S/6 PINK EASTER DECS IN BOX,6,2010-03-01 13:14:00,0.85,17965,United Kingdom,UK
499625,84458,S/3 RABBIT FLOWER/EGG/CARROT ROPE,6,2010-03-01 13:14:00,0.85,17965,United Kingdom,UK
499625,84659A,WHITE TRAVEL ALARM CLOCK,2,2010-03-01 13:14:00,2.55,17965,United Kingdom,UK
499625,84789,ENCHANTED BIRD PLANT CAGE,2,2010-03-01 13:14:00,3.75,17965,United Kingdom,UK
499625,85152,HAND OVER THE CHOCOLATE   SIGN,3,2010-03-01 13:14:00,2.1,17965,United Kingdom,UK
499625,85163A,WHITE BAROQUE WALL CLOCK,1,2010-03-01 13:14:00,12.75,17965,United Kingdom,UK
499625,85164B,BLACK BAROQUE CUCKOO CLOCK,1,2010-03-01 13:14:00,12.75,17965,United Kingdom,UK
499625,85186C,BUNNY EGG GARLAND,24,2010-03-01 13:14:00,0.42,17965,United Kingdom,UK
499625,85188B,PINK METAL SWINGING BUNNY,24,2010-03-01 13:14:00,0.85,17965,United Kingdom,UK
499625,85200,BUNNY EGG BOX,12,2010-03-01 13:14:00,1.25,17965,United Kingdom,UK
499625,85206A,CREAM FELT EASTER EGG BASKET,4,2010-03-01 13:14:00,1.65,17965,United Kingdom,UK
499625,85206B,PINK FELT EASTER EGG BASKET,2,2010-03-01 13:14:00,1.65,17965,United Kingdom,UK
499628,16046,TEATIME PEN CASE & PENS,1,2010-03-01 13:22:00,0.85,16521,United Kingdom,UK
499628,20662,FIRST CLASS HOLIDAY PURSE,1,2010-03-01 13:22:00,2.95,16521,United Kingdom,UK
499628,20726,LUNCH BAG WOODLAND,1,2010-03-01 13:22:00,1.65,16521,United Kingdom,UK
499628,20727,LUNCH BAG  BLACK SKULL.,1,2010-03-01 13:22:00,1.65,16521,United Kingdom,UK
499628,20819,SILVER TEDDY BEAR,1,2010-03-01 13:22:00,3.75,16521,United Kingdom,UK
499628,20832,RED FLOCK LOVE HEART PHOTO FRAME,18,2010-03-01 13:22:00,0.85,16521,United Kingdom,UK
499628,20974,12 PENCILS SMALL TUBE SKULL,1,2010-03-01 13:22:00,0.65,16521,United Kingdom,UK
499628,20976,12 PENCILS SMALL TUBE POSY,18,2010-03-01 13:22:00,0.65,16521,United Kingdom,UK
499628,21087,SET/6 POSIES PAPER CUPS,3,2010-03-01 13:22:00,0.65,16521,United Kingdom,UK
499628,21095,SET/6 POSIES PAPER PLATES,3,2010-03-01 13:22:00,0.85,16521,United Kingdom,UK
499628,21509,COWBOYS AND INDIANS BIRTHDAY CARD,12,2010-03-01 13:22:00,0.42,16521,United Kingdom,UK
499628,21561,DINOSAUR LUNCHBOX WITH CUTLERY,1,2010-03-01 13:22:00,2.55,16521,United Kingdom,UK
499628,21581,SKULLS  DESIGN  COTTON TOTE BAG,1,2010-03-01 13:22:00,2.25,16521,United Kingdom,UK
499628,21928,JUMBO BAG SCANDINAVIAN PAISLEY,1,2010-03-01 13:22:00,1.95,16521,United Kingdom,UK
499628,22027,TEA PARTY BIRTHDAY CARD,12,2010-03-01 13:22:00,0.42,16521,United Kingdom,UK
499628,22030,SWALLOWS GREETING CARD,12,2010-03-01 13:22:00,0.42,16521,United Kingdom,UK
499628,22125,UNION JACK HOT WATER BOTTLE,1,2010-03-01 13:22:00,5.95,16521,United Kingdom,UK
499628,22353,LUNCHBOX WITH CUTLERY FAIRY CAKES,1,2010-03-01 13:22:00,2.55,16521,United Kingdom,UK
499628,22374,AIRLINE BAG VINTAGE JET SET RED,1,2010-03-01 13:22:00,6.35,16521,United Kingdom,UK
499628,22382,LUNCH BAG SPACEBOY DESIGN,1,2010-03-01 13:22:00,1.65,16521,United Kingdom,UK
499628,22383,LUNCH BAG SUKI  DESIGN,1,2010-03-01 13:22:00,1.65,16521,United Kingdom,UK
499628,51014A,"FEATHER PEN,HOT PINK",1,2010-03-01 13:22:00,0.85,16521,United Kingdom,UK
499628,62094B,TURQ ICE CREAM BUM BAG,1,2010-03-01 13:22:00,2.55,16521,United Kingdom,UK
499628,85232D,SET/3 DECOUPAGE STACKING TINS,1,2010-03-01 13:22:00,4.95,16521,United Kingdom,UK
499628,M,Manual,1,2010-03-01 13:22:00,3.75,16521,United Kingdom,UK
499629,20675,BLUE SPOTTY BOWL,16,2010-03-01 13:22:00,1.25,17324,United Kingdom,UK
499629,21240,BLUE  SPOTTY CUP,8,2010-03-01 13:22:00,0.85,17324,United Kingdom,UK
499629,21244,BLUE  SPOTTY PLATE,8,2010-03-01 13:22:00,1.69,17324,United Kingdom,UK
499630,84467,ENGLISH ROSE DESIGN QUILTED THROW,6,2010-03-01 13:24:00,12.75,16273,United Kingdom,UK
499631,16169N,WRAP BLUE RUSSIAN FOLKART,25,2010-03-01 13:29:00,0.42,12540,Spain,Europe
499631,21164,HOME SWEET HOME METAL SIGN,12,2010-03-01 13:29:00,2.95,12540,Spain,Europe
499631,21171,BATHROOM METAL SIGN,12,2010-03-01 13:29:00,1.45,12540,Spain,Europe
499631,21218,RED SPOTTY BISCUIT TIN,12,2010-03-01 13:29:00,3.75,12540,Spain,Europe
499631,21503,TOYBOX  WRAP,25,2010-03-01 13:29:00,0.42,12540,Spain,Europe
499631,21506,"FANCY FONT BIRTHDAY CARD,",12,2010-03-01 13:29:00,0.42,12540,Spain,Europe
499631,21519,GIN & TONIC DIET GREETING CARD,12,2010-03-01 13:29:00,0.42,12540,Spain,Europe
499631,21770,OPEN CLOSED METAL SIGN,6,2010-03-01 13:29:00,4.95,12540,Spain,Europe
499631,21844,RETRO SPOT MUG,12,2010-03-01 13:29:00,2.95,12540,Spain,Europe
499631,22185,SLATE TILE NATURAL HANGING,12,2010-03-01 13:29:00,1.65,12540,Spain,Europe
499631,47566,PARTY BUNTING,10,2010-03-01 13:29:00,4.65,12540,Spain,Europe
499631,84247L,FAWN AND MUSHROOM GREETING CARD,12,2010-03-01 13:29:00,0.42,12540,Spain,Europe
499631,84879,ASSORTED COLOUR BIRD ORNAMENT,32,2010-03-01 13:29:00,1.69,12540,Spain,Europe
499631,85123A,WHITE HANGING HEART T-LIGHT HOLDER,12,2010-03-01 13:29:00,2.95,12540,Spain,Europe
499631,POST,POSTAGE,3,2010-03-01 13:29:00,28.0,12540,Spain,Europe
499632,21117,BLOND DOLL DOORSTOP,12,2010-03-01 13:29:00,1.25,14401,United Kingdom,UK
499632,21332,MOROCCAN BEATEN METAL MIRROR,12,2010-03-01 13:29:00,3.95,14401,United Kingdom,UK
499632,21344,MOROCCAN BEATEN METAL DISH,12,2010-03-01 13:29:00,2.95,14401,United Kingdom,UK
499632,21376,LARGE  TALL CAMPHOR WOOD TOADSTOOL,12,2010-03-01 13:29:00,1.95,14401,United Kingdom,UK
499632,21378,SMALL TALL CAMPHOR WOOD TOADSTOOL,24,2010-03-01 13:29:00,0.65,14401,United Kingdom,UK
499632,48111,DOOR MAT 3 SMILEY CATS,10,2010-03-01 13:29:00,6.35,14401,United Kingdom,UK
499632,72750A,FLOWER FAIRY SET OF 3 LILY CANDLES,8,2010-03-01 13:29:00,1.95,14401,United Kingdom,UK
499632,82486,WOOD S/3 CABINET ANT WHITE FINISH,4,2010-03-01 13:29:00,7.95,14401,United Kingdom,UK
499632,84770,ROUND GEORGIAN SILVER MIRROR,6,2010-03-01 13:29:00,2.95,14401,United Kingdom,UK
499632,85162A,SILVER RETRODISC LAMPSHADE,24,2010-03-01 13:29:00,1.95,14401,United Kingdom,UK
499633,21456,2 PICTURE BOOK EGGS EASTER CHICKS,3,2010-03-01 13:29:00,1.25,15311,United Kingdom,UK
499633,22247,BUNNY DECORATION MAGIC GARDEN,1,2010-03-01 13:29:00,0.85,15311,United Kingdom,UK
499633,22251,BIRDHOUSE DECORATION MAGIC GARDEN,128,2010-03-01 13:29:00,1.06,15311,United Kingdom,UK
499633,22262,FELT EGG COSY CHICKEN,4,2010-03-01 13:29:00,0.85,15311,United Kingdom,UK
499633,22284,HEN HOUSE DECORATION,1,2010-03-01 13:29:00,1.65,15311,United Kingdom,UK
499633,22315,200 RED + WHITE BENDY STRAWS,3,2010-03-01 13:29:00,1.25,15311,United Kingdom,UK
499633,37449,CERAMIC CAKE STAND + HANGING CAKES,8,2010-03-01 13:29:00,8.5,15311,United Kingdom,UK
499633,85042,ANTIQUE LILY FAIRY LIGHTS,24,2010-03-01 13:29:00,4.25,15311,United Kingdom,UK
499635,21212,PACK OF 72 RETRO SPOT CAKE CASES,240,2010-03-01 13:40:00,0.4,13027,United Kingdom,UK
499635,21213,PACK OF 72 SKULL CAKE CASES,240,2010-03-01 13:40:00,0.4,13027,United Kingdom,UK
499635,21975,PACK OF 60 DINOSAUR CAKE CASES,240,2010-03-01 13:40:00,0.4,13027,United Kingdom,UK
499635,21977,PACK OF 60 PINK PAISLEY CAKE CASES,240,2010-03-01 13:40:00,0.4,13027,United Kingdom,UK
499636,20703,BLUE PADDED SOFT MOBILE,3,2010-03-01 13:41:00,4.25,13050,United Kingdom,UK
499636,20765,CHRYSANTHEMUM SKETCHBOOK,4,2010-03-01 13:41:00,3.75,13050,United Kingdom,UK
499636,20972,PINK CREAM FELT CRAFT TRINKET BOX,12,2010-03-01 13:41:00,1.25,13050,United Kingdom,UK
499636,21232,STRAWBERRY CERAMIC TRINKET BOX,12,2010-03-01 13:41:00,1.25,13050,United Kingdom,UK
499636,21363,HOME SMALL WOOD LETTERS,3,2010-03-01 13:41:00,4.95,13050,United Kingdom,UK
499636,21756,BATH BUILDING BLOCK WORD,3,2010-03-01 13:41:00,5.95,13050,United Kingdom,UK
499636,22431,WATERING CAN BLUE ELEPHANT,6,2010-03-01 13:41:00,1.95,13050,United Kingdom,UK
499636,40018E,TEA TIME PAPER LANTERNS,5,2010-03-01 13:41:00,1.95,13050,United Kingdom,UK
499636,47566,PARTY BUNTING,5,2010-03-01 13:41:00,4.65,13050,United Kingdom,UK
499636,47566B,TEA TIME PARTY BUNTING,5,2010-03-01 13:41:00,4.65,13050,United Kingdom,UK
499636,47590A,BLUE HAPPY BIRTHDAY BUNTING,3,2010-03-01 13:41:00,5.45,13050,United Kingdom,UK
499636,72351B,SET/6 PINK  BUTTERFLY T-LIGHTS,12,2010-03-01 13:41:00,2.1,13050,United Kingdom,UK
499636,79323LP,LIGHT PINK CHERRY LIGHTS,4,2010-03-01 13:41:00,6.75,13050,United Kingdom,UK
499636,79323W,WHITE CHERRY LIGHTS,4,2010-03-01 13:41:00,6.75,13050,United Kingdom,UK
499636,85067,CREAM SWEETHEART WALL CABINET,1,2010-03-01 13:41:00,18.95,13050,United Kingdom,UK
499636,85214,TUB 24 PINK FLOWER PEGS,12,2010-03-01 13:41:00,1.65,13050,United Kingdom,UK
499636,85231E,STRAWBERRY SCENTED SET/9 T-LIGHTS,12,2010-03-01 13:41:00,0.85,13050,United Kingdom,UK
499637,48138,DOOR MAT UNION FLAG,10,2010-03-01 13:45:00,6.35,12989,United Kingdom,UK
499637,79029,GLASS HONEYPOT WASP CATCHER,72,2010-03-01 13:45:00,1.65,12989,United Kingdom,UK
499637,79323W,WHITE CHERRY LIGHTS,24,2010-03-01 13:45:00,5.45,12989,United Kingdom,UK
499638,15036,ASSORTED COLOURS SILK FAN,1,2010-03-01 13:45:00,1.28,,United Kingdom,UK
499638,16237,SLEEPING CAT ERASERS,1,2010-03-01 13:45:00,0.43,,United Kingdom,UK
499638,17129D,CLEAR COLOUR GLASS GEMS IN BAG,11,2010-03-01 13:45:00,1.66,,United Kingdom,UK
499638,20700,GREEN CAT FLORAL CUSHION COVER,1,2010-03-01 13:45:00,10.17,,United Kingdom,UK
499638,20719,WOODLAND CHARLOTTE BAG,3,2010-03-01 13:45:00,1.66,,United Kingdom,UK
499638,20724,RED SPOTTY CHARLOTTE BAG,2,2010-03-01 13:45:00,1.66,,United Kingdom,UK
499638,20730,STRAWBERRY CANDY BAG,1,2010-03-01 13:45:00,0.85,,United Kingdom,UK
499638,20747,PICCADILLY TEA SET,15,2010-03-01 13:45:00,12.72,,United Kingdom,UK
499638,20768,GREEN FERN JOURNAL,1,2010-03-01 13:45:00,5.06,,United Kingdom,UK
499638,20821,GOLDIE LOOKING MIRROR,1,2010-03-01 13:45:00,10.17,,United Kingdom,UK
499638,20902,VINTAGE KEEPSAKE BOX PARIS DAYS,1,2010-03-01 13:45:00,12.72,,United Kingdom,UK
499638,20914,SET/5 RED SPOTTY LID GLASS BOWLS,2,2010-03-01 13:45:00,5.91,,United Kingdom,UK
499638,20934,SET/3 POT PLANT CANDLES,1,2010-03-01 13:45:00,11.02,,United Kingdom,UK
499638,20979,36 PENCILS TUBE RED SPOTTY,1,2010-03-01 13:45:00,2.51,,United Kingdom,UK
499638,21106,CREAM SLICE FLANNEL CHOCOLATE SPOT,1,2010-03-01 13:45:00,5.91,,United Kingdom,UK
499638,21116,OWL DOORSTOP,1,2010-03-01 13:45:00,8.47,,United Kingdom,UK
499638,21121,SET/10 RED SPOTTY PARTY CANDLES,1,2010-03-01 13:45:00,2.51,,United Kingdom,UK
499638,21165,BEWARE OF THE CAT METAL SIGN,2,2010-03-01 13:45:00,4.21,,United Kingdom,UK
499638,21166,COOK WITH WINE METAL SIGN,1,2010-03-01 13:45:00,4.21,,United Kingdom,UK
499638,21173,LOO ROLL  METAL SIGN,1,2010-03-01 13:45:00,4.21,,United Kingdom,UK
499638,21175,GIN + TONIC DIET METAL SIGN,1,2010-03-01 13:45:00,4.21,,United Kingdom,UK
499638,21181,PLEASE ONE PERSON METAL SIGN,1,2010-03-01 13:45:00,4.21,,United Kingdom,UK
499638,21210,SET OF 72 RETRO SPOT PAPER  DOILIES,1,2010-03-01 13:45:00,2.98,,United Kingdom,UK
499638,21212,PACK OF 72 RETRO SPOT CAKE CASES,1,2010-03-01 13:45:00,1.28,,United Kingdom,UK
499638,21232,STRAWBERRY CERAMIC TRINKET BOX,1,2010-03-01 13:45:00,2.51,,United Kingdom,UK
499638,21260,FIRST AID TIN,1,2010-03-01 13:45:00,6.77,,United Kingdom,UK
499638,21270,ANTIQUE CREAM CUTLERY CUPBOARD,1,2010-03-01 13:45:00,25.49,,United Kingdom,UK
499638,21304,ARCHED GREY MIRROR,1,2010-03-01 13:45:00,25.49,,United Kingdom,UK
499638,21312,LARGE CHUNKY GLASS ROMAN BOWL,1,2010-03-01 13:45:00,13.57,,United Kingdom,UK
499638,21314,SMALL GLASS HEART TRINKET POT,2,2010-03-01 13:45:00,4.21,,United Kingdom,UK
499638,21320,GLASS CHALICE GREEN  LARGE,1,2010-03-01 13:45:00,5.06,,United Kingdom,UK
499638,21366,MIRRORED WALL ART PHOTO FRAMES,1,2010-03-01 13:45:00,8.47,,United Kingdom,UK
499638,21384,IVORY HANGING DECORATION  BUTTERFLY,1,2010-03-01 13:45:00,1.66,,United Kingdom,UK
499638,21407,BROWN CHECK CAT DOORSTOP,1,2010-03-01 13:45:00,8.47,,United Kingdom,UK
499638,21441,BLUE BIRDHOUSE DECORATION,2,2010-03-01 13:45:00,1.66,,United Kingdom,UK
499638,21442,GREEN BIRDHOUSE DECORATION,2,2010-03-01 13:45:00,1.66,,United Kingdom,UK
499638,21469,POLKA DOT RAFFIA FOOD COVER,1,2010-03-01 13:45:00,7.62,,United Kingdom,UK
499638,21471,STRAWBERRY RAFFIA FOOD COVER,1,2010-03-01 13:45:00,7.62,,United Kingdom,UK
499638,21626,VINTAGE UNION JACK PENNANT,1,2010-03-01 13:45:00,4.21,,United Kingdom,UK
499638,21627,ELEPHANT CARNIVAL POUFFE,1,2010-03-01 13:45:00,29.79,,United Kingdom,UK
499638,21628,TRIANGULAR POUFFE VINTAGE,1,2010-03-01 13:45:00,29.79,,United Kingdom,UK
499638,21633,SUNFLOWER DECORATIVE PARASOL,1,2010-03-01 13:45:00,25.49,,United Kingdom,UK
499638,21668,RED STRIPE CERAMIC DRAWER KNOB,2,2010-03-01 13:45:00,2.51,,United Kingdom,UK
499638,21670,BLUE SPOT CERAMIC DRAWER KNOB,1,2010-03-01 13:45:00,2.51,,United Kingdom,UK
499638,21672,WHITE SPOT RED CERAMIC DRAWER KNOB,9,2010-03-01 13:45:00,2.51,,United Kingdom,UK
499638,21673,WHITE SPOT BLUE CERAMIC DRAWER KNOB,1,2010-03-01 13:45:00,2.51,,United Kingdom,UK
499638,21680,WOODLAND  STICKERS,1,2010-03-01 13:45:00,1.66,,United Kingdom,UK
499638,21719,LOVELY BONBON STICKER SHEET,1,2010-03-01 13:45:00,1.66,,United Kingdom,UK
499638,21733,RED HANGING HEART T-LIGHT HOLDER,1,2010-03-01 13:45:00,5.91,,United Kingdom,UK
499638,21768,WALL MOUNTED VINTAGE ORGANISER,1,2010-03-01 13:45:00,29.74,,United Kingdom,UK
499638,21774,DECORATIVE CATS BATHROOM BOTTLE,1,2010-03-01 13:45:00,2.51,,United Kingdom,UK
499638,21775,DECORATIVE FLORE BATHROOM BOTTLE,1,2010-03-01 13:45:00,2.51,,United Kingdom,UK
499638,21898,POTTING SHED ROSE CANDLE,1,2010-03-01 13:45:00,5.91,,United Kingdom,UK
499638,21906,PHARMACIE FIRST AID TIN,1,2010-03-01 13:45:00,13.57,,United Kingdom,UK
499638,21935,SUKI  SHOULDER BAG,1,2010-03-01 13:45:00,3.36,,United Kingdom,UK
499638,21973,SET OF 36 MUSHROOM PAPER DOILIES,1,2010-03-01 13:45:00,2.98,,United Kingdom,UK
499638,21974,SET OF 36 PAISLEY FLOWER DOILIES,1,2010-03-01 13:45:00,2.98,,United Kingdom,UK
499638,21985,PACK OF 12 HEARTS DESIGN TISSUES,2,2010-03-01 13:45:00,0.81,,United Kingdom,UK
499638,22053,EMPIRE DESIGN ROSETTE,1,2010-03-01 13:45:00,2.51,,United Kingdom,UK
499638,22064,PINK DOUGHNUT TRINKET POT,1,2010-03-01 13:45:00,3.36,,United Kingdom,UK
499638,22083,PAPER CHAIN KIT RETRO SPOT,1,2010-03-01 13:45:00,5.91,,United Kingdom,UK
499638,22087,PAPER BUNTING WHITE LACE,1,2010-03-01 13:45:00,5.91,,United Kingdom,UK
499638,22088,PAPER BUNTING COLOURED LACE,2,2010-03-01 13:45:00,5.91,,United Kingdom,UK
499638,22090,PAPER BUNTING RETRO SPOTS,2,2010-03-01 13:45:00,5.91,,United Kingdom,UK
499638,22112,CHOCOLATE HOT WATER BOTTLE,1,2010-03-01 13:45:00,11.02,,United Kingdom,UK
499638,22114,HOT WATER BOTTLE TEA AND SYMPATHY,1,2010-03-01 13:45:00,8.47,,United Kingdom,UK
499638,22115,METAL SIGN EMPIRE TEA,1,2010-03-01 13:45:00,5.91,,United Kingdom,UK
499638,22173,METAL 4 HOOK HANGER FRENCH CHATEAU,2,2010-03-01 13:45:00,5.91,,United Kingdom,UK
499638,22176,BLUE OWL SOFT TOY,1,2010-03-01 13:45:00,5.91,,United Kingdom,UK
499638,22195,LARGE HEART MEASURING SPOONS,3,2010-03-01 13:45:00,3.36,,United Kingdom,UK
499638,22196,SMALL HEART MEASURING SPOONS,2,2010-03-01 13:45:00,1.66,,United Kingdom,UK
499638,22197,SMALL POPCORN HOLDER,4,2010-03-01 13:45:00,1.66,,United Kingdom,UK
499638,22198,LARGE POPCORN HOLDER,7,2010-03-01 13:45:00,3.36,,United Kingdom,UK
499638,22199,FRYING PAN RED POLKADOT,1,2010-03-01 13:45:00,8.47,,United Kingdom,UK
499638,22219,LOVEBIRD HANGING DECORATION WHITE,1,2010-03-01 13:45:00,1.66,,United Kingdom,UK
499638,22227,"DECORATION, HANGING HEART+MIRROR",3,2010-03-01 13:45:00,1.28,,United Kingdom,UK
499638,22241,GARLAND WOODEN HAPPY EASTER,1,2010-03-01 13:45:00,2.51,,United Kingdom,UK
499638,22245,"HOOK, 1 HANGER ,MAGIC GARDEN",1,2010-03-01 13:45:00,1.66,,United Kingdom,UK
499638,22253,6 CROCHET STRAWBERRIES,1,2010-03-01 13:45:00,2.51,,United Kingdom,UK
499638,22281,EASTER TREE YELLOW BIRDS,2,2010-03-01 13:45:00,12.72,,United Kingdom,UK
499638,22317,FIVE CATS HANGING DECORATION,1,2010-03-01 13:45:00,5.91,,United Kingdom,UK
499638,22348,TEA BAG PLATE RED SPOTTY,2,2010-03-01 13:45:00,1.66,,United Kingdom,UK
499638,22356,"CHARLOTTE BAG , PINK/WHITE SPOTS",2,2010-03-01 13:45:00,1.66,,United Kingdom,UK
499638,22379,RECYCLING BAG RETROSPOT,1,2010-03-01 13:45:00,4.21,,United Kingdom,UK
499638,22382,LUNCH BAG SPACEBOY DESIGN,2,2010-03-01 13:45:00,4.21,,United Kingdom,UK
499638,22412,METAL SIGN NEIGHBOURHOOD WITCH,1,2010-03-01 13:45:00,4.21,,United Kingdom,UK
499638,22495,SET OF 2 ROUND TINS CAMEMBERT,1,2010-03-01 13:45:00,5.91,,United Kingdom,UK
499638,22496,SET OF 2 ROUND TINS DUTCH CHEESE,1,2010-03-01 13:45:00,5.91,,United Kingdom,UK
499638,22499,WOODEN UNION JACK BUNTING,2,2010-03-01 13:45:00,12.72,,United Kingdom,UK
499638,35004B,SET OF 3 BLACK FLYING DUCKS,1,2010-03-01 13:45:00,12.72,,United Kingdom,UK
499638,35096A,BLUE VICTORIAN FABRIC HEART BOX,1,2010-03-01 13:45:00,0.84,,United Kingdom,UK
499638,35647,VINTAGE BEAD PINK SHADE,2,2010-03-01 13:45:00,2.51,,United Kingdom,UK
499638,35971,ROSE FOLKART HEART DECORATIONS,1,2010-03-01 13:45:00,2.51,,United Kingdom,UK
499638,37449,CERAMIC CAKE STAND + HANGING CAKES,1,2010-03-01 13:45:00,21.23,,United Kingdom,UK
499638,37467,PIG MUG IN TWO COLOUR DESIGNS,1,2010-03-01 13:45:00,4.21,,United Kingdom,UK
499638,37476,CONDIMENT TRAY 4 BOWLS AND 4 SPOONS,1,2010-03-01 13:45:00,18.68,,United Kingdom,UK
499638,37503,TEA TIME CAKE STAND IN GIFT BOX,1,2010-03-01 13:45:00,21.23,,United Kingdom,UK
499638,47566,PARTY BUNTING,8,2010-03-01 13:45:00,8.47,,United Kingdom,UK
499638,47585A,PINK FAIRY CAKE CUSHION COVER,1,2010-03-01 13:45:00,10.17,,United Kingdom,UK
499638,47590B,PINK HAPPY BIRTHDAY BUNTING,1,2010-03-01 13:45:00,11.02,,United Kingdom,UK
499638,48111,DOOR MAT 3 SMILEY CATS,3,2010-03-01 13:45:00,13.57,,United Kingdom,UK
499638,48184,DOOR MAT ENGLISH ROSE,1,2010-03-01 13:45:00,13.57,,United Kingdom,UK
499638,48185,DOOR MAT FAIRY CAKE,1,2010-03-01 13:45:00,13.57,,United Kingdom,UK
499638,48197,DOOR MAT BIRD ON THE WIRE,1,2010-03-01 13:45:00,13.57,,United Kingdom,UK
499638,72267,PREMIUM CHURCH CANDLE,2,2010-03-01 13:45:00,4.21,,United Kingdom,UK
499638,72800E,4 IVORY DINNER CANDLES SILVER FLOCK,2,2010-03-01 13:45:00,5.06,,United Kingdom,UK
499638,72807B,SET/3 OCEAN SCENT CANDLE JEWEL BOX,1,2010-03-01 13:45:00,8.47,,United Kingdom,UK
499638,77101A,UNION FLAG WINDSOCK,1,2010-03-01 13:45:00,2.51,,United Kingdom,UK
499638,79000,MOROCCAN TEA GLASS,2,2010-03-01 13:45:00,5.06,,United Kingdom,UK
499638,79164,BLACK WINE GLASS,1,2010-03-01 13:45:00,21.23,,United Kingdom,UK
499638,79323G,GOLD  CHERRY LIGHTS,1,2010-03-01 13:45:00,13.57,,United Kingdom,UK
499638,79323LP,LIGHT PINK CHERRY LIGHTS,1,2010-03-01 13:45:00,13.57,,United Kingdom,UK
499638,82486,WOOD S/3 CABINET ANT WHITE FINISH,1,2010-03-01 13:45:00,16.13,,United Kingdom,UK
499638,82578,KITCHEN METAL SIGN,1,2010-03-01 13:45:00,1.28,,United Kingdom,UK
499638,82580,BATHROOM METAL SIGN,3,2010-03-01 13:45:00,1.28,,United Kingdom,UK
499638,82597,BOMBS AWAY METAL SIGN,1,2010-03-01 13:45:00,4.21,,United Kingdom,UK
499638,82605,OLD DOC RUSSEL METAL SIGN,1,2010-03-01 13:45:00,4.21,,United Kingdom,UK
499638,82613B,"METAL SIGN,CUPCAKE SINGLE HOOK",1,2010-03-01 13:45:00,2.51,,United Kingdom,UK
499638,84029G,KNITTED UNION FLAG HOT WATER BOTTLE,1,2010-03-01 13:45:00,7.62,,United Kingdom,UK
499638,84032A,CHARLIE+LOLA PINK HOT WATER BOTTLE,1,2010-03-01 13:45:00,5.91,,United Kingdom,UK
499638,84050,PINK HEART SHAPE EGG FRYING PAN,2,2010-03-01 13:45:00,4.21,,United Kingdom,UK
499638,84255B,ORANGE COCKTAIL GLASS LAMP,2,2010-03-01 13:45:00,12.72,,United Kingdom,UK
499638,84270,ASSTD DESIGN BUBBLE GUM RING,2,2010-03-01 13:45:00,0.43,,United Kingdom,UK
499638,84469,ROSE DES PADDED FLOOR CUSHION,1,2010-03-01 13:45:00,14.43,,United Kingdom,UK
499638,84534B,FAIRY CAKE NOTEBOOK A5 SIZE,1,2010-03-01 13:45:00,1.66,,United Kingdom,UK
499638,84580,MOUSE TOY WITH PINK T-SHIRT,1,2010-03-01 13:45:00,4.21,,United Kingdom,UK
499638,84684,BEACH HUT PHOTO FRAME,1,2010-03-01 13:45:00,5.06,,United Kingdom,UK
499638,84750A,PINK SMALL GLASS CAKE STAND,1,2010-03-01 13:45:00,4.21,,United Kingdom,UK
499638,84755,COLOUR GLASS T-LIGHT HOLDER HANGING,1,2010-03-01 13:45:00,5.06,,United Kingdom,UK
499638,84761,IVORY HANGING BIRD PLANTER,2,2010-03-01 13:45:00,5.06,,United Kingdom,UK
499638,84762C,GREEN PICNIC BARBECUE BUCKET,1,2010-03-01 13:45:00,8.47,,United Kingdom,UK
499638,84765,SILVER ROCOCO CANDELABRA,1,2010-03-01 13:45:00,25.49,,United Kingdom,UK
499638,84815,SET OF 3 DANISH ROSE PLANTERS,1,2010-03-01 13:45:00,8.47,,United Kingdom,UK
499638,84836,ZINC METAL HEART DECORATION,1,2010-03-01 13:45:00,2.51,,United Kingdom,UK
499638,84854,GIRLY PINK TOOL SET,2,2010-03-01 13:45:00,8.47,,United Kingdom,UK
499638,84946,ANTIQUE SILVER TEA GLASS ETCHED,3,2010-03-01 13:45:00,2.51,,United Kingdom,UK
499638,84978,HANGING HEART JAR T-LIGHT HOLDER,1,2010-03-01 13:45:00,2.51,,United Kingdom,UK
499638,84987,SET OF 36 TEATIME PAPER DOILIES,1,2010-03-01 13:45:00,2.98,,United Kingdom,UK
499638,84988,SET OF 72 PINK HEART PAPER DOILIES,1,2010-03-01 13:45:00,2.98,,United Kingdom,UK
499638,84991,60 TEATIME FAIRY CAKE CASES,1,2010-03-01 13:45:00,1.28,,United Kingdom,UK
499638,85015,SET OF 12  VINTAGE POSTCARD SET,2,2010-03-01 13:45:00,2.51,,United Kingdom,UK
499638,85016,SET OF 6 VINTAGE NOTELETS KIT,2,2010-03-01 13:45:00,2.51,,United Kingdom,UK
499638,85017A,ENVELOPE 50 ROMANTIC IMAGES,2,2010-03-01 13:45:00,0.81,,United Kingdom,UK
499638,85017B,ENVELOPE 50 BLOSSOM IMAGES,1,2010-03-01 13:45:00,0.81,,United Kingdom,UK
499638,85020,ROUND PINK HEART MIRROR,2,2010-03-01 13:45:00,4.21,,United Kingdom,UK
499638,85031A,ROMANTIC IMAGES SCRAP BOOK SET,1,2010-03-01 13:45:00,3.36,,United Kingdom,UK
499638,85034A,3 GARDENIA MORRIS BOXED CANDLES,1,2010-03-01 13:45:00,8.47,,United Kingdom,UK
499638,85061W,WHITE JEWELLED HEART DECORATION,1,2010-03-01 13:45:00,1.66,,United Kingdom,UK
499638,85066,CREAM SWEETHEART MINI CHEST,1,2010-03-01 13:45:00,25.49,,United Kingdom,UK
499638,85071B,RED CHARLIE+LOLA PERSONAL DOORSIGN,1,2010-03-01 13:45:00,5.91,,United Kingdom,UK
499638,85121B,RETRO LAUNDRY TUB PINK,1,2010-03-01 13:45:00,16.98,,United Kingdom,UK
499638,85124A,PINK JUICY FRUIT PHOTO FRAME,1,2010-03-01 13:45:00,5.06,,United Kingdom,UK
499638,85150,LADIES & GENTLEMEN METAL SIGN,1,2010-03-01 13:45:00,5.06,,United Kingdom,UK
499638,85178,VICTORIAN SEWING KIT,2,2010-03-01 13:45:00,2.51,,United Kingdom,UK
499638,85200,BUNNY EGG BOX,1,2010-03-01 13:45:00,2.51,,United Kingdom,UK
499638,85224,ASSORTED COLOUR SILK GLASSES CASE,1,2010-03-01 13:45:00,4.21,,United Kingdom,UK
499638,85232B,SET/3 RUSSIAN DOLL STACKING TINS,1,2010-03-01 13:45:00,10.17,,United Kingdom,UK
499638,90013B,BLACK VINTAGE EARRINGS,1,2010-03-01 13:45:00,4.24,,United Kingdom,UK
499638,90018A,SILVER M.O.P ORBIT DROP EARRINGS,1,2010-03-01 13:45:00,4.24,,United Kingdom,UK
499638,90064A,WHITE VINTAGE CRYSTAL EARRINGS,1,2010-03-01 13:45:00,4.24,,United Kingdom,UK
499638,90071,RUBY GLASS CLUSTER EARRINGS,1,2010-03-01 13:45:00,1.26,,United Kingdom,UK
499638,90087,CRYSTAL SEA HORSE PHONE CHARM,1,2010-03-01 13:45:00,1.66,,United Kingdom,UK
499638,90120B,BLUE MURANO TWIST BRACELET,1,2010-03-01 13:45:00,4.24,,United Kingdom,UK
499638,90120D,WHITE MURANO TWIST BRACELET,1,2010-03-01 13:45:00,4.24,,United Kingdom,UK
499638,90133,TEAL/FUSCHIA COL BEAD NECKLACE,1,2010-03-01 13:45:00,5.09,,United Kingdom,UK
499638,90134,OLD ROSE COMBO BEAD NECKLACE,1,2010-03-01 13:45:00,2.96,,United Kingdom,UK
499638,90161D,ANT COPPER PINK BOUDICCA BRACELET,1,2010-03-01 13:45:00,5.09,,United Kingdom,UK
499638,90184A,AMBER CHUNKY BEAD BRACELET W STRAP,1,2010-03-01 13:45:00,9.34,,United Kingdom,UK
499638,DOT,DOTCOM POSTAGE,1,2010-03-01 13:45:00,243.32,,United Kingdom,UK
499639,16244B,MAXWELL 2 TONE BLUE 60 PAGE PHOTO A,1,2010-03-01 13:51:00,4.25,16519,United Kingdom,UK
499639,20764,ABSTRACT CIRCLES SKETCHBOOK,2,2010-03-01 13:51:00,3.75,16519,United Kingdom,UK
499639,20766,GARDEN PATH SKETCHBOOK,2,2010-03-01 13:51:00,3.75,16519,United Kingdom,UK
499639,22119,PEACE WOODEN BLOCK LETTERS,1,2010-03-01 13:51:00,6.95,16519,United Kingdom,UK
499639,22376,AIRLINE BAG VINTAGE JET SET WHITE,1,2010-03-01 13:51:00,6.35,16519,United Kingdom,UK
499639,37441,ASSORTED WHITE EMBOSSED CHINA MUGS,6,2010-03-01 13:51:00,2.1,16519,United Kingdom,UK
499639,72051S,BAG OF SILVER STONES,4,2010-03-01 13:51:00,0.42,16519,United Kingdom,UK
499639,72741,GRAND CHOCOLATECANDLE,18,2010-03-01 13:51:00,1.45,16519,United Kingdom,UK
499639,79163,BLACK CHAMPAGNE GLASS,6,2010-03-01 13:51:00,1.65,16519,United Kingdom,UK
499639,79164,BLACK WINE GLASS,6,2010-03-01 13:51:00,1.65,16519,United Kingdom,UK
499639,84578,ELEPHANT TOY WITH BLUE T-SHIRT,2,2010-03-01 13:51:00,3.75,16519,United Kingdom,UK
499639,84660A,WHITE STITCHED WALL CLOCK,2,2010-03-01 13:51:00,3.75,16519,United Kingdom,UK
499639,84660B,BLACK STITCHED WALL CLOCK,2,2010-03-01 13:51:00,3.75,16519,United Kingdom,UK
499639,84661A,WHITE SQUARE TABLE CLOCK,3,2010-03-01 13:51:00,2.55,16519,United Kingdom,UK
499639,84661B,BLACK SQUARE TABLE CLOCK,2,2010-03-01 13:51:00,2.55,16519,United Kingdom,UK
499639,85035A,GARDENIA 3 WICK MORRIS BOXED CANDLE,1,2010-03-01 13:51:00,4.25,16519,United Kingdom,UK
499639,85035B,CHOCOLATE 3 WICK MORRIS BOX CANDLE,1,2010-03-01 13:51:00,4.25,16519,United Kingdom,UK
499639,85035C,ROSE 3 WICK MORRIS BOX CANDLE,1,2010-03-01 13:51:00,4.25,16519,United Kingdom,UK
499639,85103,SILVER T-LIGHT SETTING,2,2010-03-01 13:51:00,6.75,16519,United Kingdom,UK
499639,85114B,IVORY ENCHANTED FOREST PLACEMAT,6,2010-03-01 13:51:00,1.65,16519,United Kingdom,UK
499640,21298,EDWARDIAN 2 DRAWER WALL CABINET,8,2010-03-01 13:57:00,12.75,15291,United Kingdom,UK
499640,21299,EDWARDIAN TOILET ROLL UNIT,48,2010-03-01 13:57:00,3.95,15291,United Kingdom,UK
499640,21303,FILIGREE WALL MIRROR  ANTIQUE WHITE,4,2010-03-01 13:57:00,5.95,15291,United Kingdom,UK
499640,84849D,HOT BATHS SOAP HOLDER,12,2010-03-01 13:57:00,1.69,15291,United Kingdom,UK
499641,20669,RED HEART LUGGAGE TAG,1,2010-03-01 14:01:00,1.25,17841,United Kingdom,UK
499641,20682,RED SPOTTY CHILDS UMBRELLA,1,2010-03-01 14:01:00,3.25,17841,United Kingdom,UK
499641,20712,JUMBO BAG WOODLAND ANIMALS,2,2010-03-01 14:01:00,1.95,17841,United Kingdom,UK
499641,20729,RED SPOTTY CANDY BAG,1,2010-03-01 14:01:00,1.25,17841,United Kingdom,UK
499641,20750,RED/WHITE DOT MINI CASES,1,2010-03-01 14:01:00,7.95,17841,United Kingdom,UK
499641,20990,SPRING FLOWER CHOPSTICKS SET/5,1,2010-03-01 14:01:00,1.95,17841,United Kingdom,UK
499641,21033,JUMBO BAG CHARLIE AND LOLA TOYS,1,2010-03-01 14:01:00,2.95,17841,United Kingdom,UK
499641,21100,CHARLIE AND LOLA CHARLOTTE BAG,1,2010-03-01 14:01:00,1.65,17841,United Kingdom,UK
499641,21121,SET/10 RED SPOTTY PARTY CANDLES,2,2010-03-01 14:01:00,1.25,17841,United Kingdom,UK
499641,21171,BATHROOM METAL SIGN,1,2010-03-01 14:01:00,1.45,17841,United Kingdom,UK
499641,21173,LOO ROLL  METAL SIGN,1,2010-03-01 14:01:00,1.65,17841,United Kingdom,UK
499641,21174,POTTERING IN THE SHED METAL SIGN,1,2010-03-01 14:01:00,1.95,17841,United Kingdom,UK
499641,21186,WHITE DOVE HONEYCOMB PAPER GARLAND,1,2010-03-01 14:01:00,1.65,17841,United Kingdom,UK
499641,21286,RETRO SPOT CANDLE  LARGE,2,2010-03-01 14:01:00,2.55,17841,United Kingdom,UK
499641,21428,SET3 BOOK BOX GREEN GINGHAM FLOWER,1,2010-03-01 14:01:00,4.25,17841,United Kingdom,UK
499641,21437,24 HANGING EASTER EGGS FLORAL TUB,1,2010-03-01 14:01:00,3.75,17841,United Kingdom,UK
499641,21441,BLUE BIRDHOUSE DECORATION,5,2010-03-01 14:01:00,0.85,17841,United Kingdom,UK
499641,21482,MUSHROOM BLUE HOT WATER BOTTLE,2,2010-03-01 14:01:00,2.95,17841,United Kingdom,UK
499641,21624,VINTAGE UNION JACK DOORSTOP,1,2010-03-01 14:01:00,5.95,17841,United Kingdom,UK
499641,21670,BLUE SPOT CERAMIC DRAWER KNOB,4,2010-03-01 14:01:00,1.25,17841,United Kingdom,UK
499641,21672,WHITE SPOT RED CERAMIC DRAWER KNOB,6,2010-03-01 14:01:00,1.25,17841,United Kingdom,UK
499641,21754,HOME BUILDING BLOCK WORD,2,2010-03-01 14:01:00,5.95,17841,United Kingdom,UK
499641,21866,UNION JACK FLAG LUGGAGE TAG,1,2010-03-01 14:01:00,1.25,17841,United Kingdom,UK
499641,21934,SKULL SHOULDER BAG,1,2010-03-01 14:01:00,1.65,17841,United Kingdom,UK
499641,21935,SUKI  SHOULDER BAG,1,2010-03-01 14:01:00,1.65,17841,United Kingdom,UK
499641,22088,PAPER BUNTING COLOURED LACE,5,2010-03-01 14:01:00,2.95,17841,United Kingdom,UK
499641,22115,METAL SIGN EMPIRE TEA,1,2010-03-01 14:01:00,2.95,17841,United Kingdom,UK
499641,22196,SMALL HEART MEASURING SPOONS,1,2010-03-01 14:01:00,0.85,17841,United Kingdom,UK
499641,22212,FOUR HOOK  WHITE LOVEBIRDS,1,2010-03-01 14:01:00,2.1,17841,United Kingdom,UK
499641,22384,LUNCH BAG PINK RETROSPOT,10,2010-03-01 14:01:00,1.65,17841,United Kingdom,UK
499641,22417,PACK OF 60 SPACEBOY CAKE CASES,1,2010-03-01 14:01:00,0.55,17841,United Kingdom,UK
499641,35921,EASTER BUNNY HANGING GARLAND,1,2010-03-01 14:01:00,1.25,17841,United Kingdom,UK
499641,40018E,TEA TIME PAPER LANTERNS,2,2010-03-01 14:01:00,1.95,17841,United Kingdom,UK
499641,47590B,PINK HAPPY BIRTHDAY BUNTING,1,2010-03-01 14:01:00,5.45,17841,United Kingdom,UK
499641,71495B,CD WALL TIDY RED FLOWERS,3,2010-03-01 14:01:00,0.42,17841,United Kingdom,UK
499641,72801D,S/4 SKY BLUE DINNER CANDLES,1,2010-03-01 14:01:00,1.25,17841,United Kingdom,UK
499641,82578,KITCHEN METAL SIGN,3,2010-03-01 14:01:00,0.55,17841,United Kingdom,UK
499641,82580,BATHROOM METAL SIGN,1,2010-03-01 14:01:00,0.55,17841,United Kingdom,UK
499641,84255B,ORANGE COCKTAIL GLASS LAMP,1,2010-03-01 14:01:00,2.1,17841,United Kingdom,UK
499641,84596E,SMALL LICORICE DES PINK BOWL,1,2010-03-01 14:01:00,1.25,17841,United Kingdom,UK
499641,84989A,75 GREEN FAIRY CAKE CASES,1,2010-03-01 14:01:00,0.55,17841,United Kingdom,UK
499641,85150,LADIES & GENTLEMEN METAL SIGN,1,2010-03-01 14:01:00,2.55,17841,United Kingdom,UK
499641,85152,HAND OVER THE CHOCOLATE   SIGN,1,2010-03-01 14:01:00,2.1,17841,United Kingdom,UK
499650,20685,DOOR MAT RED SPOT,10,2010-03-01 14:31:00,6.35,13993,United Kingdom,UK
499650,21181,PLEASE ONE PERSON METAL SIGN,12,2010-03-01 14:31:00,2.1,13993,United Kingdom,UK
499650,48138,DOOR MAT UNION FLAG,4,2010-03-01 14:31:00,7.49,13993,United Kingdom,UK
499650,48184,DOOR MAT ENGLISH ROSE,10,2010-03-01 14:31:00,6.35,13993,United Kingdom,UK
499650,84880,WHITE WIRE EGG HOLDER,6,2010-03-01 14:31:00,5.95,13993,United Kingdom,UK
499656,20981,12 PENCILS TALL TUBE WOODLAND,6,2010-03-01 14:48:00,0.85,17359,United Kingdom,UK
499656,21186,WHITE DOVE HONEYCOMB PAPER GARLAND,5,2010-03-01 14:48:00,1.65,17359,United Kingdom,UK
499656,21360,JOY LARGE WOOD LETTERS,1,2010-03-01 14:48:00,9.95,17359,United Kingdom,UK
499656,21361,LOVE LARGE WOOD LETTERS,1,2010-03-01 14:48:00,12.75,17359,United Kingdom,UK
499656,21680,WOODLAND  STICKERS,6,2010-03-01 14:48:00,0.85,17359,United Kingdom,UK
499656,21791,VINTAGE HEADS AND TAILS CARD GAME,5,2010-03-01 14:48:00,1.25,17359,United Kingdom,UK
499656,21820,GLITTER HEART GARLAND WITH BELLS,2,2010-03-01 14:48:00,3.75,17359,United Kingdom,UK
499656,22101,MIRROR MOSAIC VOTIVE HOLDER,4,2010-03-01 14:48:00,2.1,17359,United Kingdom,UK
499656,22105,MIRROR MOSAIC GOBLET CANDLE HOLDER,2,2010-03-01 14:48:00,4.25,17359,United Kingdom,UK
499656,22106,MIRROR MOSAIC HURRICANE LAMP,3,2010-03-01 14:48:00,6.75,17359,United Kingdom,UK
499656,22219,LOVEBIRD HANGING DECORATION WHITE,6,2010-03-01 14:48:00,0.85,17359,United Kingdom,UK
499656,22294,HEART FILIGREE DOVE  SMALL,4,2010-03-01 14:48:00,1.25,17359,United Kingdom,UK
499656,22295,HEART FILIGREE DOVE LARGE,2,2010-03-01 14:48:00,1.65,17359,United Kingdom,UK
499656,22297,HEART IVORY TRELLIS SMALL,4,2010-03-01 14:48:00,1.25,17359,United Kingdom,UK
499656,22331,WOODLAND PARTY BAG + STICKER SET,1,2010-03-01 14:48:00,1.65,17359,United Kingdom,UK
499656,72780,BLACK SILOUETTE CANDLE PLATE,2,2010-03-01 14:48:00,0.85,17359,United Kingdom,UK
499656,84683,CLASSICAL ROSE CANDLESTAND,4,2010-03-01 14:48:00,1.25,17359,United Kingdom,UK
499656,84884A,ANT WHITE WIRE HEART SPIRAL,2,2010-03-01 14:48:00,3.95,17359,United Kingdom,UK
499656,85061W,WHITE JEWELLED HEART DECORATION,5,2010-03-01 14:48:00,0.85,17359,United Kingdom,UK
499656,85103,SILVER T-LIGHT SETTING,1,2010-03-01 14:48:00,6.75,17359,United Kingdom,UK
499656,85107,CUT GLASS T-LIGHT HOLDER OCTAGON,4,2010-03-01 14:48:00,2.55,17359,United Kingdom,UK
499656,85129A,"WHITE PEARL BEADED HEART, SMALL",3,2010-03-01 14:48:00,1.25,17359,United Kingdom,UK
499656,85130A,BEADED PEARL HEART WHITE LARGE,3,2010-03-01 14:48:00,1.65,17359,United Kingdom,UK
499657,20674,GREEN SPOTTY BOWL,4,2010-03-01 14:54:00,1.25,14896,United Kingdom,UK
499657,20751,FUNKY WASHING UP GLOVES ASSORTED,1,2010-03-01 14:54:00,2.1,14896,United Kingdom,UK
499657,21078,SET/20 STRAWBERRY PAPER NAPKINS,5,2010-03-01 14:54:00,0.85,14896,United Kingdom,UK
499657,21121,SET/10 RED SPOTTY PARTY CANDLES,4,2010-03-01 14:54:00,1.25,14896,United Kingdom,UK
499657,21161,KEEP OUT BOYS DOOR HANGER,7,2010-03-01 14:54:00,1.45,14896,United Kingdom,UK
499657,21162,TOXIC AREA  DOOR HANGER,3,2010-03-01 14:54:00,1.45,14896,United Kingdom,UK
499657,21294,ETCHED GLASS COASTER,10,2010-03-01 14:54:00,1.25,14896,United Kingdom,UK
499657,21385,IVORY HANGING DECORATION  HEART,1,2010-03-01 14:54:00,0.85,14896,United Kingdom,UK
499657,21866,UNION JACK FLAG LUGGAGE TAG,1,2010-03-01 14:54:00,1.25,14896,United Kingdom,UK
499657,21866,UNION JACK FLAG LUGGAGE TAG,2,2010-03-01 14:54:00,1.25,14896,United Kingdom,UK
499657,21867,PINK UNION JACK  LUGGAGE TAG,3,2010-03-01 14:54:00,1.25,14896,United Kingdom,UK
499657,21990,MODERN FLORAL STATIONERY SET,1,2010-03-01 14:54:00,2.95,14896,United Kingdom,UK
499657,21993,FLORAL FOLK STATIONERY SET,1,2010-03-01 14:54:00,2.95,14896,United Kingdom,UK
499657,22030,SWALLOWS GREETING CARD,12,2010-03-01 14:54:00,0.42,14896,United Kingdom,UK
499657,22091,EMPIRE TISSUE BOX,1,2010-03-01 14:54:00,1.25,14896,United Kingdom,UK
499657,22097,SWALLOW SQUARE TISSUE BOX,2,2010-03-01 14:54:00,1.25,14896,United Kingdom,UK
499657,22107,PIZZA PLATE IN BOX,1,2010-03-01 14:54:00,3.75,14896,United Kingdom,UK
499657,22156,HEART DECORATION WITH PEARLS,1,2010-03-01 14:54:00,0.85,14896,United Kingdom,UK
499657,22188,BLACK HEART CARD HOLDER,1,2010-03-01 14:54:00,3.95,14896,United Kingdom,UK
499657,22335,HEART DECORATION PAINTED ZINC,1,2010-03-01 14:54:00,0.65,14896,United Kingdom,UK
499657,84520B,PACK 20 ENGLISH ROSE PAPER NAPKINS,4,2010-03-01 14:54:00,0.85,14896,United Kingdom,UK
499659,15039,SANDALWOOD FAN,3,2010-03-01 15:05:00,0.85,16731,United Kingdom,UK
499659,17164D,ASS COL SMALL SAND FROG P'WEIGHT,4,2010-03-01 15:05:00,0.42,16731,United Kingdom,UK
499659,20684,STRAWBERRY DREAM CHILDS UMBRELLA,2,2010-03-01 15:05:00,3.25,16731,United Kingdom,UK
499659,20717,STRAWBERRY SHOPPER BAG,4,2010-03-01 15:05:00,1.25,16731,United Kingdom,UK
499659,20723,STRAWBERRY CHARLOTTE BAG,6,2010-03-01 15:05:00,0.85,16731,United Kingdom,UK
499659,20828,GLITTER BUTTERFLY CLIPS,1,2010-03-01 15:05:00,2.55,16731,United Kingdom,UK
499659,20829,GLITTER HANGING BUTTERFLY STRING,1,2010-03-01 15:05:00,2.1,16731,United Kingdom,UK
499659,21076,SET/20 COLLAGE PAPER NAPKIN,2,2010-03-01 15:05:00,0.85,16731,United Kingdom,UK
499659,21078,SET/20 STRAWBERRY PAPER NAPKINS,2,2010-03-01 15:05:00,0.85,16731,United Kingdom,UK
499659,21387,IVORY HANGING DECORATION  RABBIT,2,2010-03-01 15:05:00,0.85,16731,United Kingdom,UK
499659,21580,RABBIT  DESIGN  COTTON TOTE BAG,3,2010-03-01 15:05:00,2.25,16731,United Kingdom,UK
499659,21713,CITRONELLA CANDLE FLOWERPOT,4,2010-03-01 15:05:00,2.1,16731,United Kingdom,UK
499659,21869,POTTING SHED COFFEE MUG,3,2010-03-01 15:05:00,1.25,16731,United Kingdom,UK
499659,21876,POTTERING MUG,6,2010-03-01 15:05:00,1.25,16731,United Kingdom,UK
499659,21894,POTTING SHED SEED ENVELOPES,3,2010-03-01 15:05:00,1.25,16731,United Kingdom,UK
499659,21897,POTTING SHED CANDLE CITRONELLA,1,2010-03-01 15:05:00,2.95,16731,United Kingdom,UK
499659,21897,POTTING SHED CANDLE CITRONELLA,2,2010-03-01 15:05:00,2.95,16731,United Kingdom,UK
499659,21900,"KEY FOB , SHED",4,2010-03-01 15:05:00,0.65,16731,United Kingdom,UK
499659,22021,BLUE FELT EASTER EGG BASKET,1,2010-03-01 15:05:00,1.65,16731,United Kingdom,UK
499659,22139,RETRO SPOT TEA SET CERAMIC 11 PC,1,2010-03-01 15:05:00,4.95,16731,United Kingdom,UK
499659,22233,JIGSAW RABBIT AND BIRDHOUSE,3,2010-03-01 15:05:00,1.65,16731,United Kingdom,UK
499659,22247,BUNNY DECORATION MAGIC GARDEN,1,2010-03-01 15:05:00,0.85,16731,United Kingdom,UK
499659,22249,DECORATION WHITE CHICK MAGIC GARDEN,3,2010-03-01 15:05:00,0.85,16731,United Kingdom,UK
499659,22251,BIRDHOUSE DECORATION MAGIC GARDEN,2,2010-03-01 15:05:00,1.25,16731,United Kingdom,UK
499659,22281,EASTER TREE YELLOW BIRDS,1,2010-03-01 15:05:00,5.95,16731,United Kingdom,UK
499659,22292,"SPRING DEC , HANGING CHICK  YELLOW",1,2010-03-01 15:05:00,1.45,16731,United Kingdom,UK
499659,22293,"SPRING DEC , HANGING CHICK  GREEN",1,2010-03-01 15:05:00,1.45,16731,United Kingdom,UK
499659,22431,WATERING CAN BLUE ELEPHANT,2,2010-03-01 15:05:00,1.95,16731,United Kingdom,UK
499659,22432,WATERING CAN PINK BUNNY,2,2010-03-01 15:05:00,1.95,16731,United Kingdom,UK
499659,22433,WATERING CAN GREEN DINOSAUR,2,2010-03-01 15:05:00,1.95,16731,United Kingdom,UK
499659,47505,MINATURE COLOURED GARDENING SET,3,2010-03-01 15:05:00,4.95,16731,United Kingdom,UK
499659,47566,PARTY BUNTING,2,2010-03-01 15:05:00,4.65,16731,United Kingdom,UK
499659,72051S,BAG OF SILVER STONES,1,2010-03-01 15:05:00,0.42,16731,United Kingdom,UK
499659,84192,ASSORTED COLOUR METAL CAT,3,2010-03-01 15:05:00,1.25,16731,United Kingdom,UK
499659,84691,PACK 20 DOLLY PEGS,2,2010-03-01 15:05:00,0.85,16731,United Kingdom,UK
499659,85174,S/4 CACTI CANDLES,1,2010-03-01 15:05:00,4.95,16731,United Kingdom,UK
499659,85175,CACTI T-LIGHT CANDLES,16,2010-03-01 15:05:00,0.42,16731,United Kingdom,UK
499659,85199L,LARGE HANGING IVORY & RED WOOD BIRD,1,2010-03-01 15:05:00,0.65,16731,United Kingdom,UK
499659,85199L,LARGE HANGING IVORY & RED WOOD BIRD,4,2010-03-01 15:05:00,0.65,16731,United Kingdom,UK
499659,85203,HANGING WOOD AND FELT BUTTERFLY,4,2010-03-01 15:05:00,0.42,16731,United Kingdom,UK
499659,85206B,PINK FELT EASTER EGG BASKET,2,2010-03-01 15:05:00,1.65,16731,United Kingdom,UK
499659,85212,MINI PAINTED GARDEN DECORATION,12,2010-03-01 15:05:00,0.85,16731,United Kingdom,UK
499660,20914,SET/5 RED SPOTTY LID GLASS BOWLS,32,2010-03-01 15:10:00,2.55,13798,United Kingdom,UK
499660,21035,SET/2 RED SPOTTY TEA TOWELS,24,2010-03-01 15:10:00,2.95,13798,United Kingdom,UK
499660,84380,SET OF 3 BUTTERFLY COOKIE CUTTERS,144,2010-03-01 15:10:00,1.06,13798,United Kingdom,UK
499663,21298,EDWARDIAN 2 DRAWER WALL CABINET,4,2010-03-01 15:21:00,12.75,14755,United Kingdom,UK
499663,21299,EDWARDIAN TOILET ROLL UNIT,6,2010-03-01 15:21:00,3.95,14755,United Kingdom,UK
499663,21300,ANTIQUE EDWARDIAN DRESSER,4,2010-03-01 15:21:00,12.75,14755,United Kingdom,UK
499663,22172,METAL SHELF WITH RAIL,2,2010-03-01 15:21:00,8.5,14755,United Kingdom,UK
499663,47585A,PINK FAIRY CAKE CUSHION COVER,12,2010-03-01 15:21:00,1.25,14755,United Kingdom,UK
499663,84619,BLUE GINGHAM ROSE QUILT,5,2010-03-01 15:21:00,12.75,14755,United Kingdom,UK
499663,84909A,PINK PAISLEY QUILT,4,2010-03-01 15:21:00,12.75,14755,United Kingdom,UK
499664,16161P,WRAP ENGLISH ROSE,25,2010-03-01 15:36:00,0.42,14257,United Kingdom,UK
499664,16161U,"WRAP,SUKI AND FRIENDS",25,2010-03-01 15:36:00,0.42,14257,United Kingdom,UK
499664,20717,STRAWBERRY SHOPPER BAG,10,2010-03-01 15:36:00,1.25,14257,United Kingdom,UK
499664,20718,RED SPOTTY SHOPPER BAG,10,2010-03-01 15:36:00,1.25,14257,United Kingdom,UK
499664,20723,STRAWBERRY CHARLOTTE BAG,10,2010-03-01 15:36:00,0.85,14257,United Kingdom,UK
499664,20724,RED SPOTTY CHARLOTTE BAG,10,2010-03-01 15:36:00,0.85,14257,United Kingdom,UK
499664,20725,LUNCH BAG RED SPOTTY,10,2010-03-01 15:36:00,1.65,14257,United Kingdom,UK
499664,20728,LUNCH BAG CARS BLUE,10,2010-03-01 15:36:00,1.65,14257,United Kingdom,UK
499664,20971,PINK BLUE FELT CRAFT TRINKET BOX,12,2010-03-01 15:36:00,1.25,14257,United Kingdom,UK
499664,21078,SET/20 STRAWBERRY PAPER NAPKINS,12,2010-03-01 15:36:00,0.85,14257,United Kingdom,UK
499664,21080,SET/20 RED SPOTTY PAPER NAPKINS,12,2010-03-01 15:36:00,0.85,14257,United Kingdom,UK
499664,21121,SET/10 RED SPOTTY PARTY CANDLES,24,2010-03-01 15:36:00,1.25,14257,United Kingdom,UK
499664,21122,SET/10 PINK SPOTTY PARTY CANDLES,24,2010-03-01 15:36:00,1.25,14257,United Kingdom,UK
499664,21124,SET/10 BLUE SPOTTY PARTY CANDLES,24,2010-03-01 15:36:00,1.25,14257,United Kingdom,UK
499664,21156,RED SPOTTY CHILDS APRON,8,2010-03-01 15:36:00,1.95,14257,United Kingdom,UK
499664,21210,SET OF 72 RETRO SPOT PAPER  DOILIES,12,2010-03-01 15:36:00,1.45,14257,United Kingdom,UK
499664,21380,WOODEN HAPPY BIRTHDAY GARLAND,12,2010-03-01 15:36:00,2.95,14257,United Kingdom,UK
499664,21381,MINI WOODEN HAPPY BIRTHDAY GARLAND,12,2010-03-01 15:36:00,1.69,14257,United Kingdom,UK
499664,21448,12 DAISY PEGS IN WOOD BOX,12,2010-03-01 15:36:00,1.65,14257,United Kingdom,UK
499664,21497,FANCY FONTS BIRTHDAY WRAP,25,2010-03-01 15:36:00,0.42,14257,United Kingdom,UK
499664,21506,"FANCY FONT BIRTHDAY CARD,",12,2010-03-01 15:36:00,0.42,14257,United Kingdom,UK
499664,21507,"ELEPHANT, BIRTHDAY CARD,",12,2010-03-01 15:36:00,0.42,14257,United Kingdom,UK
499664,21509,COWBOYS AND INDIANS BIRTHDAY CARD,12,2010-03-01 15:36:00,0.42,14257,United Kingdom,UK
499664,21651,HANGING GLASS ETCHED TEALIGHT,12,2010-03-01 15:36:00,1.65,14257,United Kingdom,UK
499664,21655,HANGING RIDGE GLASS T-LIGHT HOLDER,12,2010-03-01 15:36:00,1.69,14257,United Kingdom,UK
499664,21658,GLASS  BEURRE DISH,4,2010-03-01 15:36:00,3.95,14257,United Kingdom,UK
499664,21770,OPEN CLOSED METAL SIGN,2,2010-03-01 15:36:00,4.95,14257,United Kingdom,UK
499664,21864,UNION JACK FLAG PASSPORT COVER,12,2010-03-01 15:36:00,2.1,14257,United Kingdom,UK
499664,22023,EMPIRE BIRTHDAY CARD,12,2010-03-01 15:36:00,0.42,14257,United Kingdom,UK
499664,22027,TEA PARTY BIRTHDAY CARD,12,2010-03-01 15:36:00,0.42,14257,United Kingdom,UK
499664,22030,SWALLOWS GREETING CARD,12,2010-03-01 15:36:00,0.42,14257,United Kingdom,UK
499664,22033,BOTANICAL ROSE GREETING CARD,12,2010-03-01 15:36:00,0.42,14257,United Kingdom,UK
499664,22076,6 RIBBONS EMPIRE,12,2010-03-01 15:36:00,1.65,14257,United Kingdom,UK
499664,22078,RIBBON REEL LACE DESIGN,10,2010-03-01 15:36:00,2.1,14257,United Kingdom,UK
499664,22079,RIBBON REEL HEARTS DESIGN,20,2010-03-01 15:36:00,1.65,14257,United Kingdom,UK
499664,22080,RIBBON REEL SPOTS DESIGN,20,2010-03-01 15:36:00,1.65,14257,United Kingdom,UK
499664,22082,RIBBON REEL STRIPES DESIGN,20,2010-03-01 15:36:00,1.65,14257,United Kingdom,UK
499664,22083,PAPER CHAIN KIT RETRO SPOT,40,2010-03-01 15:36:00,2.55,14257,United Kingdom,UK
499664,22084,PAPER CHAIN KIT EMPIRE,40,2010-03-01 15:36:00,2.55,14257,United Kingdom,UK
499664,22087,PAPER BUNTING WHITE LACE,6,2010-03-01 15:36:00,2.95,14257,United Kingdom,UK
499664,22147,FELTCRAFT BUTTERFLY HEARTS,12,2010-03-01 15:36:00,1.45,14257,United Kingdom,UK
499664,22149,FELTCRAFT 6 FLOWER FRIENDS,6,2010-03-01 15:36:00,2.1,14257,United Kingdom,UK
499664,22150,3 STRIPEY MICE FELTCRAFT,6,2010-03-01 15:36:00,1.95,14257,United Kingdom,UK
499664,22208,WOOD STAMP SET THANK YOU,12,2010-03-01 15:36:00,1.65,14257,United Kingdom,UK
499664,22209,WOOD STAMP SET HAPPY BIRTHDAY,12,2010-03-01 15:36:00,1.65,14257,United Kingdom,UK
499664,22211,WOOD STAMP SET FLOWERS,12,2010-03-01 15:36:00,1.65,14257,United Kingdom,UK
499664,22274,FELTCRAFT DOLL EMILY,6,2010-03-01 15:36:00,2.95,14257,United Kingdom,UK
499664,22333,RETRO SPORT PARTY BAG + STICKER SET,16,2010-03-01 15:36:00,1.65,14257,United Kingdom,UK
499664,22379,RECYCLING BAG RETROSPOT,5,2010-03-01 15:36:00,2.1,14257,United Kingdom,UK
499664,47591D,PINK FAIRY CAKE CHILD'S APRON,8,2010-03-01 15:36:00,1.95,14257,United Kingdom,UK
499664,82578,KITCHEN METAL SIGN,12,2010-03-01 15:36:00,0.55,14257,United Kingdom,UK
499664,82580,BATHROOM METAL SIGN,12,2010-03-01 15:36:00,0.55,14257,United Kingdom,UK
499664,82581,TOILET METAL SIGN,12,2010-03-01 15:36:00,0.55,14257,United Kingdom,UK
499664,84987,SET OF 36 TEATIME PAPER DOILIES,12,2010-03-01 15:36:00,1.45,14257,United Kingdom,UK
499664,85042,ANTIQUE LILY FAIRY LIGHTS,8,2010-03-01 15:36:00,4.95,14257,United Kingdom,UK
499664,85047,WHITE BEADED GARLAND STRING 20LIGHT,6,2010-03-01 15:36:00,6.35,14257,United Kingdom,UK
499664,85049B,LUSH GREENS RIBBONS,12,2010-03-01 15:36:00,1.25,14257,United Kingdom,UK
499664,85049D,BRIGHT BLUES RIBBONS,12,2010-03-01 15:36:00,1.25,14257,United Kingdom,UK
499664,85049E,SCANDINAVIAN REDS RIBBONS,12,2010-03-01 15:36:00,1.25,14257,United Kingdom,UK
499664,85049F,BABY BOOM RIBBONS,12,2010-03-01 15:36:00,1.25,14257,United Kingdom,UK
499664,85049H,URBAN BLACK RIBBONS,12,2010-03-01 15:36:00,1.25,14257,United Kingdom,UK
499665,20711,JUMBO BAG TOYS,10,2010-03-01 15:47:00,1.95,13979,United Kingdom,UK
499665,20713,JUMBO BAG OWLS,10,2010-03-01 15:47:00,1.95,13979,United Kingdom,UK
499665,20716,PARTY FOOD SHOPPER BAG,10,2010-03-01 15:47:00,1.25,13979,United Kingdom,UK
499665,20726,LUNCH BAG WOODLAND,10,2010-03-01 15:47:00,1.65,13979,United Kingdom,UK
499665,21042,RED SPOTTY APRON,3,2010-03-01 15:47:00,5.95,13979,United Kingdom,UK
499665,21078,SET/20 STRAWBERRY PAPER NAPKINS,12,2010-03-01 15:47:00,0.85,13979,United Kingdom,UK
499665,21092,SET/6 STRAWBERRY PAPER PLATES,12,2010-03-01 15:47:00,0.85,13979,United Kingdom,UK
499665,21099,SET/6 STRAWBERRY PAPER CUPS,12,2010-03-01 15:47:00,0.65,13979,United Kingdom,UK
499665,21383,PACK OF 12 STICKY BUNNIES,12,2010-03-01 15:47:00,0.65,13979,United Kingdom,UK
499665,21437,24 HANGING EASTER EGGS FLORAL TUB,4,2010-03-01 15:47:00,3.75,13979,United Kingdom,UK
499665,21929,JUMBO BAG PINK VINTAGE PAISLEY,10,2010-03-01 15:47:00,1.95,13979,United Kingdom,UK
499665,21931,JUMBO STORAGE BAG SUKI,10,2010-03-01 15:47:00,1.95,13979,United Kingdom,UK
499665,21933,PINK VINTAGE PAISLEY PICNIC BAG,5,2010-03-01 15:47:00,2.95,13979,United Kingdom,UK
499665,21937,STRAWBERRY   PICNIC BAG,5,2010-03-01 15:47:00,2.95,13979,United Kingdom,UK
499665,22196,SMALL HEART MEASURING SPOONS,12,2010-03-01 15:47:00,0.85,13979,United Kingdom,UK
499665,22241,GARLAND WOODEN HAPPY EASTER,12,2010-03-01 15:47:00,1.25,13979,United Kingdom,UK
499665,22245,"HOOK, 1 HANGER ,MAGIC GARDEN",12,2010-03-01 15:47:00,0.85,13979,United Kingdom,UK
499665,22256,FELT FARM ANIMAL CHICKEN,12,2010-03-01 15:47:00,1.25,13979,United Kingdom,UK
499665,22258,FELT FARM ANIMAL RABBIT,12,2010-03-01 15:47:00,1.25,13979,United Kingdom,UK
499665,22311,OFFICE MUG WARMER BLACK+SILVER,2,2010-03-01 15:47:00,4.95,13979,United Kingdom,UK
499665,22314,OFFICE MUG WARMER CHOC+BLUE,2,2010-03-01 15:47:00,4.95,13979,United Kingdom,UK
499665,79323W,WHITE CHERRY LIGHTS,4,2010-03-01 15:47:00,6.75,13979,United Kingdom,UK
499665,84755,COLOUR GLASS T-LIGHT HOLDER HANGING,16,2010-03-01 15:47:00,0.65,13979,United Kingdom,UK
499665,85099B,JUMBO BAG RED WHITE SPOTTY,10,2010-03-01 15:47:00,1.95,13979,United Kingdom,UK
499665,85099F,JUMBO BAG STRAWBERRY,10,2010-03-01 15:47:00,1.95,13979,United Kingdom,UK
499665,85186A,EASTER BUNNY GARLAND OF FLOWERS,24,2010-03-01 15:47:00,0.42,13979,United Kingdom,UK
499665,85189,HANGING BUTTERFLY  EGG,24,2010-03-01 15:47:00,0.85,13979,United Kingdom,UK
499665,85194S,HANGING SPRING FLOWER EGG SMALL,24,2010-03-01 15:47:00,0.65,13979,United Kingdom,UK
499665,85196,EASTER BUNNIES ON A STICK,12,2010-03-01 15:47:00,0.55,13979,United Kingdom,UK
499665,85203,HANGING WOOD AND FELT BUTTERFLY,24,2010-03-01 15:47:00,0.42,13979,United Kingdom,UK
499665,85208,SET/12 FUNKY FELT FLOWER PEG IN BAG,12,2010-03-01 15:47:00,2.1,13979,United Kingdom,UK
499665,85214,TUB 24 PINK FLOWER PEGS,12,2010-03-01 15:47:00,1.65,13979,United Kingdom,UK
499674,72755C,FLOWER FAIRY OIL BURNER SET ROSE,16,2010-03-01 16:02:00,1.25,15603,United Kingdom,UK
499674,72755D,FLOWER FAIRY OIL BURNER SET SUMMER,16,2010-03-01 16:02:00,1.25,15603,United Kingdom,UK
499675,15056BL,EDWARDIAN PARASOL BLACK,12,2010-03-01 16:14:00,5.95,17241,United Kingdom,UK
499675,15056N,EDWARDIAN PARASOL NATURAL,12,2010-03-01 16:14:00,5.95,17241,United Kingdom,UK
499675,20675,BLUE SPOTTY BOWL,8,2010-03-01 16:14:00,1.25,17241,United Kingdom,UK
499675,20677,PINK SPOTTY BOWL,8,2010-03-01 16:14:00,1.25,17241,United Kingdom,UK
499675,20679,EDWARDIAN PARASOL RED,12,2010-03-01 16:14:00,5.95,17241,United Kingdom,UK
499675,20725,LUNCH BAG RED SPOTTY,10,2010-03-01 16:14:00,1.65,17241,United Kingdom,UK
499675,21239,PINK  SPOTTY CUP,8,2010-03-01 16:14:00,0.85,17241,United Kingdom,UK
499675,21240,BLUE  SPOTTY CUP,8,2010-03-01 16:14:00,0.85,17241,United Kingdom,UK
499675,21243,PINK  SPOTTY PLATE,8,2010-03-01 16:14:00,1.69,17241,United Kingdom,UK
499675,21244,BLUE  SPOTTY PLATE,8,2010-03-01 16:14:00,1.69,17241,United Kingdom,UK
499675,21534,DAIRY MAID LARGE MILK JUG,12,2010-03-01 16:14:00,4.25,17241,United Kingdom,UK
499675,22384,LUNCH BAG PINK RETROSPOT,10,2010-03-01 16:14:00,1.65,17241,United Kingdom,UK
499675,22386,JUMBO BAG PINK WITH WHITE SPOTS,10,2010-03-01 16:14:00,1.95,17241,United Kingdom,UK
499675,85099B,JUMBO BAG RED WHITE SPOTTY,10,2010-03-01 16:14:00,1.95,17241,United Kingdom,UK
499676,17033,"BROCADE PURSE,SMALL ARCH BUTTON",72,2010-03-01 16:29:00,0.29,17116,United Kingdom,UK
499676,20726,LUNCH BAG WOODLAND,4,2010-03-01 16:29:00,1.65,17116,United Kingdom,UK
499676,20728,LUNCH BAG CARS BLUE,4,2010-03-01 16:29:00,1.65,17116,United Kingdom,UK
499676,20886,BOX OF 9 PEBBLE CANDLES,6,2010-03-01 16:29:00,1.95,17116,United Kingdom,UK
499676,20971,PINK BLUE FELT CRAFT TRINKET BOX,12,2010-03-01 16:29:00,1.25,17116,United Kingdom,UK
499676,20972,PINK CREAM FELT CRAFT TRINKET BOX,12,2010-03-01 16:29:00,1.25,17116,United Kingdom,UK
499676,20977,36 PENCILS TUBE WOODLAND,5,2010-03-01 16:29:00,1.25,17116,United Kingdom,UK
499676,21034,REX CASH+CARRY JUMBO SHOPPER,1,2010-03-01 16:29:00,0.95,17116,United Kingdom,UK
499676,21219,SET/4 BADGES BALLOON GIRL,10,2010-03-01 16:29:00,1.25,17116,United Kingdom,UK
499676,21220,SET/4 BADGES DOGS,10,2010-03-01 16:29:00,1.25,17116,United Kingdom,UK
499676,21221,SET/4 BADGES CUTE CREATURES,10,2010-03-01 16:29:00,1.25,17116,United Kingdom,UK
499676,21222,SET/4 BADGES BEETLES,10,2010-03-01 16:29:00,1.25,17116,United Kingdom,UK
499676,21223,SET/4 BADGES WOODLAND ANIMAL,10,2010-03-01 16:29:00,1.25,17116,United Kingdom,UK
499676,21224,SET/4 SKULL BADGES,10,2010-03-01 16:29:00,1.25,17116,United Kingdom,UK
499676,21383,PACK OF 12 STICKY BUNNIES,6,2010-03-01 16:29:00,0.65,17116,United Kingdom,UK
499676,21454,PAINTED PINK RABBIT,3,2010-03-01 16:29:00,0.85,17116,United Kingdom,UK
499676,21455,PAINTED YELLOW WOODEN DAISY,12,2010-03-01 16:29:00,0.85,17116,United Kingdom,UK
499676,21541,DINOSAURS WATER TRANSFER TATTOOS,6,2010-03-01 16:29:00,0.85,17116,United Kingdom,UK
499676,21548,CERAMIC BIRDHOUSE FINCH BLUE ROOF,1,2010-03-01 16:29:00,2.95,17116,United Kingdom,UK
499676,21774,DECORATIVE CATS BATHROOM BOTTLE,1,2010-03-01 16:29:00,1.25,17116,United Kingdom,UK
499676,21790,VINTAGE SNAP CARDS,12,2010-03-01 16:29:00,0.85,17116,United Kingdom,UK
499676,21791,VINTAGE HEADS AND TAILS CARD GAME,5,2010-03-01 16:29:00,1.25,17116,United Kingdom,UK
499676,21826,EIGHT PIECE DINOSAUR SET,12,2010-03-01 16:29:00,1.25,17116,United Kingdom,UK
499676,21868,POTTING SHED TEA MUG,6,2010-03-01 16:29:00,1.25,17116,United Kingdom,UK
499676,21869,POTTING SHED COFFEE MUG,6,2010-03-01 16:29:00,1.25,17116,United Kingdom,UK
499676,21912,VINTAGE SNAKES & LADDERS,4,2010-03-01 16:29:00,3.75,17116,United Kingdom,UK
499676,21975,PACK OF 60 DINOSAUR CAKE CASES,12,2010-03-01 16:29:00,0.55,17116,United Kingdom,UK
499676,22021,BLUE FELT EASTER EGG BASKET,2,2010-03-01 16:29:00,1.65,17116,United Kingdom,UK
499676,22178,VICTORIAN GLASS HANGING T-LIGHT,12,2010-03-01 16:29:00,1.25,17116,United Kingdom,UK
499676,22256,FELT FARM ANIMAL CHICKEN,3,2010-03-01 16:29:00,1.25,17116,United Kingdom,UK
499676,22260,FELT EGG COSY BLUE RABBIT,2,2010-03-01 16:29:00,0.85,17116,United Kingdom,UK
499676,22262,FELT EGG COSY CHICKEN,2,2010-03-01 16:29:00,0.85,17116,United Kingdom,UK
499676,22264,FELT FARM ANIMAL WHITE BUNNY,6,2010-03-01 16:29:00,0.85,17116,United Kingdom,UK
499676,22290,STANDING METAL RABBIT WITH EGG,1,2010-03-01 16:29:00,2.1,17116,United Kingdom,UK
499676,22310,KNITTED MUG COSY IVORY COLOUR,14,2010-03-01 16:29:00,1.65,17116,United Kingdom,UK
499676,22382,LUNCH BAG SPACEBOY DESIGN,4,2010-03-01 16:29:00,1.65,17116,United Kingdom,UK
499676,47566,PARTY BUNTING,3,2010-03-01 16:29:00,4.65,17116,United Kingdom,UK
499676,72008,FROSTED BOX 9 WHITE T-LIGHT CANDLES,12,2010-03-01 16:29:00,0.42,17116,United Kingdom,UK
499676,84219,BOX/12 MOTHER & CHICK IN BASKET/BOW,1,2010-03-01 16:29:00,2.55,17116,United Kingdom,UK
499676,84327A,PINK JUMPER LARRY THE LAMB,1,2010-03-01 16:29:00,2.1,17116,United Kingdom,UK
499676,84461,12 PINK HEN+CHICKS IN BASKET,1,2010-03-01 16:29:00,2.55,17116,United Kingdom,UK
499676,84670,JAPANESE CROCHETED ANIMAL,48,2010-03-01 16:29:00,0.42,17116,United Kingdom,UK
499676,85174,S/4 CACTI CANDLES,1,2010-03-01 16:29:00,4.95,17116,United Kingdom,UK
499676,85200,BUNNY EGG BOX,12,2010-03-01 16:29:00,1.25,17116,United Kingdom,UK
499676,85205A,IVORY FELT EASTER RABBIT GARLAND,1,2010-03-01 16:29:00,2.55,17116,United Kingdom,UK
499676,85206A,CREAM FELT EASTER EGG BASKET,2,2010-03-01 16:29:00,1.65,17116,United Kingdom,UK
499676,85206B,PINK FELT EASTER EGG BASKET,2,2010-03-01 16:29:00,1.65,17116,United Kingdom,UK
499677,15034,PAPER POCKET TRAVELING FAN,96,2010-03-01 16:31:00,0.14,13911,United Kingdom,UK
499677,15036,ASSORTED COLOURS SILK FAN,96,2010-03-01 16:31:00,0.75,13911,United Kingdom,UK
499677,17021,NAMASTE SWAGAT INCENSE,36,2010-03-01 16:31:00,0.3,13911,United Kingdom,UK
499677,17091A,LAVENDER INCENSE IN TIN,12,2010-03-01 16:31:00,1.25,13911,United Kingdom,UK
499677,17091B,JASMINE TEA INCENSE IN TIN,12,2010-03-01 16:31:00,1.25,13911,United Kingdom,UK
499677,17091J,VANILLA INCENSE IN TIN,12,2010-03-01 16:31:00,1.25,13911,United Kingdom,UK
499678,20850,ZINC HEART LATTICE PLANTER BOWL,6,2010-03-01 16:35:00,2.95,17222,United Kingdom,UK
499678,20851,ZINC HEART LATTICE TRAY OVAL,1,2010-03-01 16:35:00,5.95,17222,United Kingdom,UK
499678,22078,RIBBON REEL LACE DESIGN,10,2010-03-01 16:35:00,2.1,17222,United Kingdom,UK
499678,84750A,PINK SMALL GLASS CAKE STAND,4,2010-03-01 16:35:00,1.95,17222,United Kingdom,UK
499678,84763,ZINC FINISH 15CM PLANTER POTS,15,2010-03-01 16:35:00,1.25,17222,United Kingdom,UK
499678,85007,SET OF 3 VINTAGE TEA TIME BOXES,9,2010-03-01 16:35:00,4.65,17222,United Kingdom,UK
499678,85113,POLKA DOT PISTACHIO PAIL,11,2010-03-01 16:35:00,2.1,17222,United Kingdom,UK
499679,20712,JUMBO BAG WOODLAND ANIMALS,10,2010-03-02 09:11:00,1.95,13995,United Kingdom,UK
499679,20717,STRAWBERRY SHOPPER BAG,10,2010-03-02 09:11:00,1.25,13995,United Kingdom,UK
499679,20725,LUNCH BAG RED SPOTTY,10,2010-03-02 09:11:00,1.65,13995,United Kingdom,UK
499679,20726,LUNCH BAG WOODLAND,10,2010-03-02 09:11:00,1.65,13995,United Kingdom,UK
499679,20914,SET/5 RED SPOTTY LID GLASS BOWLS,12,2010-03-02 09:11:00,2.95,13995,United Kingdom,UK
499679,21223,SET/4 BADGES WOODLAND ANIMAL,10,2010-03-02 09:11:00,1.25,13995,United Kingdom,UK
499679,21626,VINTAGE UNION JACK PENNANT,12,2010-03-02 09:11:00,1.95,13995,United Kingdom,UK
499679,21935,SUKI  SHOULDER BAG,10,2010-03-02 09:11:00,1.65,13995,United Kingdom,UK
499679,22084,PAPER CHAIN KIT EMPIRE,6,2010-03-02 09:11:00,2.95,13995,United Kingdom,UK
499679,22326,ROUND SNACK BOXES SET OF4 WOODLAND,6,2010-03-02 09:11:00,2.95,13995,United Kingdom,UK
499679,22329,ROUND CONTAINER SET OF 5 RETROSPOT,12,2010-03-02 09:11:00,1.65,13995,United Kingdom,UK
499679,71459,HANGING JAM JAR T-LIGHT HOLDER,12,2010-03-02 09:11:00,0.85,13995,United Kingdom,UK
499679,84792,ENCHANTED BIRD COATHANGER 5 HOOK,4,2010-03-02 09:11:00,4.65,13995,United Kingdom,UK
499679,84971S,SMALL HEART FLOWERS HOOK,24,2010-03-02 09:11:00,0.85,13995,United Kingdom,UK
499680,21759,METAL WALL SHELF UNIT WITH HOOKS,1,2010-03-02 09:20:00,49.95,17330,United Kingdom,UK
499681,20682,RED SPOTTY CHILDS UMBRELLA,12,2010-03-02 09:23:00,3.25,12731,France,Europe
499681,20685,DOOR MAT RED SPOT,10,2010-03-02 09:23:00,6.35,12731,France,Europe
499681,21507,"ELEPHANT, BIRTHDAY CARD,",24,2010-03-02 09:23:00,0.42,12731,France,Europe
499681,21509,COWBOYS AND INDIANS BIRTHDAY CARD,24,2010-03-02 09:23:00,0.42,12731,France,Europe
499681,21524,DOOR MAT SPOTTY HOME SWEET HOME,10,2010-03-02 09:23:00,6.35,12731,France,Europe
499681,21559,STRAWBERRY LUNCHBOX WITH CUTLERY,6,2010-03-02 09:23:00,2.55,12731,France,Europe
499681,21561,DINOSAUR LUNCHBOX WITH CUTLERY,6,2010-03-02 09:23:00,2.55,12731,France,Europe
499681,21563,RED HEART SHAPE LOVE BUCKET,6,2010-03-02 09:23:00,2.95,12731,France,Europe
499681,21564,PINK  HEART SHAPE LOVE BUCKET,6,2010-03-02 09:23:00,2.95,12731,France,Europe
499681,21627,ELEPHANT CARNIVAL POUFFE,2,2010-03-02 09:23:00,14.95,12731,France,Europe
499681,21628,TRIANGULAR POUFFE VINTAGE,2,2010-03-02 09:23:00,14.95,12731,France,Europe
499681,21704,BAG 250g SWIRLY MARBLES,24,2010-03-02 09:23:00,0.85,12731,France,Europe
499681,21731,RED TOADSTOOL LED NIGHT LIGHT,24,2010-03-02 09:23:00,1.65,12731,France,Europe
499681,21786,RAIN HAT WITH RED SPOTS,48,2010-03-02 09:23:00,0.42,12731,France,Europe
499681,22094,RED POLKA DOT TISSUE BOX,12,2010-03-02 09:23:00,1.25,12731,France,Europe
499681,22134,LADLE LOVE HEART RED,12,2010-03-02 09:23:00,0.42,12731,France,Europe
499681,22135,LADLE LOVE HEART PINK,12,2010-03-02 09:23:00,0.42,12731,France,Europe
499681,22195,LARGE HEART MEASURING SPOONS,12,2010-03-02 09:23:00,1.65,12731,France,Europe
499681,22352,LUNCHBOX WITH CUTLERY RETROSPOT,12,2010-03-02 09:23:00,2.55,12731,France,Europe
499681,48138,DOOR MAT UNION FLAG,10,2010-03-02 09:23:00,6.35,12731,France,Europe
499681,48184,DOOR MAT ENGLISH ROSE,20,2010-03-02 09:23:00,6.35,12731,France,Europe
499681,48187,DOOR MAT NEW ENGLAND,10,2010-03-02 09:23:00,6.35,12731,France,Europe
499681,48197,DOOR MAT BIRD ON THE WIRE,10,2010-03-02 09:23:00,6.35,12731,France,Europe
499681,84520B,PACK 20 ENGLISH ROSE PAPER NAPKINS,24,2010-03-02 09:23:00,0.85,12731,France,Europe
499681,84879,ASSORTED COLOUR BIRD ORNAMENT,160,2010-03-02 09:23:00,1.45,12731,France,Europe
499681,84968A,S/16 VINTAGE ROSE CUTLERY,4,2010-03-02 09:23:00,12.75,12731,France,Europe
499681,84968B,S/16 VINTAGE IVORY CUTLERY,4,2010-03-02 09:23:00,12.75,12731,France,Europe
499681,84968C,S/16 VINTAGE PISTACHIO CUTLERY,4,2010-03-02 09:23:00,12.75,12731,France,Europe
499681,84968D,S/16 VINTAGE RED CUTLERY,6,2010-03-02 09:23:00,12.75,12731,France,Europe
499681,84968F,S/16 VINTAGE SKY BLUE CUTLERY,4,2010-03-02 09:23:00,12.75,12731,France,Europe
499681,85014B,RED/WHITE DOTS RUFFLED UMBRELLA,48,2010-03-02 09:23:00,4.95,12731,France,Europe
499681,85170C,SET/6 EAU DE NIL BIRD T-LIGHTS,24,2010-03-02 09:23:00,2.1,12731,France,Europe
499681,85177,BASKET OF FLOWERS SEWING KIT,24,2010-03-02 09:23:00,0.85,12731,France,Europe
499682,21731,RED TOADSTOOL LED NIGHT LIGHT,12,2010-03-02 09:25:00,1.65,12623,Germany,Europe
499682,21929,JUMBO BAG PINK VINTAGE PAISLEY,10,2010-03-02 09:25:00,1.95,12623,Germany,Europe
499682,22326,ROUND SNACK BOXES SET OF4 WOODLAND,6,2010-03-02 09:25:00,2.95,12623,Germany,Europe
499682,22328,ROUND SNACK BOXES SET OF 4 FRUITS,6,2010-03-02 09:25:00,2.95,12623,Germany,Europe
499682,22356,"CHARLOTTE BAG , PINK/WHITE SPOTS",10,2010-03-02 09:25:00,0.85,12623,Germany,Europe
499682,22367,CHILDS APRON SPACEBOY DESIGN,8,2010-03-02 09:25:00,1.95,12623,Germany,Europe
499682,22371,AIRLINE BAG VINTAGE TOKYO 78,4,2010-03-02 09:25:00,6.35,12623,Germany,Europe
499682,22374,AIRLINE BAG VINTAGE JET SET RED,4,2010-03-02 09:25:00,6.35,12623,Germany,Europe
499682,22375,AIRLINE BAG VINTAGE JET SET BROWN,4,2010-03-02 09:25:00,6.35,12623,Germany,Europe
499682,22376,AIRLINE BAG VINTAGE JET SET WHITE,4,2010-03-02 09:25:00,6.35,12623,Germany,Europe
499682,22379,RECYCLING BAG RETROSPOT,10,2010-03-02 09:25:00,2.1,12623,Germany,Europe
499682,22381,TOY TIDY PINK RETROSPOT,10,2010-03-02 09:25:00,2.1,12623,Germany,Europe
499682,22384,LUNCH BAG PINK RETROSPOT,10,2010-03-02 09:25:00,1.65,12623,Germany,Europe
499682,22386,JUMBO BAG PINK WITH WHITE SPOTS,10,2010-03-02 09:25:00,1.95,12623,Germany,Europe
499682,85232B,SET/3 RUSSIAN DOLL STACKING TINS,6,2010-03-02 09:25:00,4.95,12623,Germany,Europe
499682,POST,POSTAGE,2,2010-03-02 09:25:00,18.0,12623,Germany,Europe
499683,20711,JUMBO BAG TOYS,10,2010-03-02 09:42:00,1.95,16705,United Kingdom,UK
499683,21077,SET/20 WOODLAND PAPER NAPKINS,24,2010-03-02 09:42:00,0.85,16705,United Kingdom,UK
499683,21078,SET/20 STRAWBERRY PAPER NAPKINS,48,2010-03-02 09:42:00,0.85,16705,United Kingdom,UK
499683,21080,SET/20 RED SPOTTY PAPER NAPKINS,24,2010-03-02 09:42:00,0.85,16705,United Kingdom,UK
499683,21162,TOXIC AREA  DOOR HANGER,12,2010-03-02 09:42:00,1.45,16705,United Kingdom,UK
499683,21163,DO NOT TOUCH MY STUFF DOOR HANGER,12,2010-03-02 09:42:00,1.45,16705,United Kingdom,UK
499683,21314,SMALL GLASS HEART TRINKET POT,8,2010-03-02 09:42:00,2.1,16705,United Kingdom,UK
499683,21538,DAIRY MAID  PUDDING BOWL,4,2010-03-02 09:42:00,3.75,16705,United Kingdom,UK
499683,21589,SWALLOW GIANT TUBE MATCHES,48,2010-03-02 09:42:00,2.1,16705,United Kingdom,UK
499683,21611,SET OF 12 LILY BOTANICAL T-LIGHTS,12,2010-03-02 09:42:00,2.95,16705,United Kingdom,UK
499683,21612,SET 12 WILDFLOWER BOTANICAL T-LIGHT,12,2010-03-02 09:42:00,2.95,16705,United Kingdom,UK
499683,21614,SET OF 12 ROSE BOTANICAL T-LIGHTS,12,2010-03-02 09:42:00,2.95,16705,United Kingdom,UK
499683,21658,GLASS  BEURRE DISH,12,2010-03-02 09:42:00,3.95,16705,United Kingdom,UK
499683,21661,VINTAGE GLASS TEA CADDY,12,2010-03-02 09:42:00,5.45,16705,United Kingdom,UK
499683,21667,GLASS CAKE COVER AND PLATE,6,2010-03-02 09:42:00,14.95,16705,United Kingdom,UK
499683,21687,SILVER PLATE CANDLE BOWL LARGE,36,2010-03-02 09:42:00,3.39,16705,United Kingdom,UK
499683,21731,RED TOADSTOOL LED NIGHT LIGHT,12,2010-03-02 09:42:00,1.65,16705,United Kingdom,UK
499683,21737,SET 3 WICKER LOG BASKETS,8,2010-03-02 09:42:00,16.95,16705,United Kingdom,UK
499683,21759,METAL WALL SHELF UNIT WITH HOOKS,1,2010-03-02 09:42:00,49.95,16705,United Kingdom,UK
499683,21765,HANGING METAL BIRD BATH,12,2010-03-02 09:42:00,7.35,16705,United Kingdom,UK
499683,21955,DOOR MAT UNION JACK GUNS AND ROSES,10,2010-03-02 09:42:00,6.35,16705,United Kingdom,UK
499683,21980,PACK OF 12 RED SPOTTY TISSUES,48,2010-03-02 09:42:00,0.29,16705,United Kingdom,UK
499683,21983,PACK OF 12 BLUE PAISLEY TISSUES,48,2010-03-02 09:42:00,0.29,16705,United Kingdom,UK
499683,22115,METAL SIGN EMPIRE TEA,6,2010-03-02 09:42:00,2.95,16705,United Kingdom,UK
499683,22191,EAU DE NIL DINER WALL CLOCK,2,2010-03-02 09:42:00,8.5,16705,United Kingdom,UK
499683,22192,BLUE DINER WALL CLOCK,2,2010-03-02 09:42:00,8.5,16705,United Kingdom,UK
499683,22193,RED DINER WALL CLOCK,2,2010-03-02 09:42:00,8.5,16705,United Kingdom,UK
499683,22214,CANDLE PLATE LACE WHITE,6,2010-03-02 09:42:00,2.55,16705,United Kingdom,UK
499683,22431,WATERING CAN BLUE ELEPHANT,6,2010-03-02 09:42:00,1.95,16705,United Kingdom,UK
499683,22495,SET OF 2 ROUND TINS CAMEMBERT,6,2010-03-02 09:42:00,2.95,16705,United Kingdom,UK
499683,22496,SET OF 2 ROUND TINS DUTCH CHEESE,6,2010-03-02 09:42:00,2.95,16705,United Kingdom,UK
499683,48116,DOOR MAT MULTICOLOUR STRIPE,10,2010-03-02 09:42:00,6.35,16705,United Kingdom,UK
499683,79000,MOROCCAN TEA GLASS,144,2010-03-02 09:42:00,0.65,16705,United Kingdom,UK
499683,84375,SET OF 20 KIDS COOKIE CUTTERS,12,2010-03-02 09:42:00,1.95,16705,United Kingdom,UK
499683,84674,FLYING PIG WATERING CAN,6,2010-03-02 09:42:00,2.95,16705,United Kingdom,UK
499683,85067,CREAM SWEETHEART WALL CABINET,3,2010-03-02 09:42:00,16.95,16705,United Kingdom,UK
499684,22188,BLACK HEART CARD HOLDER,36,2010-03-02 09:44:00,3.39,16705,United Kingdom,UK
499685,21077,SET/20 WOODLAND PAPER NAPKINS,96,2010-03-02 10:04:00,0.64,14646,Netherlands,Europe
499685,21085,SET/6 WOODLAND PAPER CUPS,216,2010-03-02 10:04:00,0.53,14646,Netherlands,Europe
499685,21091,SET/6 WOODLAND PAPER PLATES,96,2010-03-02 10:04:00,0.64,14646,Netherlands,Europe
499685,21124,SET/10 BLUE SPOTTY PARTY CANDLES,288,2010-03-02 10:04:00,1.06,14646,Netherlands,Europe
499685,21154,RED SPOTTY OVEN GLOVE,50,2010-03-02 10:04:00,1.25,14646,Netherlands,Europe
499685,21432,SET OF 3 CASES WOODLAND DESIGN,12,2010-03-02 10:04:00,5.45,14646,Netherlands,Europe
499685,21507,"ELEPHANT, BIRTHDAY CARD,",72,2010-03-02 10:04:00,0.36,14646,Netherlands,Europe
499685,21509,COWBOYS AND INDIANS BIRTHDAY CARD,72,2010-03-02 10:04:00,0.36,14646,Netherlands,Europe
499685,21578,WOODLAND DESIGN  COTTON TOTE BAG,24,2010-03-02 10:04:00,2.25,14646,Netherlands,Europe
499685,21670,BLUE SPOT CERAMIC DRAWER KNOB,96,2010-03-02 10:04:00,1.06,14646,Netherlands,Europe
499685,21680,WOODLAND  STICKERS,48,2010-03-02 10:04:00,0.85,14646,Netherlands,Europe
499685,21937,STRAWBERRY   PICNIC BAG,50,2010-03-02 10:04:00,2.55,14646,Netherlands,Europe
499685,21973,SET OF 36 MUSHROOM PAPER DOILIES,144,2010-03-02 10:04:00,1.25,14646,Netherlands,Europe
499685,21976,PACK OF 60 MUSHROOM CAKE CASES,120,2010-03-02 10:04:00,0.42,14646,Netherlands,Europe
499685,21988,PACK OF 6 SKULL PAPER PLATES,96,2010-03-02 10:04:00,0.64,14646,Netherlands,Europe
499685,22025,RING OF ROSES BIRTHDAY CARD,72,2010-03-02 10:04:00,0.36,14646,Netherlands,Europe
499685,22029,SPACEBOY BIRTHDAY CARD,144,2010-03-02 10:04:00,0.36,14646,Netherlands,Europe
499685,22150,3 STRIPEY MICE FELTCRAFT,6,2010-03-02 10:04:00,1.95,14646,Netherlands,Europe
499685,40018F,CHERRY DESIGN PAPERLANTERNS,80,2010-03-02 10:04:00,1.69,14646,Netherlands,Europe
499686,20828,GLITTER BUTTERFLY CLIPS,6,2010-03-02 10:08:00,2.55,13202,United Kingdom,UK
499686,21386,IVORY HANGING DECORATION  EGG,12,2010-03-02 10:08:00,0.85,13202,United Kingdom,UK
499686,21389,IVORY HANGING DECORATION  BIRD,12,2010-03-02 10:08:00,0.85,13202,United Kingdom,UK
499686,21754,HOME BUILDING BLOCK WORD,6,2010-03-02 10:08:00,5.95,13202,United Kingdom,UK
499686,22224,WHITE LOVEBIRD LANTERN,6,2010-03-02 10:08:00,2.95,13202,United Kingdom,UK
499686,22249,DECORATION WHITE CHICK MAGIC GARDEN,16,2010-03-02 10:08:00,0.85,13202,United Kingdom,UK
499686,22265,EASTER DECORATION NATURAL CHICK,24,2010-03-02 10:08:00,0.65,13202,United Kingdom,UK
499686,22268,EASTER DECORATION SITTING BUNNY,12,2010-03-02 10:08:00,0.85,13202,United Kingdom,UK
499686,71053,WHITE METAL LANTERN,4,2010-03-02 10:08:00,3.75,13202,United Kingdom,UK
499686,85189,HANGING BUTTERFLY  EGG,24,2010-03-02 10:08:00,0.85,13202,United Kingdom,UK
499686,85194L,HANGING SPRING FLOWER EGG LARGE,12,2010-03-02 10:08:00,0.85,13202,United Kingdom,UK
499687,20971,PINK BLUE FELT CRAFT TRINKET BOX,12,2010-03-02 10:16:00,1.25,13468,United Kingdom,UK
499687,21832,CHOCOLATE CALCULATOR,12,2010-03-02 10:16:00,1.65,13468,United Kingdom,UK
499687,22055,MINI CAKE STAND  HANGING STRAWBERY,8,2010-03-02 10:16:00,1.65,13468,United Kingdom,UK
499687,22236,CAKE STAND 3 TIER MAGIC GARDEN,2,2010-03-02 10:16:00,12.75,13468,United Kingdom,UK
499687,37501,TEA TIME TEA SET IN GIFT BOX,3,2010-03-02 10:16:00,6.95,13468,United Kingdom,UK
499687,79323W,WHITE CHERRY LIGHTS,4,2010-03-02 10:16:00,6.75,13468,United Kingdom,UK
499689,22078,RIBBON REEL LACE DESIGN,4,2010-03-02 10:37:00,2.1,17905,United Kingdom,UK
499689,22148,EASTER CRAFT 4 CHICKS,1,2010-03-02 10:37:00,1.95,17905,United Kingdom,UK
499689,22149,FELTCRAFT 6 FLOWER FRIENDS,1,2010-03-02 10:37:00,2.1,17905,United Kingdom,UK
499689,51014A,"FEATHER PEN,HOT PINK",36,2010-03-02 10:37:00,0.85,17905,United Kingdom,UK
499689,79331,PINK FLOCK GLASS CANDLEHOLDER,6,2010-03-02 10:37:00,1.65,17905,United Kingdom,UK
499689,79338,DARK PINK FLOCK GLASS CANDLEHOLDER,6,2010-03-02 10:37:00,1.65,17905,United Kingdom,UK
499689,84707A,SILVER JEWELLED MIRROR TRINKET TRAY,2,2010-03-02 10:37:00,9.95,17905,United Kingdom,UK
499689,84711A,SILVER OVAL SHAPE TRINKET BOX,4,2010-03-02 10:37:00,9.95,17905,United Kingdom,UK
499689,84937,KASHMIR FOLKART TUMBLERS,3,2010-03-02 10:37:00,2.1,17905,United Kingdom,UK
499689,85099C,JUMBO  BAG BAROQUE BLACK WHITE,3,2010-03-02 10:37:00,1.95,17905,United Kingdom,UK
499691,20799,PINK MILKSHAKE GLASS,6,2010-03-02 10:46:00,2.1,16296,United Kingdom,UK
499691,21080,SET/20 RED SPOTTY PAPER NAPKINS,12,2010-03-02 10:46:00,0.85,16296,United Kingdom,UK
499691,21232,STRAWBERRY CERAMIC TRINKET BOX,12,2010-03-02 10:46:00,1.25,16296,United Kingdom,UK
499691,21314,SMALL GLASS HEART TRINKET POT,8,2010-03-02 10:46:00,2.1,16296,United Kingdom,UK
499691,21390,FILIGRIS HEART WITH BUTTERFLY,24,2010-03-02 10:46:00,1.25,16296,United Kingdom,UK
499691,21391,FRENCH EMROIDR LAVENDER SCENT HEART,6,2010-03-02 10:46:00,2.1,16296,United Kingdom,UK
499691,21410,COUNTRY COTTAGE  DOORSTOP GREEN,3,2010-03-02 10:46:00,4.25,16296,United Kingdom,UK
499691,21533,RETRO SPOT LARGE MILK JUG,3,2010-03-02 10:46:00,4.95,16296,United Kingdom,UK
499691,21754,HOME BUILDING BLOCK WORD,3,2010-03-02 10:46:00,5.95,16296,United Kingdom,UK
499691,22055,MINI CAKE STAND  HANGING STRAWBERY,8,2010-03-02 10:46:00,1.65,16296,United Kingdom,UK
499691,22059,CERAMIC STRWBERRY DESIGN MUG,12,2010-03-02 10:46:00,1.49,16296,United Kingdom,UK
499691,22061,LARGE CAKE STAND  HANGING STRAWBERY,4,2010-03-02 10:46:00,9.95,16296,United Kingdom,UK
499691,22073,RETRO SPOT STORAGE JAR,4,2010-03-02 10:46:00,3.75,16296,United Kingdom,UK
499691,22151,PLACE SETTING WHITE HEART,24,2010-03-02 10:46:00,0.42,16296,United Kingdom,UK
499691,22162,HEART GARLAND RUSTIC PADDED,8,2010-03-02 10:46:00,2.95,16296,United Kingdom,UK
499691,22188,BLACK HEART CARD HOLDER,4,2010-03-02 10:46:00,3.95,16296,United Kingdom,UK
499691,85123A,WHITE HANGING HEART T-LIGHT HOLDER,12,2010-03-02 10:46:00,2.95,16296,United Kingdom,UK
499692,20665,RED SPOTTY PURSE,6,2010-03-02 10:49:00,2.95,16946,United Kingdom,UK
499692,20749,ASSORTED COLOUR MINI CASES,2,2010-03-02 10:49:00,7.95,16946,United Kingdom,UK
499692,20750,RED/WHITE DOT MINI CASES,2,2010-03-02 10:49:00,7.95,16946,United Kingdom,UK
499692,20901,VINTAGE KEEPSAKE BOX PINK FLOWER,2,2010-03-02 10:49:00,6.35,16946,United Kingdom,UK
499692,20902,VINTAGE KEEPSAKE BOX PARIS DAYS,2,2010-03-02 10:49:00,6.35,16946,United Kingdom,UK
499692,20971,PINK BLUE FELT CRAFT TRINKET BOX,12,2010-03-02 10:49:00,1.25,16946,United Kingdom,UK
499692,21156,RED SPOTTY CHILDS APRON,8,2010-03-02 10:49:00,1.95,16946,United Kingdom,UK
499692,21157,RED SPOTTY WASHBAG,6,2010-03-02 10:49:00,2.1,16946,United Kingdom,UK
499692,21429,RED GINGHAM ROSE JEWELLERY BOX,8,2010-03-02 10:49:00,1.65,16946,United Kingdom,UK
499692,21431,GREEN GINGHAM FLOWER JEWELLERY BOX,8,2010-03-02 10:49:00,1.65,16946,United Kingdom,UK
499692,21448,12 DAISY PEGS IN WOOD BOX,12,2010-03-02 10:49:00,1.65,16946,United Kingdom,UK
499692,21749,LARGE RED SPOT WINDMILL,6,2010-03-02 10:49:00,2.1,16946,United Kingdom,UK
499692,22031,BOTANICAL LAVENDER BIRTHDAY CARD,12,2010-03-02 10:49:00,0.42,16946,United Kingdom,UK
499692,22070,SMALL RETRO SPOT MUG IN BOX  RED,6,2010-03-02 10:49:00,3.75,16946,United Kingdom,UK
499692,22138,BAKING SET 9 PIECE RETROSPOT,3,2010-03-02 10:49:00,4.95,16946,United Kingdom,UK
499692,46000S,POLYESTER FILLER PAD 40x40cm,8,2010-03-02 10:49:00,1.45,16946,United Kingdom,UK
499692,46000U,POLYESTER FILLER PAD 30CMx30CM,8,2010-03-02 10:49:00,1.25,16946,United Kingdom,UK
499692,47505,MINATURE COLOURED GARDENING SET,3,2010-03-02 10:49:00,4.95,16946,United Kingdom,UK
499692,47585A,PINK FAIRY CAKE CUSHION COVER,4,2010-03-02 10:49:00,3.75,16946,United Kingdom,UK
499692,47586A,PINK FAIRY CAKE CUSHION COVER,6,2010-03-02 10:49:00,2.55,16946,United Kingdom,UK
499692,72750C,"F.FAIRY S/3 CANDLE/GLASS, ROSE",2,2010-03-02 10:49:00,5.95,16946,United Kingdom,UK
499692,84078A,SET/4 WHITE RETRO STORAGE CUBES,1,2010-03-02 10:49:00,39.95,16946,United Kingdom,UK
499692,84482,BUTTONS DESIGN JEWELLERY BOX,4,2010-03-02 10:49:00,3.75,16946,United Kingdom,UK
499692,84507B,STRIPES DESIGN MONKEY DOLL,6,2010-03-02 10:49:00,2.55,16946,United Kingdom,UK
499692,84508B,STRIPES DESIGN TEDDY,6,2010-03-02 10:49:00,2.55,16946,United Kingdom,UK
499692,84508C,BLUE CIRCLES DESIGN TEDDY,6,2010-03-02 10:49:00,2.55,16946,United Kingdom,UK
499692,84533B,FAIRY CAKES ROUND NESTING BOXES,2,2010-03-02 10:49:00,5.95,16946,United Kingdom,UK
499692,84805A,CREAM CLIMBING HYDRANGA ART FLOWER,12,2010-03-02 10:49:00,3.75,16946,United Kingdom,UK
499692,84809A,WHITE CHRYSANTHEMUMS ART FLOWER,18,2010-03-02 10:49:00,2.1,16946,United Kingdom,UK
499692,84809B,PINK CHRYSANTHEMUMS ART FLOWER,18,2010-03-02 10:49:00,2.1,16946,United Kingdom,UK
499692,84902,PINK KNITTED COW STUFFED TOY,4,2010-03-02 10:49:00,3.75,16946,United Kingdom,UK
499692,84905,PINK BUTTERFLY CUSHION COVER,4,2010-03-02 10:49:00,4.95,16946,United Kingdom,UK
499692,85006,SET 4 NURSERY DES ROUND BOXES,6,2010-03-02 10:49:00,2.95,16946,United Kingdom,UK
499692,85007,SET OF 3 VINTAGE TEA TIME BOXES,3,2010-03-02 10:49:00,4.65,16946,United Kingdom,UK
499692,85087,CANDY SPOT CUSHION COVER,6,2010-03-02 10:49:00,2.95,16946,United Kingdom,UK
499692,85184D,S/4 BLUE ROUND DECOUPAGE BOXES,12,2010-03-02 10:49:00,2.95,16946,United Kingdom,UK
499692,90016B,GOLD/M.O.P PENDANT ORBIT NECKLACE,1,2010-03-02 10:49:00,8.5,16946,United Kingdom,UK
499752,21298,EDWARDIAN 2 DRAWER WALL CABINET,8,2010-03-02 11:53:00,12.75,17477,United Kingdom,UK
499752,21299,EDWARDIAN TOILET ROLL UNIT,6,2010-03-02 11:53:00,3.95,17477,United Kingdom,UK
499752,21300,ANTIQUE EDWARDIAN DRESSER,4,2010-03-02 11:53:00,12.75,17477,United Kingdom,UK
499752,21303,FILIGREE WALL MIRROR  ANTIQUE WHITE,8,2010-03-02 11:53:00,5.95,17477,United Kingdom,UK
499752,22212,FOUR HOOK  WHITE LOVEBIRDS,6,2010-03-02 11:53:00,2.1,17477,United Kingdom,UK
499752,47566,PARTY BUNTING,5,2010-03-02 11:53:00,4.65,17477,United Kingdom,UK
499752,82486,WOOD S/3 CABINET ANT WHITE FINISH,2,2010-03-02 11:53:00,7.95,17477,United Kingdom,UK
499752,84467,ENGLISH ROSE DESIGN QUILTED THROW,6,2010-03-02 11:53:00,12.75,17477,United Kingdom,UK
499752,84469,ROSE DES PADDED FLOOR CUSHION,13,2010-03-02 11:53:00,2.95,17477,United Kingdom,UK
499752,84615,PINK ROUND BUTTERFLY MIRROR,8,2010-03-02 11:53:00,1.95,17477,United Kingdom,UK
499752,84616,SILVER ROCCOCO CHANDELIER,4,2010-03-02 11:53:00,12.75,17477,United Kingdom,UK
499752,84619,BLUE GINGHAM ROSE QUILT,5,2010-03-02 11:53:00,12.75,17477,United Kingdom,UK
499752,84623,PINK GINGHAM ROSE FLOOR CUSHION,8,2010-03-02 11:53:00,2.95,17477,United Kingdom,UK
499752,84665,SQUARE CHERRY BLOSSOM CABINET,4,2010-03-02 11:53:00,5.95,17477,United Kingdom,UK
499752,84770,ROUND GEORGIAN SILVER MIRROR,6,2010-03-02 11:53:00,2.95,17477,United Kingdom,UK
499752,84909A,PINK PAISLEY QUILT,8,2010-03-02 11:53:00,12.75,17477,United Kingdom,UK
499752,85119,WATERING CAN SINGLE HOOK PISTACHIO,8,2010-03-02 11:53:00,1.69,17477,United Kingdom,UK
499752,85165,CANDY PINK FRENCH BOUDOIR CLOCK,3,2010-03-02 11:53:00,9.95,17477,United Kingdom,UK
499754,15056P,EDWARDIAN PARASOL PINK,6,2010-03-02 12:01:00,4.95,17850,United Kingdom,UK
499754,21523,DOOR MAT FANCY FONT HOME SWEET HOME,4,2010-03-02 12:01:00,6.35,17850,United Kingdom,UK
499754,21955,DOOR MAT UNION JACK GUNS AND ROSES,4,2010-03-02 12:01:00,6.35,17850,United Kingdom,UK
499754,22083,PAPER CHAIN KIT RETRO SPOT,12,2010-03-02 12:01:00,2.55,17850,United Kingdom,UK
499754,22084,PAPER CHAIN KIT EMPIRE,12,2010-03-02 12:01:00,2.55,17850,United Kingdom,UK
499754,22189,CREAM HEART CARD HOLDER,10,2010-03-02 12:01:00,3.39,17850,United Kingdom,UK
499754,22247,BUNNY DECORATION MAGIC GARDEN,16,2010-03-02 12:01:00,0.72,17850,United Kingdom,UK
499754,22249,DECORATION WHITE CHICK MAGIC GARDEN,16,2010-03-02 12:01:00,0.72,17850,United Kingdom,UK
499754,22275,WEEKEND BAG VINTAGE ROSE PAISLEY,4,2010-03-02 12:01:00,7.65,17850,United Kingdom,UK
499754,22291,"SPRING DEC , HANGING CHICK CREAM",24,2010-03-02 12:01:00,1.25,17850,United Kingdom,UK
499754,22354,RETRO SPOT PADDED SEAT CUSHION,8,2010-03-02 12:01:00,3.39,17850,United Kingdom,UK
499754,82486,WOOD S/3 CABINET ANT WHITE FINISH,4,2010-03-02 12:01:00,6.95,17850,United Kingdom,UK
499754,82494L,WOODEN FRAME ANTIQUE WHITE,6,2010-03-02 12:01:00,2.55,17850,United Kingdom,UK
499754,85099C,JUMBO  BAG BAROQUE BLACK WHITE,10,2010-03-02 12:01:00,1.65,17850,United Kingdom,UK
499756,20754,RETRO RED SPOTTY WASHING UP GLOVES,6,2010-03-02 12:17:00,2.1,13797,United Kingdom,UK
499756,21411,GINGHAM HEART  DOORSTOP RED,3,2010-03-02 12:17:00,4.25,13797,United Kingdom,UK
499756,21703,BAG 125g SWIRLY MARBLES,12,2010-03-02 12:17:00,0.42,13797,United Kingdom,UK
499756,21715,GIRLS VINTAGE TIN SEASIDE BUCKET,8,2010-03-02 12:17:00,2.55,13797,United Kingdom,UK
499756,21716,BOYS VINTAGE TIN SEASIDE BUCKET,8,2010-03-02 12:17:00,2.55,13797,United Kingdom,UK
499756,21717,EASTER TIN BUCKET,8,2010-03-02 12:17:00,2.55,13797,United Kingdom,UK
499756,21718,RED METAL BEACH SPADE,12,2010-03-02 12:17:00,1.25,13797,United Kingdom,UK
499756,21791,VINTAGE HEADS AND TAILS CARD GAME,12,2010-03-02 12:17:00,1.25,13797,United Kingdom,UK
499756,21895,POTTING SHED SOW 'N' GROW SET,4,2010-03-02 12:17:00,4.25,13797,United Kingdom,UK
499756,21912,VINTAGE SNAKES & LADDERS,4,2010-03-02 12:17:00,3.75,13797,United Kingdom,UK
499756,21974,SET OF 36 PAISLEY FLOWER DOILIES,12,2010-03-02 12:17:00,1.45,13797,United Kingdom,UK
499756,22024,RAINY LADIES BIRTHDAY CARD,12,2010-03-02 12:17:00,0.42,13797,United Kingdom,UK
499756,22025,RING OF ROSES BIRTHDAY CARD,12,2010-03-02 12:17:00,0.42,13797,United Kingdom,UK
499756,22027,TEA PARTY BIRTHDAY CARD,12,2010-03-02 12:17:00,0.42,13797,United Kingdom,UK
499756,22030,SWALLOWS GREETING CARD,12,2010-03-02 12:17:00,0.42,13797,United Kingdom,UK
499756,22035,VINTAGE CARAVAN GREETING CARD,12,2010-03-02 12:17:00,0.42,13797,United Kingdom,UK
499756,22079,RIBBON REEL HEARTS DESIGN,10,2010-03-02 12:17:00,1.65,13797,United Kingdom,UK
499756,22081,RIBBON REEL FLORA + FAUNA,10,2010-03-02 12:17:00,1.65,13797,United Kingdom,UK
499756,22083,PAPER CHAIN KIT RETRO SPOT,6,2010-03-02 12:17:00,2.95,13797,United Kingdom,UK
499756,22149,FELTCRAFT 6 FLOWER FRIENDS,6,2010-03-02 12:17:00,2.1,13797,United Kingdom,UK
499756,22178,VICTORIAN GLASS HANGING T-LIGHT,12,2010-03-02 12:17:00,1.25,13797,United Kingdom,UK
499756,22241,GARLAND WOODEN HAPPY EASTER,12,2010-03-02 12:17:00,1.25,13797,United Kingdom,UK
499756,22256,FELT FARM ANIMAL CHICKEN,12,2010-03-02 12:17:00,1.25,13797,United Kingdom,UK
499756,37508,NEW ENGLAND CERAMIC CAKE SERVER,6,2010-03-02 12:17:00,2.55,13797,United Kingdom,UK
499756,82607A,GLASS BONBON JAR PARFUME AUX FLEURE,6,2010-03-02 12:17:00,1.25,13797,United Kingdom,UK
499756,84691,PACK 20 DOLLY PEGS,12,2010-03-02 12:17:00,0.85,13797,United Kingdom,UK
499756,85121B,RETRO LAUNDRY TUB PINK,2,2010-03-02 12:17:00,8.5,13797,United Kingdom,UK
499757,21212,PACK OF 72 RETRO SPOT CAKE CASES,2,2010-03-02 12:18:00,0.55,17377,United Kingdom,UK
499757,21485,RED SPOT HEART HOT WATER BOTTLE,4,2010-03-02 12:18:00,4.95,17377,United Kingdom,UK
499757,21559,STRAWBERRY LUNCHBOX WITH CUTLERY,1,2010-03-02 12:18:00,2.55,17377,United Kingdom,UK
499757,21590,KINGS CHOICE CIGAR BOX MATCHES,5,2010-03-02 12:18:00,1.25,17377,United Kingdom,UK
499757,21593,SWALLOW CIGAR BOX MATCHES,5,2010-03-02 12:18:00,1.25,17377,United Kingdom,UK
499757,21621,VINTAGE UNION JACK BUNTING,1,2010-03-02 12:18:00,8.5,17377,United Kingdom,UK
499757,21622,VINTAGE UNION JACK CUSHION COVER,4,2010-03-02 12:18:00,4.95,17377,United Kingdom,UK
499757,21754,HOME BUILDING BLOCK WORD,4,2010-03-02 12:18:00,5.95,17377,United Kingdom,UK
499757,21755,LOVE BUILDING BLOCK WORD,1,2010-03-02 12:18:00,5.95,17377,United Kingdom,UK
499757,21756,BATH BUILDING BLOCK WORD,2,2010-03-02 12:18:00,5.95,17377,United Kingdom,UK
499757,21977,PACK OF 60 PINK PAISLEY CAKE CASES,3,2010-03-02 12:18:00,0.55,17377,United Kingdom,UK
499757,22111,SCOTTIE DOG HOT WATER BOTTLE,4,2010-03-02 12:18:00,4.95,17377,United Kingdom,UK
499757,22125,UNION JACK HOT WATER BOTTLE,2,2010-03-02 12:18:00,5.95,17377,United Kingdom,UK
499757,22131,FOOD CONTAINER SET 3 LOVE HEART,2,2010-03-02 12:18:00,1.95,17377,United Kingdom,UK
499757,22195,LARGE HEART MEASURING SPOONS,1,2010-03-02 12:18:00,1.65,17377,United Kingdom,UK
499757,22352,LUNCHBOX WITH CUTLERY RETROSPOT,1,2010-03-02 12:18:00,2.55,17377,United Kingdom,UK
499757,47556B,TEA TIME TEA TOWELS,1,2010-03-02 12:18:00,2.95,17377,United Kingdom,UK
499757,47556B,TEA TIME TEA TOWELS,2,2010-03-02 12:18:00,2.95,17377,United Kingdom,UK
499757,47559B,TEA TIME OVEN GLOVE,3,2010-03-02 12:18:00,1.25,17377,United Kingdom,UK
499757,82494L,WOODEN FRAME ANTIQUE WHITE,5,2010-03-02 12:18:00,2.95,17377,United Kingdom,UK
499757,84991,60 TEATIME FAIRY CAKE CASES,2,2010-03-02 12:18:00,0.55,17377,United Kingdom,UK
499757,85097B,BLUE ROCKING SINGING CANARY,1,2010-03-02 12:18:00,3.75,17377,United Kingdom,UK
499757,85232B,SET/3 RUSSIAN DOLL STACKING TINS,2,2010-03-02 12:18:00,4.95,17377,United Kingdom,UK
499758,17001,HEAVENS SCENT FRAGRANCE OILS ASSTD,2,2010-03-02 12:20:00,0.29,15003,United Kingdom,UK
499758,17109C,FLOWER FAIRY INCENSE ROSE,1,2010-03-02 12:20:00,1.69,15003,United Kingdom,UK
499758,17109D,FLOWER FAIRY INCENSE BOUQUET,1,2010-03-02 12:20:00,1.69,15003,United Kingdom,UK
499758,20727,LUNCH BAG  BLACK SKULL.,1,2010-03-02 12:20:00,1.65,15003,United Kingdom,UK
499758,20914,SET/5 RED SPOTTY LID GLASS BOWLS,1,2010-03-02 12:20:00,2.95,15003,United Kingdom,UK
499758,20971,PINK BLUE FELT CRAFT TRINKET BOX,2,2010-03-02 12:20:00,1.25,15003,United Kingdom,UK
499758,20990,SPRING FLOWER CHOPSTICKS SET/5,2,2010-03-02 12:20:00,1.95,15003,United Kingdom,UK
499758,20992,JAZZ HEARTS PURSE NOTEBOOK,2,2010-03-02 12:20:00,0.85,15003,United Kingdom,UK
499758,20993,JAZZ HEARTS MEMO PAD,1,2010-03-02 12:20:00,0.85,15003,United Kingdom,UK
499758,20996,JAZZ HEARTS ADDRESS BOOK,2,2010-03-02 12:20:00,0.42,15003,United Kingdom,UK
499758,21102,"CANDLE IN JAR COLLAGE , VANILLA",2,2010-03-02 12:20:00,2.55,15003,United Kingdom,UK
499758,21327,SKULLS WRITING SET,1,2010-03-02 12:20:00,1.65,15003,United Kingdom,UK
499758,21328,BALLOONS  WRITING SET,1,2010-03-02 12:20:00,1.65,15003,United Kingdom,UK
499758,21329,DINOSAURS  WRITING SET,1,2010-03-02 12:20:00,1.65,15003,United Kingdom,UK
499758,21559,STRAWBERRY LUNCHBOX WITH CUTLERY,2,2010-03-02 12:20:00,2.55,15003,United Kingdom,UK
499758,21561,DINOSAUR LUNCHBOX WITH CUTLERY,2,2010-03-02 12:20:00,2.55,15003,United Kingdom,UK
499758,21768,WALL MOUNTED VINTAGE ORGANISER,1,2010-03-02 12:20:00,14.95,15003,United Kingdom,UK
499758,21929,JUMBO BAG PINK VINTAGE PAISLEY,2,2010-03-02 12:20:00,1.95,15003,United Kingdom,UK
499758,21931,JUMBO STORAGE BAG SUKI,1,2010-03-02 12:20:00,1.95,15003,United Kingdom,UK
499758,21949,SET OF 6 STRAWBERRY CHOPSTICKS,2,2010-03-02 12:20:00,1.25,15003,United Kingdom,UK
499758,22167,"WALL MIRROR , DIAMANTE OVAL SHAPE",1,2010-03-02 12:20:00,9.95,15003,United Kingdom,UK
499758,22188,BLACK HEART CARD HOLDER,1,2010-03-02 12:20:00,3.95,15003,United Kingdom,UK
499758,22323,PINK POLKADOT KIDS BAG,1,2010-03-02 12:20:00,1.95,15003,United Kingdom,UK
499758,22352,LUNCHBOX WITH CUTLERY RETROSPOT,1,2010-03-02 12:20:00,2.55,15003,United Kingdom,UK
499758,22353,LUNCHBOX WITH CUTLERY FAIRY CAKES,1,2010-03-02 12:20:00,2.55,15003,United Kingdom,UK
499758,22383,LUNCH BAG SUKI  DESIGN,2,2010-03-02 12:20:00,1.65,15003,United Kingdom,UK
499758,22384,LUNCH BAG PINK RETROSPOT,1,2010-03-02 12:20:00,1.65,15003,United Kingdom,UK
499758,22386,JUMBO BAG PINK WITH WHITE SPOTS,2,2010-03-02 12:20:00,1.95,15003,United Kingdom,UK
499758,22431,WATERING CAN BLUE ELEPHANT,1,2010-03-02 12:20:00,1.95,15003,United Kingdom,UK
499758,22433,WATERING CAN GREEN DINOSAUR,1,2010-03-02 12:20:00,1.95,15003,United Kingdom,UK
499758,47559B,TEA TIME OVEN GLOVE,2,2010-03-02 12:20:00,1.25,15003,United Kingdom,UK
499758,48185,DOOR MAT FAIRY CAKE,1,2010-03-02 12:20:00,7.49,15003,United Kingdom,UK
499758,71038,WHITE HANGING BEADS CANDLE HOLDER,2,2010-03-02 12:20:00,5.45,15003,United Kingdom,UK
499758,72023F,RED ORGANIC CANDLE IN GLASS,2,2010-03-02 12:20:00,1.25,15003,United Kingdom,UK
499758,72796B,S/3 FRENCH VANILLA SQU CANDLE,1,2010-03-02 12:20:00,1.65,15003,United Kingdom,UK
499758,79144B,PAINTED LIGHTBULB STAR+ MOON,1,2010-03-02 12:20:00,0.42,15003,United Kingdom,UK
499758,84081,WHITE CERAMIC PARTY SET (5PCS),1,2010-03-02 12:20:00,4.25,15003,United Kingdom,UK
499758,84509G,SET OF 4 FAIRY CAKE PLACEMATS,1,2010-03-02 12:20:00,3.75,15003,United Kingdom,UK
499758,84519A,TOMATO CHARLIE+LOLA COASTER SET,1,2010-03-02 12:20:00,2.95,15003,United Kingdom,UK
499758,84874B,BLUE TRAVEL FIRST AID KIT,1,2010-03-02 12:20:00,1.65,15003,United Kingdom,UK
499758,84997B,RED 3 PIECE MINI DOTS CUTLERY SET,1,2010-03-02 12:20:00,3.75,15003,United Kingdom,UK
499758,85066,CREAM SWEETHEART MINI CHEST,1,2010-03-02 12:20:00,12.75,15003,United Kingdom,UK
499758,85136C,RED SHARK HELICOPTER,1,2010-03-02 12:20:00,7.95,15003,United Kingdom,UK
499758,85150,LADIES & GENTLEMEN METAL SIGN,1,2010-03-02 12:20:00,2.55,15003,United Kingdom,UK
499758,85152,HAND OVER THE CHOCOLATE   SIGN,1,2010-03-02 12:20:00,2.1,15003,United Kingdom,UK
499758,85183A,CHARLIE & LOLA WASTEPAPER BIN BLUE,1,2010-03-02 12:20:00,3.75,15003,United Kingdom,UK
499758,90214R,"LETTER ""R"" BLING KEY RING",1,2010-03-02 12:20:00,1.25,15003,United Kingdom,UK
499759,16202C,BEIGE PHOTO ALBUM,12,2010-03-02 12:24:00,1.95,13126,United Kingdom,UK
499759,16239,BALLERINA HEART DECORATION.,23,2010-03-02 12:24:00,1.25,13126,United Kingdom,UK
499759,21299,EDWARDIAN TOILET ROLL UNIT,6,2010-03-02 12:24:00,3.95,13126,United Kingdom,UK
499759,21303,FILIGREE WALL MIRROR  ANTIQUE WHITE,4,2010-03-02 12:24:00,5.95,13126,United Kingdom,UK
499759,22054,MINI CAKE STAND HANGING HEARTS,8,2010-03-02 12:24:00,1.65,13126,United Kingdom,UK
499759,22055,MINI CAKE STAND  HANGING STRAWBERY,8,2010-03-02 12:24:00,1.65,13126,United Kingdom,UK
499759,37495,FAIRY CAKE BIRTHDAY CANDLE SET,4,2010-03-02 12:24:00,3.75,13126,United Kingdom,UK
499759,46000U,POLYESTER FILLER PAD 30CMx30CM,12,2010-03-02 12:24:00,1.25,13126,United Kingdom,UK
499759,47585A,PINK FAIRY CAKE CUSHION COVER,12,2010-03-02 12:24:00,1.25,13126,United Kingdom,UK
499759,47586A,PINK FAIRY CAKE CUSHION COVER,12,2010-03-02 12:24:00,0.85,13126,United Kingdom,UK
499759,47587A,PINK FAIRY CAKE COASTER,24,2010-03-02 12:24:00,0.19,13126,United Kingdom,UK
499759,72606A,BROWN ANTIQUE CUBE CANDLE,12,2010-03-02 12:24:00,0.42,13126,United Kingdom,UK
499759,72750A,FLOWER FAIRY SET OF 3 LILY CANDLES,8,2010-03-02 12:24:00,1.95,13126,United Kingdom,UK
499759,72750C,"F.FAIRY S/3 CANDLE/GLASS, ROSE",16,2010-03-02 12:24:00,1.95,13126,United Kingdom,UK
499759,72753B,S/3 FLWR FAIRY LAVENDER CANDLES,8,2010-03-02 12:24:00,2.1,13126,United Kingdom,UK
499759,72755C,FLOWER FAIRY OIL BURNER SET ROSE,16,2010-03-02 12:24:00,1.25,13126,United Kingdom,UK
499759,72755D,FLOWER FAIRY OIL BURNER SET SUMMER,16,2010-03-02 12:24:00,1.25,13126,United Kingdom,UK
499759,84615,PINK ROUND BUTTERFLY MIRROR,8,2010-03-02 12:24:00,1.95,13126,United Kingdom,UK
499759,84623,PINK GINGHAM ROSE FLOOR CUSHION,8,2010-03-02 12:24:00,2.95,13126,United Kingdom,UK
499759,84679,CLASSICAL ROSE TABLE LAMP,4,2010-03-02 12:24:00,5.95,13126,United Kingdom,UK
499759,84770,ROUND GEORGIAN SILVER MIRROR,6,2010-03-02 12:24:00,2.95,13126,United Kingdom,UK
499759,85007,SET OF 3 VINTAGE TEA TIME BOXES,18,2010-03-02 12:24:00,1.65,13126,United Kingdom,UK
499759,85031A,ROMANTIC IMAGES SCRAP BOOK SET,24,2010-03-02 12:24:00,1.25,13126,United Kingdom,UK
499759,85031B,BLOSSOM IMAGES SCRAP BOOK SET,24,2010-03-02 12:24:00,1.25,13126,United Kingdom,UK
499760,22041,"RECORD FRAME 7"" SINGLE SIZE",36,2010-03-02 12:29:00,2.1,13777,United Kingdom,UK
499760,35004C,SET OF 3 COLOURED  FLYING DUCKS,24,2010-03-02 12:29:00,4.65,13777,United Kingdom,UK
499760,85123A,WHITE HANGING HEART T-LIGHT HOLDER,48,2010-03-02 12:29:00,2.55,13777,United Kingdom,UK
499761,21392,RED SPOTTY PUDDING BOWL,24,2010-03-02 12:30:00,2.1,12972,United Kingdom,UK
499761,21393,BLUE  SPOTTY PUDDING BOWL,24,2010-03-02 12:30:00,2.1,12972,United Kingdom,UK
499761,21397,BLUE  SPOTTY EGG CUP,12,2010-03-02 12:30:00,1.25,12972,United Kingdom,UK
499761,21535,RETRO SPOT SMALL MILK JUG,6,2010-03-02 12:30:00,2.55,12972,United Kingdom,UK
499761,21536,DAIRY MAID  SMALL  MILK JUG,6,2010-03-02 12:30:00,2.1,12972,United Kingdom,UK
499761,22261,FELT EGG COSY WHITE RABBIT,12,2010-03-02 12:30:00,0.85,12972,United Kingdom,UK
499761,22262,FELT EGG COSY CHICKEN,12,2010-03-02 12:30:00,0.85,12972,United Kingdom,UK
499762,16169N,WRAP BLUE RUSSIAN FOLKART,25,2010-03-02 12:48:00,0.42,14818,United Kingdom,UK
499762,21318,GLASS CHALICE BLUE SMALL,2,2010-03-02 12:48:00,1.65,14818,United Kingdom,UK
499762,21319,GLASS CHALICE GREEN  SMALL,2,2010-03-02 12:48:00,1.65,14818,United Kingdom,UK
499762,21609,SET 12 LAVENDER  BOTANICAL T-LIGHTS,2,2010-03-02 12:48:00,2.95,14818,United Kingdom,UK
499762,21653,GLASS ETCHED T-LIGHT HOLDER LARGE,1,2010-03-02 12:48:00,2.1,14818,United Kingdom,UK
499762,21718,RED METAL BEACH SPADE,6,2010-03-02 12:48:00,1.25,14818,United Kingdom,UK
499762,21754,HOME BUILDING BLOCK WORD,1,2010-03-02 12:48:00,5.95,14818,United Kingdom,UK
499762,21756,BATH BUILDING BLOCK WORD,1,2010-03-02 12:48:00,5.95,14818,United Kingdom,UK
499762,21976,PACK OF 60 MUSHROOM CAKE CASES,1,2010-03-02 12:48:00,0.55,14818,United Kingdom,UK
499762,21977,PACK OF 60 PINK PAISLEY CAKE CASES,1,2010-03-02 12:48:00,0.55,14818,United Kingdom,UK
499762,22053,EMPIRE DESIGN ROSETTE,5,2010-03-02 12:48:00,1.25,14818,United Kingdom,UK
499762,22088,PAPER BUNTING COLOURED LACE,1,2010-03-02 12:48:00,2.95,14818,United Kingdom,UK
499762,37503,TEA TIME CAKE STAND IN GIFT BOX,1,2010-03-02 12:48:00,10.75,14818,United Kingdom,UK
499762,37503,TEA TIME CAKE STAND IN GIFT BOX,2,2010-03-02 12:48:00,10.75,14818,United Kingdom,UK
499762,79067,CORONA MEXICAN TRAY,1,2010-03-02 12:48:00,3.75,14818,United Kingdom,UK
499762,79321,CHILLI LIGHTS,1,2010-03-02 12:48:00,4.95,14818,United Kingdom,UK
499762,82581,TOILET METAL SIGN,1,2010-03-02 12:48:00,0.55,14818,United Kingdom,UK
499762,82585,SWEET VALENCIA CANDLE+CUP,1,2010-03-02 12:48:00,1.25,14818,United Kingdom,UK
499762,84029G,KNITTED UNION FLAG HOT WATER BOTTLE,1,2010-03-02 12:48:00,3.75,14818,United Kingdom,UK
499762,84691,PACK 20 DOLLY PEGS,2,2010-03-02 12:48:00,0.85,14818,United Kingdom,UK
499762,84925A,WAKE UP COCKEREL WALL THERMOMETER,1,2010-03-02 12:48:00,2.55,14818,United Kingdom,UK
499763,15056BL,EDWARDIAN PARASOL BLACK,1,2010-03-02 13:08:00,5.95,12346,United Kingdom,UK
499763,15056N,EDWARDIAN PARASOL NATURAL,1,2010-03-02 13:08:00,5.95,12346,United Kingdom,UK
499763,15056P,EDWARDIAN PARASOL PINK,1,2010-03-02 13:08:00,5.95,12346,United Kingdom,UK
499763,20679,EDWARDIAN PARASOL RED,1,2010-03-02 13:08:00,5.95,12346,United Kingdom,UK
499763,20682,RED SPOTTY CHILDS UMBRELLA,1,2010-03-02 13:08:00,3.25,12346,United Kingdom,UK
499764,16237,SLEEPING CAT ERASERS,1,2010-03-02 13:09:00,0.21,17372,United Kingdom,UK
499764,21145,ANTIQUE GLASS PLACE SETTING,12,2010-03-02 13:09:00,1.25,17372,United Kingdom,UK
499764,21557,SET OF 6 FUNKY BEAKERS,1,2010-03-02 13:09:00,2.95,17372,United Kingdom,UK
499764,21985,PACK OF 12 HEARTS DESIGN TISSUES,12,2010-03-02 13:09:00,0.29,17372,United Kingdom,UK
499764,22024,RAINY LADIES BIRTHDAY CARD,12,2010-03-02 13:09:00,0.42,17372,United Kingdom,UK
499764,22185,SLATE TILE NATURAL HANGING,1,2010-03-02 13:09:00,1.65,17372,United Kingdom,UK
499764,22331,WOODLAND PARTY BAG + STICKER SET,1,2010-03-02 13:09:00,1.65,17372,United Kingdom,UK
499764,85016,SET OF 6 VINTAGE NOTELETS KIT,1,2010-03-02 13:09:00,2.55,17372,United Kingdom,UK
499765,15036,ASSORTED COLOURS SILK FAN,12,2010-03-02 13:15:00,1.28,,United Kingdom,UK
499765,15039,SANDALWOOD FAN,4,2010-03-02 13:15:00,1.66,,United Kingdom,UK
499765,15056BL,EDWARDIAN PARASOL BLACK,1,2010-03-02 13:15:00,12.72,,United Kingdom,UK
499765,15060B,FAIRY CAKE DESIGN UMBRELLA,5,2010-03-02 13:15:00,8.47,,United Kingdom,UK
499765,16046,TEATIME PEN CASE & PENS,1,2010-03-02 13:15:00,1.66,,United Kingdom,UK
499765,16048,TEATIME ROUND PENCIL SHARPENER,1,2010-03-02 13:15:00,0.81,,United Kingdom,UK
499765,16049,TEATIME GEL PENS ASST,1,2010-03-02 13:15:00,0.81,,United Kingdom,UK
499765,16212,FUNKY GIRLZ ASST MAGNETIC MEMO PAD,1,2010-03-02 13:15:00,7.62,,United Kingdom,UK
499765,16218,CARTOON  PENCIL SHARPENERS,1,2010-03-02 13:15:00,2.13,,United Kingdom,UK
499765,16235,RECYCLED PENCIL WITH RABBIT ERASER,5,2010-03-02 13:15:00,0.43,,United Kingdom,UK
499765,16244A,MAXWELL 2 TONE PINK 60 PAGE PHOTO A,4,2010-03-02 13:15:00,4.21,,United Kingdom,UK
499765,17003,BROCADE RING PURSE,2,2010-03-02 13:15:00,0.43,,United Kingdom,UK
499765,20617,FIRST CLASS PASSPORT COVER,1,2010-03-02 13:15:00,4.21,,United Kingdom,UK
499765,20670,VIP HOLIDAY PURSE,1,2010-03-02 13:15:00,5.91,,United Kingdom,UK
499765,20674,GREEN SPOTTY BOWL,2,2010-03-02 13:15:00,2.51,,United Kingdom,UK
499765,20677,PINK SPOTTY BOWL,1,2010-03-02 13:15:00,2.51,,United Kingdom,UK
499765,20692,FLORAL ELEPHANT SOFT TOY,1,2010-03-02 13:15:00,8.47,,United Kingdom,UK
499765,20693,FLORAL DINOSAUR GREEN,1,2010-03-02 13:15:00,8.47,,United Kingdom,UK
499765,20700,GREEN CAT FLORAL CUSHION COVER,1,2010-03-02 13:15:00,10.17,,United Kingdom,UK
499765,20717,STRAWBERRY SHOPPER BAG,1,2010-03-02 13:15:00,2.51,,United Kingdom,UK
499765,20718,RED SPOTTY SHOPPER BAG,1,2010-03-02 13:15:00,2.51,,United Kingdom,UK
499765,20747,PICCADILLY TEA SET,31,2010-03-02 13:15:00,12.72,,United Kingdom,UK
499765,20770,ABSTRACT CIRCLE JOURNAL,1,2010-03-02 13:15:00,2.51,,United Kingdom,UK
499765,20774,GREEN FERN NOTEBOOK,1,2010-03-02 13:15:00,3.36,,United Kingdom,UK
499765,20828,GLITTER BUTTERFLY CLIPS,1,2010-03-02 13:15:00,5.06,,United Kingdom,UK
499765,20966,SANDWICH BATH SPONGE,1,2010-03-02 13:15:00,2.51,,United Kingdom,UK
499765,20971,PINK BLUE FELT CRAFT TRINKET BOX,5,2010-03-02 13:15:00,2.51,,United Kingdom,UK
499765,20972,PINK CREAM FELT CRAFT TRINKET BOX,1,2010-03-02 13:15:00,2.51,,United Kingdom,UK
499765,21077,SET/20 WOODLAND PAPER NAPKINS,1,2010-03-02 13:15:00,1.66,,United Kingdom,UK
499765,21080,SET/20 RED SPOTTY PAPER NAPKINS,1,2010-03-02 13:15:00,1.66,,United Kingdom,UK
499765,21085,SET/6 WOODLAND PAPER CUPS,4,2010-03-02 13:15:00,1.66,,United Kingdom,UK
499765,21091,SET/6 WOODLAND PAPER PLATES,4,2010-03-02 13:15:00,1.66,,United Kingdom,UK
499765,21094,SET/6 RED SPOTTY PAPER PLATES,1,2010-03-02 13:15:00,1.66,,United Kingdom,UK
499765,21108,FAIRY CAKE FLANNEL ASSORTED COLOUR,2,2010-03-02 13:15:00,5.06,,United Kingdom,UK
499765,21111,"SWISS ROLL TOWEL, CHOCOLATE  SPOTS",1,2010-03-02 13:15:00,5.91,,United Kingdom,UK
499765,21116,OWL DOORSTOP,2,2010-03-02 13:15:00,8.47,,United Kingdom,UK
499765,21121,SET/10 RED SPOTTY PARTY CANDLES,1,2010-03-02 13:15:00,2.51,,United Kingdom,UK
499765,21124,SET/10 BLUE SPOTTY PARTY CANDLES,1,2010-03-02 13:15:00,2.51,,United Kingdom,UK
499765,21126,SET OF 6 GIRLS CELEBRATION CANDLES,1,2010-03-02 13:15:00,2.51,,United Kingdom,UK
499765,21165,BEWARE OF THE CAT METAL SIGN,1,2010-03-02 13:15:00,4.21,,United Kingdom,UK
499765,21169,YOU'RE CONFUSING ME METAL SIGN,1,2010-03-02 13:15:00,4.21,,United Kingdom,UK
499765,21172,PARTY METAL SIGN,1,2010-03-02 13:15:00,4.21,,United Kingdom,UK
499765,21209,MULTICOLOUR HONEYCOMB FAN,1,2010-03-02 13:15:00,3.36,,United Kingdom,UK
499765,21210,SET OF 72 RETRO SPOT PAPER  DOILIES,1,2010-03-02 13:15:00,2.98,,United Kingdom,UK
499765,21212,PACK OF 72 RETRO SPOT CAKE CASES,3,2010-03-02 13:15:00,1.28,,United Kingdom,UK
499765,21218,RED SPOTTY BISCUIT TIN,1,2010-03-02 13:15:00,8.47,,United Kingdom,UK
499765,21221,SET/4 BADGES CUTE CREATURES,1,2010-03-02 13:15:00,2.51,,United Kingdom,UK
499765,21232,STRAWBERRY CERAMIC TRINKET BOX,5,2010-03-02 13:15:00,2.51,,United Kingdom,UK
499765,21241,GREEN SPOTTY CUP,1,2010-03-02 13:15:00,1.66,,United Kingdom,UK
499765,21255,"FRENCH BOTTLE , LAVENDER",1,2010-03-02 13:15:00,3.36,,United Kingdom,UK
499765,21258,VICTORIAN SEWING BOX LARGE,1,2010-03-02 13:15:00,25.49,,United Kingdom,UK
499765,21260,FIRST AID TIN,1,2010-03-02 13:15:00,6.77,,United Kingdom,UK
499765,21278,VINTAGE KITCHEN PRINT PUDDINGS,1,2010-03-02 13:15:00,5.06,,United Kingdom,UK
499765,21279,VINTAGE KITCHEN PRINT FRUITS,1,2010-03-02 13:15:00,5.06,,United Kingdom,UK
499765,21280,VINTAGE KITCHEN PRINT VEGETABLES,1,2010-03-02 13:15:00,5.06,,United Kingdom,UK
499765,21289,LARGE STRIPES CHOCOLATE GIFT BAG,1,2010-03-02 13:15:00,2.51,,United Kingdom,UK
499765,21314,SMALL GLASS HEART TRINKET POT,2,2010-03-02 13:15:00,4.21,,United Kingdom,UK
499765,21329,DINOSAURS  WRITING SET,3,2010-03-02 13:15:00,3.36,,United Kingdom,UK
499765,21354,TOAST ITS - BEST MUM,1,2010-03-02 13:15:00,2.51,,United Kingdom,UK
499765,21361,LOVE LARGE WOOD LETTERS,1,2010-03-02 13:15:00,25.49,,United Kingdom,UK
499765,21375,LARGE CAMPHOR WOOD FIELD MUSHROOM,1,2010-03-02 13:15:00,11.02,,United Kingdom,UK
499765,21377,SMALL CAMPHOR WOOD FIELD  MUSHROOM,1,2010-03-02 13:15:00,3.36,,United Kingdom,UK
499765,21378,SMALL TALL CAMPHOR WOOD TOADSTOOL,1,2010-03-02 13:15:00,3.36,,United Kingdom,UK
499765,21383,PACK OF 12 STICKY BUNNIES,2,2010-03-02 13:15:00,1.66,,United Kingdom,UK
499765,21384,IVORY HANGING DECORATION  BUTTERFLY,2,2010-03-02 13:15:00,1.66,,United Kingdom,UK
499765,21411,GINGHAM HEART  DOORSTOP RED,1,2010-03-02 13:15:00,8.47,,United Kingdom,UK
499765,21413,PERIWINKLE T-LIGHT HOLDER,2,2010-03-02 13:15:00,2.51,,United Kingdom,UK
499765,21428,SET3 BOOK BOX GREEN GINGHAM FLOWER,1,2010-03-02 13:15:00,8.47,,United Kingdom,UK
499765,21429,RED GINGHAM ROSE JEWELLERY BOX,2,2010-03-02 13:15:00,3.36,,United Kingdom,UK
499765,21431,GREEN GINGHAM FLOWER JEWELLERY BOX,1,2010-03-02 13:15:00,3.36,,United Kingdom,UK
499765,21455,PAINTED YELLOW WOODEN DAISY,1,2010-03-02 13:15:00,1.66,,United Kingdom,UK
499765,21486,PINK HEART DOTS HOT WATER BOTTLE,2,2010-03-02 13:15:00,4.21,,United Kingdom,UK
499765,21504,SKULLS GREETING CARD,1,2010-03-02 13:15:00,0.85,,United Kingdom,UK
499765,21507,"ELEPHANT, BIRTHDAY CARD,",1,2010-03-02 13:15:00,0.85,,United Kingdom,UK
499765,21508,VINTAGE KID DOLLY CARD,1,2010-03-02 13:15:00,0.85,,United Kingdom,UK
499765,21509,COWBOYS AND INDIANS BIRTHDAY CARD,1,2010-03-02 13:15:00,0.85,,United Kingdom,UK
499765,21531,RETRO SPOT SUGAR JAM BOWL,1,2010-03-02 13:15:00,5.06,,United Kingdom,UK
499765,21532,DAIRY MAID SUGAR JAM BOWL,2,2010-03-02 13:15:00,4.21,,United Kingdom,UK
499765,21534,DAIRY MAID LARGE MILK JUG,1,2010-03-02 13:15:00,10.17,,United Kingdom,UK
499765,21535,RETRO SPOT SMALL MILK JUG,1,2010-03-02 13:15:00,5.06,,United Kingdom,UK
499765,21540,DAIRY MAID CERAMIC BUTTER DISH,1,2010-03-02 13:15:00,8.47,,United Kingdom,UK
499765,21548,CERAMIC BIRDHOUSE FINCH BLUE ROOF,2,2010-03-02 13:15:00,5.91,,United Kingdom,UK
499765,21563,RED HEART SHAPE LOVE BUCKET,1,2010-03-02 13:15:00,5.91,,United Kingdom,UK
499765,21578,WOODLAND DESIGN  COTTON TOTE BAG,1,2010-03-02 13:15:00,5.06,,United Kingdom,UK
499765,21580,RABBIT  DESIGN  COTTON TOTE BAG,2,2010-03-02 13:15:00,5.06,,United Kingdom,UK
499765,21614,SET OF 12 ROSE BOTANICAL T-LIGHTS,1,2010-03-02 13:15:00,5.91,,United Kingdom,UK
499765,21625,VINTAGE UNION JACK APRON,1,2010-03-02 13:15:00,14.43,,United Kingdom,UK
499765,21634,ASSORTED MINI MADRAS NOTEBOOK,1,2010-03-02 13:15:00,2.51,,United Kingdom,UK
499765,21647,ASSORTED TUTTI FRUTTI LARGE PURSE,2,2010-03-02 13:15:00,4.21,,United Kingdom,UK
499765,21650,ASSORTED TUTTI FRUTTI BRACELET,7,2010-03-02 13:15:00,1.66,,United Kingdom,UK
499765,21698,MOCK LOBSTER FRIDGE MAGNET,1,2010-03-02 13:15:00,1.66,,United Kingdom,UK
499765,21700,BIG DOUGHNUT FRIDGE MAGNETS,1,2010-03-02 13:15:00,8.47,,United Kingdom,UK
499765,21704,BAG 250g SWIRLY MARBLES,2,2010-03-02 13:15:00,1.66,,United Kingdom,UK
499765,21708,FOLDING UMBRELLA  CREAM/MULTI  SPOT,1,2010-03-02 13:15:00,10.17,,United Kingdom,UK
499765,21714,CITRONELLA CANDLE GARDEN POT,1,2010-03-02 13:15:00,2.51,,United Kingdom,UK
499765,21734,SMALL MARAKESH LANTERN ON STICK,1,2010-03-02 13:15:00,7.62,,United Kingdom,UK
499765,21745,GAOLERS KEYS DECORATIVE GARDEN,1,2010-03-02 13:15:00,8.47,,United Kingdom,UK
499765,21754,HOME BUILDING BLOCK WORD,2,2010-03-02 13:15:00,11.87,,United Kingdom,UK
499765,21755,LOVE BUILDING BLOCK WORD,1,2010-03-02 13:15:00,11.87,,United Kingdom,UK
499765,21773,DECORATIVE ROSE BATHROOM BOTTLE,1,2010-03-02 13:15:00,2.51,,United Kingdom,UK
499765,21774,DECORATIVE CATS BATHROOM BOTTLE,3,2010-03-02 13:15:00,2.51,,United Kingdom,UK
499765,21775,DECORATIVE FLORE BATHROOM BOTTLE,1,2010-03-02 13:15:00,2.51,,United Kingdom,UK
499765,21777,RECIPE BOX WITH METAL HEART,1,2010-03-02 13:15:00,16.98,,United Kingdom,UK
499765,21784,SHOE SHINE BOX,1,2010-03-02 13:15:00,21.23,,United Kingdom,UK
499765,21829,DINOSAUR KEYRINGS ASSORTED,2,2010-03-02 13:15:00,0.43,,United Kingdom,UK
499765,21884,CAKES AND BOWS GIFT  TAPE,2,2010-03-02 13:15:00,1.66,,United Kingdom,UK
499765,21890,S/6 WOODEN SKITTLES IN COTTON BAG,1,2010-03-02 13:15:00,5.91,,United Kingdom,UK
499765,21916,SET 12 RETRO WHITE CHALK STICKS,1,2010-03-02 13:15:00,0.81,,United Kingdom,UK
499765,21931,JUMBO STORAGE BAG SUKI,1,2010-03-02 13:15:00,4.21,,United Kingdom,UK
499765,21948,SET OF 6 CAKE CHOPSTICKS,1,2010-03-02 13:15:00,2.51,,United Kingdom,UK
499765,21974,SET OF 36 PAISLEY FLOWER DOILIES,1,2010-03-02 13:15:00,2.98,,United Kingdom,UK
499765,21975,PACK OF 60 DINOSAUR CAKE CASES,1,2010-03-02 13:15:00,1.28,,United Kingdom,UK
499765,21977,PACK OF 60 PINK PAISLEY CAKE CASES,1,2010-03-02 13:15:00,1.28,,United Kingdom,UK
499765,21985,PACK OF 12 HEARTS DESIGN TISSUES,1,2010-03-02 13:15:00,0.81,,United Kingdom,UK
499765,21986,PACK OF 12 PINK SPOT TISSUES,1,2010-03-02 13:15:00,0.81,,United Kingdom,UK
499765,22027,TEA PARTY BIRTHDAY CARD,1,2010-03-02 13:15:00,0.85,,United Kingdom,UK
499765,22029,SPACEBOY BIRTHDAY CARD,2,2010-03-02 13:15:00,0.85,,United Kingdom,UK
499765,22030,SWALLOWS GREETING CARD,1,2010-03-02 13:15:00,0.85,,United Kingdom,UK
499765,22035,VINTAGE CARAVAN GREETING CARD,1,2010-03-02 13:15:00,0.85,,United Kingdom,UK
499765,22036,DINOSAUR BIRTHDAY CARD,1,2010-03-02 13:15:00,0.85,,United Kingdom,UK
499765,22057,CERAMIC PLATE STRAWBERRY DESIGN,1,2010-03-02 13:15:00,3.36,,United Kingdom,UK
499765,22061,LARGE CAKE STAND  HANGING STRAWBERY,1,2010-03-02 13:15:00,21.23,,United Kingdom,UK
499765,22063,CERAMIC BOWL WITH STRAWBERRY DESIGN,1,2010-03-02 13:15:00,5.91,,United Kingdom,UK
499765,22067,CHOC TRUFFLE GOLD TRINKET POT,1,2010-03-02 13:15:00,3.36,,United Kingdom,UK
499765,22083,PAPER CHAIN KIT RETRO SPOT,1,2010-03-02 13:15:00,5.91,,United Kingdom,UK
499765,22090,PAPER BUNTING RETRO SPOTS,1,2010-03-02 13:15:00,5.91,,United Kingdom,UK
499765,22096,PINK PAISLEY SQUARE TISSUE BOX,1,2010-03-02 13:15:00,2.51,,United Kingdom,UK
499765,22097,SWALLOW SQUARE TISSUE BOX,1,2010-03-02 13:15:00,2.51,,United Kingdom,UK
499765,22111,SCOTTIE DOG HOT WATER BOTTLE,3,2010-03-02 13:15:00,11.02,,United Kingdom,UK
499765,22115,METAL SIGN EMPIRE TEA,2,2010-03-02 13:15:00,5.91,,United Kingdom,UK
499765,22122,SET OF 2 FANCY FONT TEA TOWELS,1,2010-03-02 13:15:00,5.91,,United Kingdom,UK
499765,22153,ANGEL DECORATION STARS ON DRESS,1,2010-03-02 13:15:00,0.85,,United Kingdom,UK
499765,22170,PICTURE FRAME WOOD TRIPLE PORTRAIT,1,2010-03-02 13:15:00,13.57,,United Kingdom,UK
499765,22172,METAL SHELF WITH RAIL,1,2010-03-02 13:15:00,16.98,,United Kingdom,UK
499765,22173,METAL 4 HOOK HANGER FRENCH CHATEAU,1,2010-03-02 13:15:00,5.91,,United Kingdom,UK
499765,22178,VICTORIAN GLASS HANGING T-LIGHT,1,2010-03-02 13:15:00,2.51,,United Kingdom,UK
499765,22184,CAKE STAND VICTORIAN FILIGREE LARGE,1,2010-03-02 13:15:00,16.98,,United Kingdom,UK
499765,22189,CREAM HEART CARD HOLDER,1,2010-03-02 13:15:00,8.47,,United Kingdom,UK
499765,22190,LOCAL CAFE MUG,1,2010-03-02 13:15:00,4.21,,United Kingdom,UK
499765,22196,SMALL HEART MEASURING SPOONS,1,2010-03-02 13:15:00,1.66,,United Kingdom,UK
499765,22197,SMALL POPCORN HOLDER,7,2010-03-02 13:15:00,1.66,,United Kingdom,UK
499765,22198,LARGE POPCORN HOLDER,1,2010-03-02 13:15:00,3.36,,United Kingdom,UK
499765,22199,FRYING PAN RED POLKADOT,1,2010-03-02 13:15:00,8.47,,United Kingdom,UK
499765,22202,MILK PAN PINK RETROSPOT,1,2010-03-02 13:15:00,7.62,,United Kingdom,UK
499765,22222,CAKE PLATE LOVEBIRD WHITE,1,2010-03-02 13:15:00,10.17,,United Kingdom,UK
499765,22228,BUNNY WOODEN PAINTED WITH BIRD,3,2010-03-02 13:15:00,1.66,,United Kingdom,UK
499765,22229,BUNNY WOODEN PAINTED WITH FLOWER,3,2010-03-02 13:15:00,1.66,,United Kingdom,UK
499765,22236,CAKE STAND 3 TIER MAGIC GARDEN,1,2010-03-02 13:15:00,25.49,,United Kingdom,UK
499765,22244,"HOOK, 3 HANGER ,MAGIC GARDEN",2,2010-03-02 13:15:00,4.21,,United Kingdom,UK
499765,22245,"HOOK, 1 HANGER ,MAGIC GARDEN",3,2010-03-02 13:15:00,1.66,,United Kingdom,UK
499765,22249,DECORATION WHITE CHICK MAGIC GARDEN,4,2010-03-02 13:15:00,1.66,,United Kingdom,UK
499765,22250,DECORATION  BUTTERFLY  MAGIC GARDEN,3,2010-03-02 13:15:00,1.66,,United Kingdom,UK
499765,22251,BIRDHOUSE DECORATION MAGIC GARDEN,2,2010-03-02 13:15:00,2.51,,United Kingdom,UK
499765,22260,FELT EGG COSY BLUE RABBIT,2,2010-03-02 13:15:00,1.66,,United Kingdom,UK
499765,22266,EASTER DECORATION HANGING BUNNY,1,2010-03-02 13:15:00,1.28,,United Kingdom,UK
499765,22275,WEEKEND BAG VINTAGE ROSE PAISLEY,1,2010-03-02 13:15:00,16.98,,United Kingdom,UK
499765,22276,WASH BAG VINTAGE ROSE PAISLEY,1,2010-03-02 13:15:00,5.91,,United Kingdom,UK
499765,22277,COSMETIC BAG VINTAGE ROSE PAISLEY,1,2010-03-02 13:15:00,4.21,,United Kingdom,UK
499765,22281,EASTER TREE YELLOW BIRDS,3,2010-03-02 13:15:00,12.72,,United Kingdom,UK
499765,22286,"DECORATION , WOBBLY RABBIT , METAL",1,2010-03-02 13:15:00,3.36,,United Kingdom,UK
499765,22292,"SPRING DEC , HANGING CHICK  YELLOW",2,2010-03-02 13:15:00,2.98,,United Kingdom,UK
499765,22297,HEART IVORY TRELLIS SMALL,1,2010-03-02 13:15:00,2.51,,United Kingdom,UK
499765,22300,COFFEE MUG DOG + BALL DESIGN,1,2010-03-02 13:15:00,5.06,,United Kingdom,UK
499765,22301,COFFEE MUG CAT + BIRD DESIGN,1,2010-03-02 13:15:00,5.06,,United Kingdom,UK
499765,22308,TEA COSY BLUE STRIPE,1,2010-03-02 13:15:00,5.06,,United Kingdom,UK
499765,22310,KNITTED MUG COSY IVORY COLOUR,1,2010-03-02 13:15:00,3.36,,United Kingdom,UK
499765,22315,200 RED + WHITE BENDY STRAWS,1,2010-03-02 13:15:00,2.51,,United Kingdom,UK
499765,22326,ROUND SNACK BOXES SET OF4 WOODLAND,3,2010-03-02 13:15:00,5.91,,United Kingdom,UK
499765,22328,ROUND SNACK BOXES SET OF 4 FRUITS,1,2010-03-02 13:15:00,5.91,,United Kingdom,UK
499765,22331,WOODLAND PARTY BAG + STICKER SET,1,2010-03-02 13:15:00,3.36,,United Kingdom,UK
499765,22355,"CHARLOTTE BAG , SUKI DESIGN",3,2010-03-02 13:15:00,1.66,,United Kingdom,UK
499765,22356,"CHARLOTTE BAG , PINK/WHITE SPOTS",5,2010-03-02 13:15:00,1.66,,United Kingdom,UK
499765,22358,KINGS CHOICE TEA CADDY,1,2010-03-02 13:15:00,5.91,,United Kingdom,UK
499765,22381,TOY TIDY PINK RETROSPOT,1,2010-03-02 13:15:00,4.21,,United Kingdom,UK
499765,22383,LUNCH BAG SUKI  DESIGN,1,2010-03-02 13:15:00,4.21,,United Kingdom,UK
499765,22412,METAL SIGN NEIGHBOURHOOD WITCH,3,2010-03-02 13:15:00,4.21,,United Kingdom,UK
499765,22413,METAL SIGN TAKE IT OR LEAVE IT,2,2010-03-02 13:15:00,5.91,,United Kingdom,UK
499765,22498,WOODEN REGATTA BUNTING,2,2010-03-02 13:15:00,12.72,,United Kingdom,UK
499765,22608,PENS ASSORTED FUNKY JEWELED,2,2010-03-02 13:15:00,1.66,,United Kingdom,UK
499765,22609,PENS ASSORTED SPACEBALL,1,2010-03-02 13:15:00,1.66,,United Kingdom,UK
499765,22610,PENS ASSORTED FUNNY FACE,2,2010-03-02 13:15:00,1.66,,United Kingdom,UK
499765,35001W,HAND OPEN SHAPE DECO.WHITE,2,2010-03-02 13:15:00,4.21,,United Kingdom,UK
499765,35096A,BLUE VICTORIAN FABRIC HEART BOX,3,2010-03-02 13:15:00,0.84,,United Kingdom,UK
499765,35809A,ENAMEL PINK TEA CONTAINER,1,2010-03-02 13:15:00,4.21,,United Kingdom,UK
499765,35810A,ENAMEL PINK COFFEE CONTAINER,1,2010-03-02 13:15:00,4.21,,United Kingdom,UK
499765,35811A,ENAMEL PINK SUGAR CONTAINER,1,2010-03-02 13:15:00,4.21,,United Kingdom,UK
499765,37423,WHITE WITH BLACK CATS PLATE,1,2010-03-02 13:15:00,1.66,,United Kingdom,UK
499765,37444C,PINK BREAKFAST CUP AND SAUCER,1,2010-03-02 13:15:00,5.91,,United Kingdom,UK
499765,37461,FUNKY MONKEY MUG,1,2010-03-02 13:15:00,2.51,,United Kingdom,UK
499765,37462E,"PET MUG, GOLDFISH",1,2010-03-02 13:15:00,0.84,,United Kingdom,UK
499765,40018E,TEA TIME PAPER LANTERNS,1,2010-03-02 13:15:00,4.21,,United Kingdom,UK
499765,46775E,CANDY POP CHUNKY KNITTED THROW,2,2010-03-02 13:15:00,11.02,,United Kingdom,UK
499765,47503G,ASS FLORAL PRINT TAPE MEASURE,1,2010-03-02 13:15:00,2.51,,United Kingdom,UK
499765,47556B,TEA TIME TEA TOWELS,1,2010-03-02 13:15:00,5.91,,United Kingdom,UK
499765,47559B,TEA TIME OVEN GLOVE,2,2010-03-02 13:15:00,2.51,,United Kingdom,UK
499765,48138,DOOR MAT UNION FLAG,1,2010-03-02 13:15:00,13.57,,United Kingdom,UK
499765,48188,DOOR MAT WELCOME PUPPIES,1,2010-03-02 13:15:00,13.57,,United Kingdom,UK
499765,48194,DOOR MAT HEARTS,2,2010-03-02 13:15:00,13.57,,United Kingdom,UK
499765,71279,PINK GLASS CANDLEHOLDER,2,2010-03-02 13:15:00,5.91,,United Kingdom,UK
499765,72799F,IVORY PILLAR CANDLE GOLD FLOCK,2,2010-03-02 13:15:00,5.91,,United Kingdom,UK
499765,79029,GLASS HONEYPOT WASP CATCHER,1,2010-03-02 13:15:00,4.21,,United Kingdom,UK
499765,79030G,"TUMBLER, NEW ENGLAND",1,2010-03-02 13:15:00,12.72,,United Kingdom,UK
499765,79072,TEATIME CAKE TIN WITH HANDLE,1,2010-03-02 13:15:00,16.98,,United Kingdom,UK
499765,82551,LAUNDRY 15C METAL SIGN,1,2010-03-02 13:15:00,2.51,,United Kingdom,UK
499765,82578,KITCHEN METAL SIGN,1,2010-03-02 13:15:00,1.28,,United Kingdom,UK
499765,82580,BATHROOM METAL SIGN,1,2010-03-02 13:15:00,1.28,,United Kingdom,UK
499765,82583,HOT BATHS METAL SIGN,1,2010-03-02 13:15:00,4.21,,United Kingdom,UK
499765,82585,SWEET VALENCIA CANDLE+CUP,1,2010-03-02 13:15:00,2.51,,United Kingdom,UK
499765,82587,TEXRIO TOMATOES CANDLE+CUP,1,2010-03-02 13:15:00,2.51,,United Kingdom,UK
499765,82607A,GLASS BONBON JAR PARFUME AUX FLEURE,1,2010-03-02 13:15:00,2.51,,United Kingdom,UK
499765,82613B,"METAL SIGN,CUPCAKE SINGLE HOOK",1,2010-03-02 13:15:00,2.51,,United Kingdom,UK
499765,82613D,METAL SIGN CUPCAKE SINGLE HOOK,1,2010-03-02 13:15:00,2.51,,United Kingdom,UK
499765,84029G,KNITTED UNION FLAG HOT WATER BOTTLE,3,2010-03-02 13:15:00,7.62,,United Kingdom,UK
499765,84050,PINK HEART SHAPE EGG FRYING PAN,1,2010-03-02 13:15:00,4.21,,United Kingdom,UK
499765,84247L,FAWN AND MUSHROOM GREETING CARD,1,2010-03-02 13:15:00,0.85,,United Kingdom,UK
499765,84378,SET OF 3 HEART COOKIE CUTTERS,2,2010-03-02 13:15:00,2.51,,United Kingdom,UK
499765,84447,6 RABBIT CHAIN EASTER,1,2010-03-02 13:15:00,1.66,,United Kingdom,UK
499765,84459A,PINK METAL CHICKEN HEART,3,2010-03-02 13:15:00,3.36,,United Kingdom,UK
499765,84461,12 PINK HEN+CHICKS IN BASKET,1,2010-03-02 13:15:00,5.06,,United Kingdom,UK
499765,84482,BUTTONS DESIGN JEWELLERY BOX,1,2010-03-02 13:15:00,7.62,,United Kingdom,UK
499765,84507B,STRIPES DESIGN MONKEY DOLL,1,2010-03-02 13:15:00,5.06,,United Kingdom,UK
499765,84509F,SET OF 4 NEW ENGLAND PLACEMATS,2,2010-03-02 13:15:00,7.62,,United Kingdom,UK
499765,84510A,SET OF 4 ENGLISH ROSE COASTERS,2,2010-03-02 13:15:00,2.51,,United Kingdom,UK
499765,84580,MOUSE TOY WITH PINK T-SHIRT,2,2010-03-02 13:15:00,4.21,,United Kingdom,UK
499765,84663A,GRASS HOPPER WOODEN WALL CLOCK,1,2010-03-02 13:15:00,11.87,,United Kingdom,UK
499765,84750A,PINK SMALL GLASS CAKE STAND,1,2010-03-02 13:15:00,4.21,,United Kingdom,UK
499765,84761,IVORY HANGING BIRD PLANTER,2,2010-03-02 13:15:00,5.06,,United Kingdom,UK
499765,84762A,WHITE PICNIC BARBECUE BUCKET,1,2010-03-02 13:15:00,8.47,,United Kingdom,UK
499765,84792,ENCHANTED BIRD COATHANGER 5 HOOK,1,2010-03-02 13:15:00,9.32,,United Kingdom,UK
499765,84795D,SEASIDE STRIPE HAMMOCK,1,2010-03-02 13:15:00,16.98,,United Kingdom,UK
499765,84877B,GREEN ROUND COMPACT MIRROR,26,2010-03-02 13:15:00,3.36,,United Kingdom,UK
499765,84877D,BLUE ROUND COMPACT MIRROR,26,2010-03-02 13:15:00,3.36,,United Kingdom,UK
499765,84884A,ANT WHITE WIRE HEART SPIRAL,1,2010-03-02 13:15:00,8.47,,United Kingdom,UK
499765,84912A,PINK ROSE WASHBAG,1,2010-03-02 13:15:00,7.62,,United Kingdom,UK
499765,84913A,SOFT PINK ROSE TOWEL,1,2010-03-02 13:15:00,9.32,,United Kingdom,UK
499765,84946,ANTIQUE SILVER TEA GLASS ETCHED,2,2010-03-02 13:15:00,2.51,,United Kingdom,UK
499765,84969,ASSORTED COLOUR SET 6 TEASPOONS,1,2010-03-02 13:15:00,8.47,,United Kingdom,UK
499765,84970L,SINGLE HEART ZINC T-LIGHT HOLDER,1,2010-03-02 13:15:00,2.13,,United Kingdom,UK
499765,84970S,HANGING HEART ZINC T-LIGHT HOLDER,1,2010-03-02 13:15:00,2.13,,United Kingdom,UK
499765,84988,SET OF 72 PINK HEART PAPER DOILIES,1,2010-03-02 13:15:00,2.98,,United Kingdom,UK
499765,84991,60 TEATIME FAIRY CAKE CASES,2,2010-03-02 13:15:00,1.28,,United Kingdom,UK
499765,84992,72 SWEETHEART FAIRY CAKE CASES,2,2010-03-02 13:15:00,1.28,,United Kingdom,UK
499765,85015,SET OF 12  VINTAGE POSTCARD SET,2,2010-03-02 13:15:00,2.51,,United Kingdom,UK
499765,85016,SET OF 6 VINTAGE NOTELETS KIT,2,2010-03-02 13:15:00,2.51,,United Kingdom,UK
499765,85017A,ENVELOPE 50 ROMANTIC IMAGES,1,2010-03-02 13:15:00,0.81,,United Kingdom,UK
499765,85017B,ENVELOPE 50 BLOSSOM IMAGES,2,2010-03-02 13:15:00,0.81,,United Kingdom,UK
499765,85017C,ENVELOPE 50 CURIOUS IMAGES,1,2010-03-02 13:15:00,0.81,,United Kingdom,UK
499765,85031C,CURIOUS IMAGES SCRAP BOOK SET,2,2010-03-02 13:15:00,3.36,,United Kingdom,UK
499765,85060,WOOD FAN WITH FLOWER DESIGN,2,2010-03-02 13:15:00,2.51,,United Kingdom,UK
499765,85067,CREAM SWEETHEART WALL CABINET,1,2010-03-02 13:15:00,38.26,,United Kingdom,UK
499765,85093,CANDY SPOT EGG WARMER HARE,1,2010-03-02 13:15:00,2.51,,United Kingdom,UK
499765,85114B,IVORY ENCHANTED FOREST PLACEMAT,4,2010-03-02 13:15:00,3.36,,United Kingdom,UK
499765,85123A,WHITE HANGING HEART T-LIGHT HOLDER,3,2010-03-02 13:15:00,5.91,,United Kingdom,UK
499765,85169D,PINK LOVE BIRD CANDLE,2,2010-03-02 13:15:00,2.51,,United Kingdom,UK
499765,85170D,SET/6 PINK BIRD T-LIGHT CANDLES,1,2010-03-02 13:15:00,4.21,,United Kingdom,UK
499765,85184C,S/4 VALENTINE DECOUPAGE HEART BOX,1,2010-03-02 13:15:00,5.91,,United Kingdom,UK
499765,85184D,S/4 BLUE ROUND DECOUPAGE BOXES,1,2010-03-02 13:15:00,5.91,,United Kingdom,UK
499765,85202,HANGING WOOD AND FELT HEART,5,2010-03-02 13:15:00,0.84,,United Kingdom,UK
499765,85203,HANGING WOOD AND FELT BUTTERFLY,2,2010-03-02 13:15:00,0.84,,United Kingdom,UK
499765,85204,HANGING WOOD AND FELT FLOWER,2,2010-03-02 13:15:00,0.84,,United Kingdom,UK
499765,85211,S/4 GROOVY CAT MAGNETS,1,2010-03-02 13:15:00,3.36,,United Kingdom,UK
499765,85231G,ORANGE SCENTED SET/9 T-LIGHTS,1,2010-03-02 13:15:00,1.66,,United Kingdom,UK
499765,90010E,AMBER GLASS/SILVER BRACELET,1,2010-03-02 13:15:00,9.34,,United Kingdom,UK
499765,90040C,MURANO STYLE GLASS BRACELET GOLD,1,2010-03-02 13:15:00,3.81,,United Kingdom,UK
499765,90062,CARNIVAL BRACELET,1,2010-03-02 13:15:00,12.75,,United Kingdom,UK
499765,90081C,LILY BROOCH OLIVE COLOUR,1,2010-03-02 13:15:00,5.09,,United Kingdom,UK
499765,90134,OLD ROSE COMBO BEAD NECKLACE,1,2010-03-02 13:15:00,2.96,,United Kingdom,UK
499765,90141B,IVORY PENDANT TRIPLE SHELL NECKLACE,1,2010-03-02 13:15:00,5.09,,United Kingdom,UK
499765,90171,DAISY RING,2,2010-03-02 13:15:00,1.26,,United Kingdom,UK
499765,90201D,GREEN ENAMEL FLOWER RING,1,2010-03-02 13:15:00,2.96,,United Kingdom,UK
499765,90209C,PINK ENAMEL+GLASS HAIR COMB,2,2010-03-02 13:15:00,2.11,,United Kingdom,UK
499765,DOT,DOTCOM POSTAGE,1,2010-03-02 13:15:00,343.84,,United Kingdom,UK
499768,17108D,FLOWER FAIRY SUMMER BOUQUET SACHET,24,2010-03-02 13:20:00,0.42,13173,United Kingdom,UK
499768,20755,BLUE PAISLEY POCKET BOOK,12,2010-03-02 13:20:00,0.85,13173,United Kingdom,UK
499768,20935,ROUND CACTUS CANDLE,6,2010-03-02 13:20:00,2.95,13173,United Kingdom,UK
499768,21034,REX CASH+CARRY JUMBO SHOPPER,1,2010-03-02 13:20:00,0.95,13173,United Kingdom,UK
499768,21076,SET/20 COLLAGE PAPER NAPKIN,6,2010-03-02 13:20:00,0.85,13173,United Kingdom,UK
499768,21294,ETCHED GLASS COASTER,12,2010-03-02 13:20:00,1.25,13173,United Kingdom,UK
499768,21488,RED WHITE SCARF  HOT WATER BOTTLE,2,2010-03-02 13:20:00,3.95,13173,United Kingdom,UK
499768,21668,RED STRIPE CERAMIC DRAWER KNOB,6,2010-03-02 13:20:00,1.25,13173,United Kingdom,UK
499768,22075,6 RIBBONS ELEGANT CHRISTMAS,8,2010-03-02 13:20:00,1.65,13173,United Kingdom,UK
499768,22114,HOT WATER BOTTLE TEA AND SYMPATHY,3,2010-03-02 13:20:00,3.95,13173,United Kingdom,UK
499768,47566,PARTY BUNTING,4,2010-03-02 13:20:00,4.65,13173,United Kingdom,UK
499768,79000,MOROCCAN TEA GLASS,24,2010-03-02 13:20:00,0.85,13173,United Kingdom,UK
499768,84536A,ENGLISH ROSE NOTEBOOK A7 SIZE,32,2010-03-02 13:20:00,0.42,13173,United Kingdom,UK
499768,84706F,RED PEONY TABLE CLOCK,4,2010-03-02 13:20:00,8.95,13173,United Kingdom,UK
499768,84927A,WAKE UP COCKEREL TILE HOOK,6,2010-03-02 13:20:00,2.1,13173,United Kingdom,UK
499768,85049A,TRADITIONAL CHRISTMAS RIBBONS,8,2010-03-02 13:20:00,1.25,13173,United Kingdom,UK
499768,85049F,BABY BOOM RIBBONS,4,2010-03-02 13:20:00,1.25,13173,United Kingdom,UK
499768,85049H,URBAN BLACK RIBBONS,8,2010-03-02 13:20:00,1.25,13173,United Kingdom,UK
499768,85175,CACTI T-LIGHT CANDLES,32,2010-03-02 13:20:00,0.42,13173,United Kingdom,UK
499768,85200,BUNNY EGG BOX,8,2010-03-02 13:20:00,1.25,13173,United Kingdom,UK
499769,21332,MOROCCAN BEATEN METAL MIRROR,24,2010-03-02 13:25:00,3.95,13694,United Kingdom,UK
499769,84414B,FUSCHIA/GREEN STRIPE WOOLLY BLANKET,10,2010-03-02 13:25:00,5.95,13694,United Kingdom,UK
499769,84467,ENGLISH ROSE DESIGN QUILTED THROW,12,2010-03-02 13:25:00,12.75,13694,United Kingdom,UK
499769,84469,ROSE DES PADDED FLOOR CUSHION,26,2010-03-02 13:25:00,2.95,13694,United Kingdom,UK
499769,84601A,NEW BAROQUE IVORY CUSHION COVER,48,2010-03-02 13:25:00,1.25,13694,United Kingdom,UK
499769,84615,PINK ROUND BUTTERFLY MIRROR,40,2010-03-02 13:25:00,1.95,13694,United Kingdom,UK
499769,84616,SILVER ROCCOCO CHANDELIER,16,2010-03-02 13:25:00,12.75,13694,United Kingdom,UK
499769,84631,FRUIT TREE AND BIRDS WALL PLAQUE,36,2010-03-02 13:25:00,1.95,13694,United Kingdom,UK
499769,84637,KITCHEN FLOWER POTS WALL PLAQUE,48,2010-03-02 13:25:00,1.25,13694,United Kingdom,UK
499769,84638,SMALL KITCHEN FLOWER POTS PLAQUE,32,2010-03-02 13:25:00,1.45,13694,United Kingdom,UK
499769,84657,GREEN ROSE CUSHION COVER,24,2010-03-02 13:25:00,1.65,13694,United Kingdom,UK
499769,84663A,GRASS HOPPER WOODEN WALL CLOCK,30,2010-03-02 13:25:00,1.95,13694,United Kingdom,UK
499769,84770,ROUND GEORGIAN SILVER MIRROR,30,2010-03-02 13:25:00,2.95,13694,United Kingdom,UK
499769,84907,PINK YELLOW PATCH CUSHION COVER,24,2010-03-02 13:25:00,1.95,13694,United Kingdom,UK
499769,84908A,PINK 5 PATCH FLOWER CUSHION COVER,24,2010-03-02 13:25:00,1.95,13694,United Kingdom,UK
499769,84908B,BLUE 5 PATCH FLOWER CUSHION COVER,24,2010-03-02 13:25:00,1.95,13694,United Kingdom,UK
499769,84909A,PINK PAISLEY QUILT,8,2010-03-02 13:25:00,12.75,13694,United Kingdom,UK
499769,84918,CREAM CUSHION COVER WITH FLOWERS,48,2010-03-02 13:25:00,1.95,13694,United Kingdom,UK
499769,84919,BLUE CUSHION COVER WITH FLOWER,48,2010-03-02 13:25:00,1.95,13694,United Kingdom,UK
499770,20689,RETRO SISTERS EXPRESSO CUPS,1,2010-03-02 13:25:00,5.95,15927,United Kingdom,UK
499770,20931,BLUE POT PLANT CANDLE,1,2010-03-02 13:25:00,3.75,15927,United Kingdom,UK
499770,20932,PINK POT PLANT CANDLE,1,2010-03-02 13:25:00,3.75,15927,United Kingdom,UK
499770,20933,YELLOW POT PLANT CANDLE,1,2010-03-02 13:25:00,3.75,15927,United Kingdom,UK
499770,20934,SET/3 POT PLANT CANDLES,2,2010-03-02 13:25:00,5.45,15927,United Kingdom,UK
499770,21034,REX CASH+CARRY JUMBO SHOPPER,1,2010-03-02 13:25:00,0.95,15927,United Kingdom,UK
499770,21547,CERAMIC BIRDHOUSE CRESTED TIT SMALL,1,2010-03-02 13:25:00,2.95,15927,United Kingdom,UK
499770,21547,CERAMIC BIRDHOUSE CRESTED TIT SMALL,2,2010-03-02 13:25:00,2.95,15927,United Kingdom,UK
499770,21548,CERAMIC BIRDHOUSE FINCH BLUE ROOF,3,2010-03-02 13:25:00,2.95,15927,United Kingdom,UK
499770,21549,CERAMIC BIRDHOUSE RED ROOF SMALL,1,2010-03-02 13:25:00,2.95,15927,United Kingdom,UK
499770,21549,CERAMIC BIRDHOUSE RED ROOF SMALL,2,2010-03-02 13:25:00,2.95,15927,United Kingdom,UK
499770,21688,SILVER PLATE CANDLE BOWL SMALL,6,2010-03-02 13:25:00,2.95,15927,United Kingdom,UK
499770,85114B,IVORY ENCHANTED FOREST PLACEMAT,6,2010-03-02 13:25:00,1.65,15927,United Kingdom,UK
499770,85114C,RED ENCHANTED FOREST PLACEMAT,6,2010-03-02 13:25:00,1.65,15927,United Kingdom,UK
499770,85175,CACTI T-LIGHT CANDLES,32,2010-03-02 13:25:00,0.42,15927,United Kingdom,UK
499771,16054,POPART RECT PENCIL SHARPENER ASST,1,2010-03-02 13:28:00,0.42,18283,United Kingdom,UK
499771,20727,LUNCH BAG  BLACK SKULL.,1,2010-03-02 13:28:00,1.65,18283,United Kingdom,UK
499771,21042,RED SPOTTY APRON,1,2010-03-02 13:28:00,5.95,18283,United Kingdom,UK
499771,21080,SET/20 RED SPOTTY PAPER NAPKINS,2,2010-03-02 13:28:00,0.85,18283,United Kingdom,UK
499771,21155,RED SPOTTY PEG BAG,1,2010-03-02 13:28:00,2.1,18283,United Kingdom,UK
499771,21175,GIN + TONIC DIET METAL SIGN,1,2010-03-02 13:28:00,2.1,18283,United Kingdom,UK
499771,21181,PLEASE ONE PERSON METAL SIGN,1,2010-03-02 13:28:00,2.1,18283,United Kingdom,UK
499771,21212,PACK OF 72 RETRO SPOT CAKE CASES,1,2010-03-02 13:28:00,0.55,18283,United Kingdom,UK
499771,21213,PACK OF 72 SKULL CAKE CASES,1,2010-03-02 13:28:00,0.55,18283,United Kingdom,UK
499771,21217,RED SPOTTY ROUND CAKE TINS,1,2010-03-02 13:28:00,9.95,18283,United Kingdom,UK
499771,21531,RETRO SPOT SUGAR JAM BOWL,1,2010-03-02 13:28:00,2.55,18283,United Kingdom,UK
499771,21535,RETRO SPOT SMALL MILK JUG,1,2010-03-02 13:28:00,2.55,18283,United Kingdom,UK
499771,21843,RETRO SPOT CAKE STAND,2,2010-03-02 13:28:00,10.95,18283,United Kingdom,UK
499771,21977,PACK OF 60 PINK PAISLEY CAKE CASES,1,2010-03-02 13:28:00,0.55,18283,United Kingdom,UK
499771,22327,ROUND SNACK BOXES SET OF 4 SKULLS,1,2010-03-02 13:28:00,2.95,18283,United Kingdom,UK
499771,22367,CHILDS APRON SPACEBOY DESIGN,1,2010-03-02 13:28:00,1.95,18283,United Kingdom,UK
499771,22417,PACK OF 60 SPACEBOY CAKE CASES,1,2010-03-02 13:28:00,0.55,18283,United Kingdom,UK
499771,37503,TEA TIME CAKE STAND IN GIFT BOX,1,2010-03-02 13:28:00,10.75,18283,United Kingdom,UK
499771,47567B,TEA TIME KITCHEN APRON,2,2010-03-02 13:28:00,5.95,18283,United Kingdom,UK
499771,84520B,PACK 20 ENGLISH ROSE PAPER NAPKINS,1,2010-03-02 13:28:00,0.85,18283,United Kingdom,UK
499771,84969,ASSORTED COLOUR SET 6 TEASPOONS,1,2010-03-02 13:28:00,4.25,18283,United Kingdom,UK
499771,84991,60 TEATIME FAIRY CAKE CASES,1,2010-03-02 13:28:00,0.55,18283,United Kingdom,UK
499771,84997C,BLUE 3 PIECE MINI DOTS CUTLERY SET,2,2010-03-02 13:28:00,3.75,18283,United Kingdom,UK
499771,85123A,WHITE HANGING HEART T-LIGHT HOLDER,1,2010-03-02 13:28:00,2.95,18283,United Kingdom,UK
499772,16216,LETTER SHAPE PENCIL SHARPENER,3,2010-03-02 13:36:00,0.16,16960,United Kingdom,UK
499772,20674,GREEN SPOTTY BOWL,1,2010-03-02 13:36:00,1.25,16960,United Kingdom,UK
499772,20675,BLUE SPOTTY BOWL,1,2010-03-02 13:36:00,1.25,16960,United Kingdom,UK
499772,20676,RED SPOTTY BOWL,1,2010-03-02 13:36:00,1.25,16960,United Kingdom,UK
499772,20677,PINK SPOTTY BOWL,1,2010-03-02 13:36:00,1.25,16960,United Kingdom,UK
499772,20726,LUNCH BAG WOODLAND,4,2010-03-02 13:36:00,1.65,16960,United Kingdom,UK
499772,20728,LUNCH BAG CARS BLUE,4,2010-03-02 13:36:00,1.65,16960,United Kingdom,UK
499772,20733,GOLD MINI TAPE MEASURE,3,2010-03-02 13:36:00,0.85,16960,United Kingdom,UK
499772,20734,SILVER MINI TAPE MEASURE,3,2010-03-02 13:36:00,0.85,16960,United Kingdom,UK
499772,20749,ASSORTED COLOUR MINI CASES,2,2010-03-02 13:36:00,7.95,16960,United Kingdom,UK
499772,20750,RED/WHITE DOT MINI CASES,1,2010-03-02 13:36:00,7.95,16960,United Kingdom,UK
499772,20773,BLUE PAISLEY NOTEBOOK,1,2010-03-02 13:36:00,1.65,16960,United Kingdom,UK
499772,20914,SET/5 RED SPOTTY LID GLASS BOWLS,1,2010-03-02 13:36:00,2.95,16960,United Kingdom,UK
499772,20974,12 PENCILS SMALL TUBE SKULL,3,2010-03-02 13:36:00,0.65,16960,United Kingdom,UK
499772,20975,12 PENCILS SMALL TUBE RED SPOTTY,1,2010-03-02 13:36:00,0.65,16960,United Kingdom,UK
499772,20976,12 PENCILS SMALL TUBE POSY,1,2010-03-02 13:36:00,0.65,16960,United Kingdom,UK
499772,20981,12 PENCILS TALL TUBE WOODLAND,4,2010-03-02 13:36:00,0.85,16960,United Kingdom,UK
499772,21058,PARTY INVITES WOODLAND,2,2010-03-02 13:36:00,0.85,16960,United Kingdom,UK
499772,21059,PARTY INVITES DINOSAURS,2,2010-03-02 13:36:00,0.85,16960,United Kingdom,UK
499772,21077,SET/20 WOODLAND PAPER NAPKINS,5,2010-03-02 13:36:00,0.85,16960,United Kingdom,UK
499772,21085,SET/6 WOODLAND PAPER CUPS,5,2010-03-02 13:36:00,0.65,16960,United Kingdom,UK
499772,21091,SET/6 WOODLAND PAPER PLATES,5,2010-03-02 13:36:00,0.85,16960,United Kingdom,UK
499772,21122,SET/10 PINK SPOTTY PARTY CANDLES,2,2010-03-02 13:36:00,1.25,16960,United Kingdom,UK
499772,21124,SET/10 BLUE SPOTTY PARTY CANDLES,2,2010-03-02 13:36:00,1.25,16960,United Kingdom,UK
499772,21204,DAISIES  HONEYCOMB GARLAND,2,2010-03-02 13:36:00,1.65,16960,United Kingdom,UK
499772,21206,STRAWBERRY HONEYCOMB  GARLAND,1,2010-03-02 13:36:00,1.65,16960,United Kingdom,UK
499772,21239,PINK  SPOTTY CUP,2,2010-03-02 13:36:00,0.85,16960,United Kingdom,UK
499772,21241,GREEN SPOTTY CUP,2,2010-03-02 13:36:00,0.85,16960,United Kingdom,UK
499772,21383,PACK OF 12 STICKY BUNNIES,2,2010-03-02 13:36:00,0.65,16960,United Kingdom,UK
499772,21410,COUNTRY COTTAGE  DOORSTOP GREEN,1,2010-03-02 13:36:00,4.25,16960,United Kingdom,UK
499772,21431,GREEN GINGHAM FLOWER JEWELLERY BOX,2,2010-03-02 13:36:00,1.65,16960,United Kingdom,UK
499772,21454,PAINTED PINK RABBIT,6,2010-03-02 13:36:00,0.85,16960,United Kingdom,UK
499772,21455,PAINTED YELLOW WOODEN DAISY,2,2010-03-02 13:36:00,0.85,16960,United Kingdom,UK
499772,21497,FANCY FONTS BIRTHDAY WRAP,25,2010-03-02 13:36:00,0.42,16960,United Kingdom,UK
499772,21506,"FANCY FONT BIRTHDAY CARD,",12,2010-03-02 13:36:00,0.42,16960,United Kingdom,UK
499772,21507,"ELEPHANT, BIRTHDAY CARD,",12,2010-03-02 13:36:00,0.42,16960,United Kingdom,UK
499772,21541,DINOSAURS WATER TRANSFER TATTOOS,4,2010-03-02 13:36:00,0.85,16960,United Kingdom,UK
499772,21542,WOODLAND WATER TRANSFER TATTOOS,4,2010-03-02 13:36:00,0.85,16960,United Kingdom,UK
499772,21559,STRAWBERRY LUNCHBOX WITH CUTLERY,2,2010-03-02 13:36:00,2.55,16960,United Kingdom,UK
499772,21561,DINOSAUR LUNCHBOX WITH CUTLERY,2,2010-03-02 13:36:00,2.55,16960,United Kingdom,UK
499772,21742,LARGE ROUND WICKER PLATTER,1,2010-03-02 13:36:00,5.95,16960,United Kingdom,UK
499772,21790,VINTAGE SNAP CARDS,2,2010-03-02 13:36:00,0.85,16960,United Kingdom,UK
499772,21796,SET OF 3 RED STRIPE BASKETS,1,2010-03-02 13:36:00,12.75,16960,United Kingdom,UK
499772,21832,CHOCOLATE CALCULATOR,5,2010-03-02 13:36:00,1.65,16960,United Kingdom,UK
499772,21918,SET 12 KIDS COLOUR  CHALK STICKS,2,2010-03-02 13:36:00,0.42,16960,United Kingdom,UK
499772,21932,SCANDINAVIAN PAISLEY PICNIC BAG,1,2010-03-02 13:36:00,2.95,16960,United Kingdom,UK
499772,21933,PINK VINTAGE PAISLEY PICNIC BAG,1,2010-03-02 13:36:00,2.95,16960,United Kingdom,UK
499772,21947,SET OF 6 HEART CHOPSTICKS,2,2010-03-02 13:36:00,1.25,16960,United Kingdom,UK
499772,21949,SET OF 6 STRAWBERRY CHOPSTICKS,2,2010-03-02 13:36:00,1.25,16960,United Kingdom,UK
499772,21972,SET OF 36 DINOSAUR PAPER DOILIES,4,2010-03-02 13:36:00,1.45,16960,United Kingdom,UK
499772,21973,SET OF 36 MUSHROOM PAPER DOILIES,1,2010-03-02 13:36:00,1.45,16960,United Kingdom,UK
499772,21975,PACK OF 60 DINOSAUR CAKE CASES,4,2010-03-02 13:36:00,0.55,16960,United Kingdom,UK
499772,21976,PACK OF 60 MUSHROOM CAKE CASES,1,2010-03-02 13:36:00,0.55,16960,United Kingdom,UK
499772,21981,PACK OF 12 WOODLAND TISSUES,3,2010-03-02 13:36:00,0.29,16960,United Kingdom,UK
499772,21983,PACK OF 12 BLUE PAISLEY TISSUES,2,2010-03-02 13:36:00,0.29,16960,United Kingdom,UK
499772,21984,PACK OF 12 PINK PAISLEY TISSUES,2,2010-03-02 13:36:00,0.29,16960,United Kingdom,UK
499772,21986,PACK OF 12 PINK SPOT TISSUES,2,2010-03-02 13:36:00,0.29,16960,United Kingdom,UK
499772,22027,TEA PARTY BIRTHDAY CARD,12,2010-03-02 13:36:00,0.42,16960,United Kingdom,UK
499772,22036,DINOSAUR BIRTHDAY CARD,12,2010-03-02 13:36:00,0.42,16960,United Kingdom,UK
499772,22051,BLUE SCANDINAVIAN PAISLEY WRAP,25,2010-03-02 13:36:00,0.42,16960,United Kingdom,UK
499772,22133,PINK LOVE HEART SHAPE CUP,2,2010-03-02 13:36:00,0.85,16960,United Kingdom,UK
499772,22134,LADLE LOVE HEART RED,5,2010-03-02 13:36:00,0.42,16960,United Kingdom,UK
499772,22135,LADLE LOVE HEART PINK,5,2010-03-02 13:36:00,0.42,16960,United Kingdom,UK
499772,22138,BAKING SET 9 PIECE RETROSPOT,1,2010-03-02 13:36:00,4.95,16960,United Kingdom,UK
499772,22148,EASTER CRAFT 4 CHICKS,1,2010-03-02 13:36:00,1.95,16960,United Kingdom,UK
499772,22149,FELTCRAFT 6 FLOWER FRIENDS,2,2010-03-02 13:36:00,2.1,16960,United Kingdom,UK
499772,22150,3 STRIPEY MICE FELTCRAFT,1,2010-03-02 13:36:00,1.95,16960,United Kingdom,UK
499772,22195,LARGE HEART MEASURING SPOONS,2,2010-03-02 13:36:00,1.65,16960,United Kingdom,UK
499772,22196,SMALL HEART MEASURING SPOONS,4,2010-03-02 13:36:00,0.85,16960,United Kingdom,UK
499772,22262,FELT EGG COSY CHICKEN,4,2010-03-02 13:36:00,0.85,16960,United Kingdom,UK
499772,22271,FELTCRAFT DOLL ROSIE,2,2010-03-02 13:36:00,2.95,16960,United Kingdom,UK
499772,22276,WASH BAG VINTAGE ROSE PAISLEY,3,2010-03-02 13:36:00,2.55,16960,United Kingdom,UK
499772,22317,FIVE CATS HANGING DECORATION,1,2010-03-02 13:36:00,2.95,16960,United Kingdom,UK
499772,22318,FIVE HEART HANGING DECORATION,1,2010-03-02 13:36:00,2.95,16960,United Kingdom,UK
499772,22326,ROUND SNACK BOXES SET OF4 WOODLAND,4,2010-03-02 13:36:00,2.95,16960,United Kingdom,UK
499772,22328,ROUND SNACK BOXES SET OF 4 FRUITS,2,2010-03-02 13:36:00,2.95,16960,United Kingdom,UK
499772,22331,WOODLAND PARTY BAG + STICKER SET,5,2010-03-02 13:36:00,1.65,16960,United Kingdom,UK
499772,22334,DINOSAUR PARTY BAG + STICKER SET,5,2010-03-02 13:36:00,1.65,16960,United Kingdom,UK
499772,22367,CHILDS APRON SPACEBOY DESIGN,3,2010-03-02 13:36:00,1.95,16960,United Kingdom,UK
499772,22382,LUNCH BAG SPACEBOY DESIGN,4,2010-03-02 13:36:00,1.65,16960,United Kingdom,UK
499772,22383,LUNCH BAG SUKI  DESIGN,3,2010-03-02 13:36:00,1.65,16960,United Kingdom,UK
499772,22384,LUNCH BAG PINK RETROSPOT,2,2010-03-02 13:36:00,1.65,16960,United Kingdom,UK
499772,22412,METAL SIGN NEIGHBOURHOOD WITCH,1,2010-03-02 13:36:00,2.1,16960,United Kingdom,UK
499772,22416,36 DOILIES SPACEBOY DESIGN,1,2010-03-02 13:36:00,1.45,16960,United Kingdom,UK
499772,22417,PACK OF 60 SPACEBOY CAKE CASES,2,2010-03-02 13:36:00,0.55,16960,United Kingdom,UK
499772,22498,WOODEN REGATTA BUNTING,2,2010-03-02 13:36:00,5.95,16960,United Kingdom,UK
499772,47505,MINATURE COLOURED GARDENING SET,1,2010-03-02 13:36:00,4.95,16960,United Kingdom,UK
499772,47556B,TEA TIME TEA TOWELS,2,2010-03-02 13:36:00,2.95,16960,United Kingdom,UK
499772,47559B,TEA TIME OVEN GLOVE,3,2010-03-02 13:36:00,1.25,16960,United Kingdom,UK
499772,47568,ENGLISH ROSE DESIGN PEG BAG,2,2010-03-02 13:36:00,2.1,16960,United Kingdom,UK
499772,47591B,SCOTTIES DES CHILD'S APRON,4,2010-03-02 13:36:00,1.65,16960,United Kingdom,UK
499772,47591D,PINK FAIRY CAKE CHILD'S APRON,3,2010-03-02 13:36:00,1.95,16960,United Kingdom,UK
499772,47592B,SCOTTIES DESIGN CHILD'S OVERALL,2,2010-03-02 13:36:00,2.1,16960,United Kingdom,UK
499772,51014L,"FEATHER PEN,LIGHT PINK",1,2010-03-02 13:36:00,0.85,16960,United Kingdom,UK
499772,82582,AREA PATROLLED METAL SIGN,1,2010-03-02 13:36:00,2.1,16960,United Kingdom,UK
499772,84219,BOX/12 MOTHER & CHICK IN BASKET/BOW,1,2010-03-02 13:36:00,2.55,16960,United Kingdom,UK
499772,84270,ASSTD DESIGN BUBBLE GUM RING,30,2010-03-02 13:36:00,0.21,16960,United Kingdom,UK
499772,84380,SET OF 3 BUTTERFLY COOKIE CUTTERS,1,2010-03-02 13:36:00,1.25,16960,United Kingdom,UK
499772,84456,SET OF 3 RABBIT EGG EASTER,2,2010-03-02 13:36:00,0.85,16960,United Kingdom,UK
499772,84458,S/3 RABBIT FLOWER/EGG/CARROT ROPE,1,2010-03-02 13:36:00,0.85,16960,United Kingdom,UK
499772,84569A,PACK 3 IRON ON DOG PATCHES,3,2010-03-02 13:36:00,1.25,16960,United Kingdom,UK
499772,84569B,PACK 3 FIRE ENGINE/CAR PATCHES,3,2010-03-02 13:36:00,1.25,16960,United Kingdom,UK
499772,84670,JAPANESE CROCHETED ANIMAL,12,2010-03-02 13:36:00,0.42,16960,United Kingdom,UK
499772,84987,SET OF 36 TEATIME PAPER DOILIES,1,2010-03-02 13:36:00,1.45,16960,United Kingdom,UK
499772,84991,60 TEATIME FAIRY CAKE CASES,1,2010-03-02 13:36:00,0.55,16960,United Kingdom,UK
499772,84997A,GREEN 3 PIECE MINI DOTS CUTLERY SET,1,2010-03-02 13:36:00,3.75,16960,United Kingdom,UK
499772,84997B,RED 3 PIECE MINI DOTS CUTLERY SET,1,2010-03-02 13:36:00,3.75,16960,United Kingdom,UK
499772,85017A,ENVELOPE 50 ROMANTIC IMAGES,1,2010-03-02 13:36:00,0.85,16960,United Kingdom,UK
499772,85040B,SET/4 BLUE FLOWER CANDLES IN BOWL,1,2010-03-02 13:36:00,1.65,16960,United Kingdom,UK
499772,85114B,IVORY ENCHANTED FOREST PLACEMAT,8,2010-03-02 13:36:00,1.65,16960,United Kingdom,UK
499772,85124B,BLUE JUICY FRUIT PHOTO FRAME,3,2010-03-02 13:36:00,2.55,16960,United Kingdom,UK
499772,85150,LADIES & GENTLEMEN METAL SIGN,1,2010-03-02 13:36:00,2.55,16960,United Kingdom,UK
499772,85214,TUB 24 PINK FLOWER PEGS,2,2010-03-02 13:36:00,1.65,16960,United Kingdom,UK
499772,85226A,WHITE/BLUE PULL BACK RACING CAR,3,2010-03-02 13:36:00,0.55,16960,United Kingdom,UK
499772,85226C,BLUE PULL BACK RACING CAR,3,2010-03-02 13:36:00,0.55,16960,United Kingdom,UK
499772,85227,SET OF 6 3D KIT CARDS FOR KIDS,5,2010-03-02 13:36:00,0.85,16960,United Kingdom,UK
499773,21212,PACK OF 72 RETRO SPOT CAKE CASES,24,2010-03-02 13:39:00,0.55,16954,United Kingdom,UK
499773,21731,RED TOADSTOOL LED NIGHT LIGHT,12,2010-03-02 13:39:00,1.65,16954,United Kingdom,UK
499773,22131,FOOD CONTAINER SET 3 LOVE HEART,24,2010-03-02 13:39:00,1.95,16954,United Kingdom,UK
499773,22195,LARGE HEART MEASURING SPOONS,12,2010-03-02 13:39:00,1.65,16954,United Kingdom,UK
499773,22196,SMALL HEART MEASURING SPOONS,12,2010-03-02 13:39:00,0.85,16954,United Kingdom,UK
499773,22236,CAKE STAND 3 TIER MAGIC GARDEN,12,2010-03-02 13:39:00,10.95,16954,United Kingdom,UK
499773,22326,ROUND SNACK BOXES SET OF4 WOODLAND,24,2010-03-02 13:39:00,2.95,16954,United Kingdom,UK
499775,17003,BROCADE RING PURSE,108,2010-03-02 13:50:00,0.21,17011,United Kingdom,UK
499775,85221,ASSORTED COLOUR SILK COIN PURSE,120,2010-03-02 13:50:00,0.38,17011,United Kingdom,UK
499777,16169P,WRAP GREEN RUSSIAN FOLKART,25,2010-03-02 14:01:00,0.42,12525,France,Europe
499777,20712,JUMBO BAG WOODLAND ANIMALS,10,2010-03-02 14:01:00,1.95,12525,France,Europe
499777,20724,RED SPOTTY CHARLOTTE BAG,10,2010-03-02 14:01:00,0.85,12525,France,Europe
499777,20726,LUNCH BAG WOODLAND,10,2010-03-02 14:01:00,1.65,12525,France,Europe
499777,20914,SET/5 RED SPOTTY LID GLASS BOWLS,6,2010-03-02 14:01:00,2.95,12525,France,Europe
499777,20981,12 PENCILS TALL TUBE WOODLAND,12,2010-03-02 14:01:00,0.85,12525,France,Europe
499777,21035,SET/2 RED SPOTTY TEA TOWELS,6,2010-03-02 14:01:00,2.95,12525,France,Europe
499777,21218,RED SPOTTY BISCUIT TIN,6,2010-03-02 14:01:00,3.75,12525,France,Europe
499777,21265,PINK GOOSE FEATHER TREE 60CM,1,2010-03-02 14:01:00,9.95,12525,France,Europe
499777,21429,RED GINGHAM ROSE JEWELLERY BOX,8,2010-03-02 14:01:00,1.65,12525,France,Europe
499777,21432,SET OF 3 CASES WOODLAND DESIGN,2,2010-03-02 14:01:00,5.95,12525,France,Europe
499777,21498,RED SPOTS  WRAP,25,2010-03-02 14:01:00,0.42,12525,France,Europe
499777,21578,WOODLAND DESIGN  COTTON TOTE BAG,6,2010-03-02 14:01:00,2.25,12525,France,Europe
499777,21668,RED STRIPE CERAMIC DRAWER KNOB,12,2010-03-02 14:01:00,1.25,12525,France,Europe
499777,21672,WHITE SPOT RED CERAMIC DRAWER KNOB,12,2010-03-02 14:01:00,1.25,12525,France,Europe
499777,21770,OPEN CLOSED METAL SIGN,2,2010-03-02 14:01:00,4.95,12525,France,Europe
499777,21844,RETRO SPOT MUG,12,2010-03-02 14:01:00,2.95,12525,France,Europe
499777,21875,KINGS CHOICE MUG,12,2010-03-02 14:01:00,1.25,12525,France,Europe
499777,21936,RED/WHITE SPOT PICNIC BAG,5,2010-03-02 14:01:00,2.95,12525,France,Europe
499777,22180,RETRO SPOT LAMP,2,2010-03-02 14:01:00,9.95,12525,France,Europe
499777,22326,ROUND SNACK BOXES SET OF4 WOODLAND,6,2010-03-02 14:01:00,2.95,12525,France,Europe
499777,22352,LUNCHBOX WITH CUTLERY RETROSPOT,6,2010-03-02 14:01:00,2.55,12525,France,Europe
499777,22356,"CHARLOTTE BAG , PINK/WHITE SPOTS",10,2010-03-02 14:01:00,0.85,12525,France,Europe
499777,22358,KINGS CHOICE TEA CADDY,6,2010-03-02 14:01:00,2.95,12525,France,Europe
499777,22378,WALL TIDY RETROSPOT,5,2010-03-02 14:01:00,2.1,12525,France,Europe
499777,22379,RECYCLING BAG RETROSPOT,5,2010-03-02 14:01:00,2.1,12525,France,Europe
499777,22381,TOY TIDY PINK RETROSPOT,5,2010-03-02 14:01:00,2.1,12525,France,Europe
499777,22384,LUNCH BAG PINK RETROSPOT,10,2010-03-02 14:01:00,1.65,12525,France,Europe
499777,22386,JUMBO BAG PINK WITH WHITE SPOTS,10,2010-03-02 14:01:00,1.95,12525,France,Europe
499777,22413,METAL SIGN TAKE IT OR LEAVE IT,6,2010-03-02 14:01:00,2.95,12525,France,Europe
499777,44091C,MULTICOLOUR CRUSOE CHECK LAMPSHADE,24,2010-03-02 14:01:00,0.42,12525,France,Europe
499777,85232B,SET/3 RUSSIAN DOLL STACKING TINS,3,2010-03-02 14:01:00,4.95,12525,France,Europe
499777,POST,POSTAGE,5,2010-03-02 14:01:00,18.0,12525,France,Europe
499778,20972,PINK CREAM FELT CRAFT TRINKET BOX,12,2010-03-02 14:03:00,1.25,16177,United Kingdom,UK
499778,21108,FAIRY CAKE FLANNEL ASSORTED COLOUR,9,2010-03-02 14:03:00,2.55,16177,United Kingdom,UK
499778,21165,BEWARE OF THE CAT METAL SIGN,12,2010-03-02 14:03:00,1.69,16177,United Kingdom,UK
499778,21232,STRAWBERRY CERAMIC TRINKET BOX,12,2010-03-02 14:03:00,1.25,16177,United Kingdom,UK
499778,21754,HOME BUILDING BLOCK WORD,6,2010-03-02 14:03:00,5.95,16177,United Kingdom,UK
499778,21755,LOVE BUILDING BLOCK WORD,3,2010-03-02 14:03:00,5.95,16177,United Kingdom,UK
499778,21843,RETRO SPOT CAKE STAND,1,2010-03-02 14:03:00,10.95,16177,United Kingdom,UK
499778,22067,CHOC TRUFFLE GOLD TRINKET POT,12,2010-03-02 14:03:00,1.65,16177,United Kingdom,UK
499778,22212,FOUR HOOK  WHITE LOVEBIRDS,6,2010-03-02 14:03:00,2.1,16177,United Kingdom,UK
499778,22283,6 EGG HOUSE PAINTED WOOD,2,2010-03-02 14:03:00,7.95,16177,United Kingdom,UK
499778,22285,"DECORATION HEN ON NEST, HANGING",12,2010-03-02 14:03:00,1.65,16177,United Kingdom,UK
499778,22498,WOODEN REGATTA BUNTING,3,2010-03-02 14:03:00,5.95,16177,United Kingdom,UK
499778,22499,WOODEN UNION JACK BUNTING,3,2010-03-02 14:03:00,5.95,16177,United Kingdom,UK
499778,72741,GRAND CHOCOLATECANDLE,18,2010-03-02 14:03:00,1.45,16177,United Kingdom,UK
499778,82578,KITCHEN METAL SIGN,12,2010-03-02 14:03:00,0.55,16177,United Kingdom,UK
499778,82580,BATHROOM METAL SIGN,12,2010-03-02 14:03:00,0.55,16177,United Kingdom,UK
499778,84534B,FAIRY CAKE NOTEBOOK A5 SIZE,12,2010-03-02 14:03:00,0.85,16177,United Kingdom,UK
499778,85066,CREAM SWEETHEART MINI CHEST,2,2010-03-02 14:03:00,12.75,16177,United Kingdom,UK
499778,85152,HAND OVER THE CHOCOLATE   SIGN,12,2010-03-02 14:03:00,2.1,16177,United Kingdom,UK
499779,20840,FRENCH FLORAL CUSHION COVER,12,2010-03-02 14:12:00,0.85,16103,United Kingdom,UK
499779,21298,EDWARDIAN 2 DRAWER WALL CABINET,4,2010-03-02 14:12:00,12.75,16103,United Kingdom,UK
499779,21300,ANTIQUE EDWARDIAN DRESSER,4,2010-03-02 14:12:00,12.75,16103,United Kingdom,UK
499779,21304,ARCHED GREY MIRROR,6,2010-03-02 14:12:00,4.95,16103,United Kingdom,UK
499779,22189,CREAM HEART CARD HOLDER,12,2010-03-02 14:12:00,3.95,16103,United Kingdom,UK
499779,22415,WHITE TISSUE REAM,2,2010-03-02 14:12:00,7.95,16103,United Kingdom,UK
499779,46000M,POLYESTER FILLER PAD 45x45cm,12,2010-03-02 14:12:00,1.55,16103,United Kingdom,UK
499779,84658,WHITE STITCHED CUSHION COVER,12,2010-03-02 14:12:00,1.65,16103,United Kingdom,UK
499779,84770,ROUND GEORGIAN SILVER MIRROR,6,2010-03-02 14:12:00,2.95,16103,United Kingdom,UK
499779,84946,ANTIQUE SILVER TEA GLASS ETCHED,12,2010-03-02 14:12:00,1.25,16103,United Kingdom,UK
499779,85123A,WHITE HANGING HEART T-LIGHT HOLDER,12,2010-03-02 14:12:00,2.95,16103,United Kingdom,UK
499780,20685,DOOR MAT RED SPOT,2,2010-03-02 14:19:00,7.49,12809,Portugal,Europe
499780,20702,PINK PADDED MOBILE,3,2010-03-02 14:19:00,4.25,12809,Portugal,Europe
499780,20703,BLUE PADDED SOFT MOBILE,3,2010-03-02 14:19:00,4.25,12809,Portugal,Europe
499780,20750,RED/WHITE DOT MINI CASES,2,2010-03-02 14:19:00,7.95,12809,Portugal,Europe
499780,21000,ROSE DU SUD COSMETICS BAG,6,2010-03-02 14:19:00,4.25,12809,Portugal,Europe
499780,21001,ROSE DU SUD WASHBAG,3,2010-03-02 14:19:00,5.95,12809,Portugal,Europe
499780,21002,ROSE DU SUD DRAWSTRING BAG,6,2010-03-02 14:19:00,4.25,12809,Portugal,Europe
499780,21054,NURSE'S BAG SOFT TOY,1,2010-03-02 14:19:00,8.95,12809,Portugal,Europe
499780,21055,TOOL BOX SOFT TOY,1,2010-03-02 14:19:00,8.95,12809,Portugal,Europe
499780,21115,ROSE CARAVAN DOORSTOP,2,2010-03-02 14:19:00,6.75,12809,Portugal,Europe
499780,21157,RED SPOTTY WASHBAG,6,2010-03-02 14:19:00,2.1,12809,Portugal,Europe
499780,21210,SET OF 72 RETRO SPOT PAPER  DOILIES,12,2010-03-02 14:19:00,1.45,12809,Portugal,Europe
499780,21212,PACK OF 72 RETRO SPOT CAKE CASES,24,2010-03-02 14:19:00,0.55,12809,Portugal,Europe
499780,21217,RED SPOTTY ROUND CAKE TINS,2,2010-03-02 14:19:00,9.95,12809,Portugal,Europe
499780,21218,RED SPOTTY BISCUIT TIN,6,2010-03-02 14:19:00,3.75,12809,Portugal,Europe
499780,21432,SET OF 3 CASES WOODLAND DESIGN,2,2010-03-02 14:19:00,5.95,12809,Portugal,Europe
499780,21529,RETRO SPOT CERAMIC TOASTRACK,6,2010-03-02 14:19:00,3.45,12809,Portugal,Europe
499780,21531,RETRO SPOT SUGAR JAM BOWL,6,2010-03-02 14:19:00,2.55,12809,Portugal,Europe
499780,21577,SAVE THE PLANET COTTON TOTE BAG,6,2010-03-02 14:19:00,2.25,12809,Portugal,Europe
499780,21578,WOODLAND DESIGN  COTTON TOTE BAG,6,2010-03-02 14:19:00,2.25,12809,Portugal,Europe
499780,21579,LOLITA  DESIGN  COTTON TOTE BAG,6,2010-03-02 14:19:00,2.25,12809,Portugal,Europe
499780,21580,RABBIT  DESIGN  COTTON TOTE BAG,6,2010-03-02 14:19:00,2.25,12809,Portugal,Europe
499780,22073,RETRO SPOT STORAGE JAR,4,2010-03-02 14:19:00,3.75,12809,Portugal,Europe
499780,22138,BAKING SET 9 PIECE RETROSPOT,3,2010-03-02 14:19:00,4.95,12809,Portugal,Europe
499780,22320,BIRDS MOBILE VINTAGE DESIGN,3,2010-03-02 14:19:00,5.95,12809,Portugal,Europe
499780,22323,PINK POLKADOT KIDS BAG,3,2010-03-02 14:19:00,4.95,12809,Portugal,Europe
499780,22494,EMERGENCY FIRST AID TIN,12,2010-03-02 14:19:00,1.25,12809,Portugal,Europe
499780,84086C,PINK/PURPLE RETRO RADIO,6,2010-03-02 14:19:00,2.95,12809,Portugal,Europe
499780,84592,CROCHET ROSE PURSE WITH SUEDE BACK,6,2010-03-02 14:19:00,2.95,12809,Portugal,Europe
499780,84932A,SMALL GREEN PEONY FOLDING STOOL,8,2010-03-02 14:19:00,1.95,12809,Portugal,Europe
499780,84932C,SMALL ORIENTAL BLUE FOLDING STOOL,8,2010-03-02 14:19:00,1.95,12809,Portugal,Europe
499780,84932D,SMALL ORIENTAL RED FOLDING STOOL,8,2010-03-02 14:19:00,1.95,12809,Portugal,Europe
499780,85017A,ENVELOPE 50 ROMANTIC IMAGES,12,2010-03-02 14:19:00,0.85,12809,Portugal,Europe
499780,POST,POSTAGE,1,2010-03-02 14:19:00,119.6,12809,Portugal,Europe
499781,15056N,EDWARDIAN PARASOL NATURAL,3,2010-03-02 14:23:00,5.95,13327,United Kingdom,UK
499781,20679,EDWARDIAN PARASOL RED,3,2010-03-02 14:23:00,5.95,13327,United Kingdom,UK
499781,21175,GIN + TONIC DIET METAL SIGN,12,2010-03-02 14:23:00,2.1,13327,United Kingdom,UK
499781,21181,PLEASE ONE PERSON METAL SIGN,12,2010-03-02 14:23:00,2.1,13327,United Kingdom,UK
499781,21204,DAISIES  HONEYCOMB GARLAND,12,2010-03-02 14:23:00,1.65,13327,United Kingdom,UK
499781,21383,PACK OF 12 STICKY BUNNIES,12,2010-03-02 14:23:00,0.65,13327,United Kingdom,UK
499781,21437,24 HANGING EASTER EGGS FLORAL TUB,4,2010-03-02 14:23:00,3.75,13327,United Kingdom,UK
499781,21448,12 DAISY PEGS IN WOOD BOX,12,2010-03-02 14:23:00,1.65,13327,United Kingdom,UK
499781,21459,YELLOW EASTER EGG HUNT START POST,6,2010-03-02 14:23:00,1.95,13327,United Kingdom,UK
499781,21931,JUMBO STORAGE BAG SUKI,20,2010-03-02 14:23:00,1.95,13327,United Kingdom,UK
499781,22021,BLUE FELT EASTER EGG BASKET,6,2010-03-02 14:23:00,1.65,13327,United Kingdom,UK
499781,22197,SMALL POPCORN HOLDER,24,2010-03-02 14:23:00,0.85,13327,United Kingdom,UK
499781,22241,GARLAND WOODEN HAPPY EASTER,12,2010-03-02 14:23:00,1.25,13327,United Kingdom,UK
499781,22380,TOY TIDY SPACEBOY,10,2010-03-02 14:23:00,2.1,13327,United Kingdom,UK
499781,22381,TOY TIDY PINK RETROSPOT,10,2010-03-02 14:23:00,2.1,13327,United Kingdom,UK
499781,22411,JUMBO SHOPPER VINTAGE RED PAISLEY,20,2010-03-02 14:23:00,1.95,13327,United Kingdom,UK
499781,22432,WATERING CAN PINK BUNNY,6,2010-03-02 14:23:00,1.95,13327,United Kingdom,UK
499781,79320,FLAMINGO LIGHTS,4,2010-03-02 14:23:00,4.95,13327,United Kingdom,UK
499781,79323LP,LIGHT PINK CHERRY LIGHTS,4,2010-03-02 14:23:00,6.75,13327,United Kingdom,UK
499781,79323P,PINK CHERRY LIGHTS,4,2010-03-02 14:23:00,6.75,13327,United Kingdom,UK
499781,79323W,WHITE CHERRY LIGHTS,4,2010-03-02 14:23:00,6.75,13327,United Kingdom,UK
499781,82552,WASHROOM METAL SIGN,12,2010-03-02 14:23:00,1.25,13327,United Kingdom,UK
499781,82583,HOT BATHS METAL SIGN,12,2010-03-02 14:23:00,2.1,13327,United Kingdom,UK
499781,84454,WOBBLING METAL CHICKEN EASTER,12,2010-03-02 14:23:00,0.85,13327,United Kingdom,UK
499781,85014A,BLACK/BLUE DOTS RUFFLED UMBRELLA,3,2010-03-02 14:23:00,5.95,13327,United Kingdom,UK
499781,85014B,RED/WHITE DOTS RUFFLED UMBRELLA,3,2010-03-02 14:23:00,5.95,13327,United Kingdom,UK
499781,85014D,PINK/BROWN DOTS RUFFLED UMBRELLA,3,2010-03-02 14:23:00,5.95,13327,United Kingdom,UK
499781,85042,ANTIQUE LILY FAIRY LIGHTS,4,2010-03-02 14:23:00,4.95,13327,United Kingdom,UK
499781,85093,CANDY SPOT EGG WARMER HARE,12,2010-03-02 14:23:00,1.25,13327,United Kingdom,UK
499781,85150,LADIES & GENTLEMEN METAL SIGN,12,2010-03-02 14:23:00,2.55,13327,United Kingdom,UK
499781,85189,HANGING BUTTERFLY  EGG,24,2010-03-02 14:23:00,0.85,13327,United Kingdom,UK
499781,85196,EASTER BUNNIES ON A STICK,12,2010-03-02 14:23:00,0.55,13327,United Kingdom,UK
499781,85206B,PINK FELT EASTER EGG BASKET,6,2010-03-02 14:23:00,1.65,13327,United Kingdom,UK
499782,21706,"FOLDING UMBRELLA , RED/WHITE SPOT",120,2010-03-02 14:32:00,1.95,17638,United Kingdom,UK
499784,20711,JUMBO BAG TOYS,10,2010-03-02 14:36:00,1.95,15367,United Kingdom,UK
499784,20969,RED FLORAL FELTCRAFT SHOULDER BAG,4,2010-03-02 14:36:00,3.75,15367,United Kingdom,UK
499784,20970,PINK FLORAL FELTCRAFT SHOULDER BAG,4,2010-03-02 14:36:00,3.75,15367,United Kingdom,UK
499784,21563,RED HEART SHAPE LOVE BUCKET,6,2010-03-02 14:36:00,2.95,15367,United Kingdom,UK
499784,21564,PINK  HEART SHAPE LOVE BUCKET,6,2010-03-02 14:36:00,2.95,15367,United Kingdom,UK
499784,21703,BAG 125g SWIRLY MARBLES,12,2010-03-02 14:36:00,0.42,15367,United Kingdom,UK
499784,21788,KIDS RAIN MAC BLUE,24,2010-03-02 14:36:00,0.85,15367,United Kingdom,UK
499784,21789,KIDS RAIN MAC PINK,24,2010-03-02 14:36:00,0.85,15367,United Kingdom,UK
499784,21791,VINTAGE HEADS AND TAILS CARD GAME,12,2010-03-02 14:36:00,1.25,15367,United Kingdom,UK
499784,21826,EIGHT PIECE DINOSAUR SET,12,2010-03-02 14:36:00,1.25,15367,United Kingdom,UK
499784,21833,CAMOUFLAGE LED TORCH,12,2010-03-02 14:36:00,1.69,15367,United Kingdom,UK
499784,21912,VINTAGE SNAKES & LADDERS,4,2010-03-02 14:36:00,3.75,15367,United Kingdom,UK
499784,21913,VINTAGE SEASIDE JIGSAW PUZZLES,4,2010-03-02 14:36:00,3.75,15367,United Kingdom,UK
499784,22132,RED LOVE HEART SHAPE CUP,12,2010-03-02 14:36:00,0.85,15367,United Kingdom,UK
499784,22133,PINK LOVE HEART SHAPE CUP,12,2010-03-02 14:36:00,0.85,15367,United Kingdom,UK
499784,22147,FELTCRAFT BUTTERFLY HEARTS,12,2010-03-02 14:36:00,1.45,15367,United Kingdom,UK
499784,22149,FELTCRAFT 6 FLOWER FRIENDS,6,2010-03-02 14:36:00,2.1,15367,United Kingdom,UK
499784,22150,3 STRIPEY MICE FELTCRAFT,6,2010-03-02 14:36:00,1.95,15367,United Kingdom,UK
499784,22195,LARGE HEART MEASURING SPOONS,12,2010-03-02 14:36:00,1.65,15367,United Kingdom,UK
499784,22196,SMALL HEART MEASURING SPOONS,12,2010-03-02 14:36:00,0.85,15367,United Kingdom,UK
499784,22381,TOY TIDY PINK RETROSPOT,5,2010-03-02 14:36:00,2.1,15367,United Kingdom,UK
499784,22386,JUMBO BAG PINK WITH WHITE SPOTS,10,2010-03-02 14:36:00,1.95,15367,United Kingdom,UK
499784,22411,JUMBO SHOPPER VINTAGE RED PAISLEY,10,2010-03-02 14:36:00,1.95,15367,United Kingdom,UK
499784,22431,WATERING CAN BLUE ELEPHANT,6,2010-03-02 14:36:00,1.95,15367,United Kingdom,UK
499784,22432,WATERING CAN GREEN DINOSAUR,6,2010-03-02 14:36:00,1.95,15367,United Kingdom,UK
499784,22433,WATERING CAN PINK BUNNY,6,2010-03-02 14:36:00,1.95,15367,United Kingdom,UK
499784,84077,WORLD WAR 2 GLIDERS ASSTD DESIGNS,48,2010-03-02 14:36:00,0.21,15367,United Kingdom,UK
499784,84828,JUNGLE POPSICLES ICE LOLLY HOLDERS,12,2010-03-02 14:36:00,1.25,15367,United Kingdom,UK
499784,85226C,BLUE PULL BACK RACING CAR,24,2010-03-02 14:36:00,0.55,15367,United Kingdom,UK
499785,16202E,BLACK PHOTO ALBUM,12,2010-03-02 14:48:00,1.95,15606,United Kingdom,UK
499785,21216,"SET 3 RED SPOT TIN TEA,COFFEE,SUGAR",4,2010-03-02 14:48:00,4.95,15606,United Kingdom,UK
499785,22371,AIRLINE BAG VINTAGE TOKYO 78,2,2010-03-02 14:48:00,6.35,15606,United Kingdom,UK
499785,22380,TOY TIDY SPACEBOY,5,2010-03-02 14:48:00,2.1,15606,United Kingdom,UK
499785,22381,TOY TIDY PINK RETROSPOT,5,2010-03-02 14:48:00,2.1,15606,United Kingdom,UK
499785,79160,HEART SHAPE WIRELESS DOORBELL,12,2010-03-02 14:48:00,2.1,15606,United Kingdom,UK
499785,84616,SILVER ROCCOCO CHANDELIER,4,2010-03-02 14:48:00,12.75,15606,United Kingdom,UK
499785,85042,ANTIQUE LILY FAIRY LIGHTS,24,2010-03-02 14:48:00,4.25,15606,United Kingdom,UK
499785,85162C,WHITE RETRODISC LAMPSHADE,24,2010-03-02 14:48:00,1.95,15606,United Kingdom,UK
499788,20685,DOOR MAT RED SPOT,4,2010-03-02 14:57:00,7.49,16159,United Kingdom,UK
499788,21389,IVORY HANGING DECORATION  BIRD,24,2010-03-02 14:57:00,0.85,16159,United Kingdom,UK
499788,22241,GARLAND WOODEN HAPPY EASTER,12,2010-03-02 14:57:00,1.25,16159,United Kingdom,UK
499788,22270,HAPPY EASTER HANGING DECORATION,4,2010-03-02 14:57:00,3.75,16159,United Kingdom,UK
499788,22286,"DECORATION , WOBBLY RABBIT , METAL",12,2010-03-02 14:57:00,1.65,16159,United Kingdom,UK
499788,22287,"DECORATION , WOBBLY CHICKEN, METAL",12,2010-03-02 14:57:00,1.65,16159,United Kingdom,UK
499788,22291,"SPRING DEC , HANGING CHICK CREAM",24,2010-03-02 14:57:00,1.45,16159,United Kingdom,UK
499788,22293,"SPRING DEC , HANGING CHICK  GREEN",24,2010-03-02 14:57:00,1.45,16159,United Kingdom,UK
499788,48111,DOOR MAT 3 SMILEY CATS,2,2010-03-02 14:57:00,7.49,16159,United Kingdom,UK
499788,48138,DOOR MAT UNION FLAG,4,2010-03-02 14:57:00,7.49,16159,United Kingdom,UK
499788,48187,DOOR MAT NEW ENGLAND,2,2010-03-02 14:57:00,7.49,16159,United Kingdom,UK
499788,48188,DOOR MAT WELCOME PUPPIES,2,2010-03-02 14:57:00,7.49,16159,United Kingdom,UK
499788,84457,SET/3 RABBITS FLOWER SKIPPPING ROPE,12,2010-03-02 14:57:00,0.85,16159,United Kingdom,UK
499788,84997B,RED 3 PIECE MINI DOTS CUTLERY SET,6,2010-03-02 14:57:00,3.75,16159,United Kingdom,UK
499788,84997C,BLUE 3 PIECE MINI DOTS CUTLERY SET,6,2010-03-02 14:57:00,3.75,16159,United Kingdom,UK
499788,85187,S/12 MINI RABBIT EASTER,12,2010-03-02 14:57:00,1.65,16159,United Kingdom,UK
499789,15056BL,EDWARDIAN PARASOL BLACK,1,2010-03-02 14:59:00,5.95,15311,United Kingdom,UK
499789,15056P,EDWARDIAN PARASOL PINK,4,2010-03-02 14:59:00,5.95,15311,United Kingdom,UK
499789,17129F,DEEP BLUE GLASS GEMS IN BAG,24,2010-03-02 14:59:00,0.64,15311,United Kingdom,UK
499789,20665,RED SPOTTY PURSE,1,2010-03-02 14:59:00,2.95,15311,United Kingdom,UK
499789,20750,RED/WHITE DOT MINI CASES,1,2010-03-02 14:59:00,7.95,15311,United Kingdom,UK
499789,20989,URBAN CHIC CHOPSTICKS SET/5,20,2010-03-02 14:59:00,1.95,15311,United Kingdom,UK
499789,21085,SET/6 WOODLAND PAPER CUPS,4,2010-03-02 14:59:00,0.65,15311,United Kingdom,UK
499789,21099,SET/6 STRAWBERRY PAPER CUPS,6,2010-03-02 14:59:00,0.65,15311,United Kingdom,UK
499789,21106,CREAM SLICE FLANNEL CHOCOLATE SPOT,24,2010-03-02 14:59:00,2.55,15311,United Kingdom,UK
499789,21111,"SWISS ROLL TOWEL, CHOCOLATE  SPOTS",24,2010-03-02 14:59:00,2.55,15311,United Kingdom,UK
499789,21121,SET/10 RED SPOTTY PARTY CANDLES,4,2010-03-02 14:59:00,1.25,15311,United Kingdom,UK
499789,21175,GIN + TONIC DIET METAL SIGN,1,2010-03-02 14:59:00,2.1,15311,United Kingdom,UK
499789,21213,PACK OF 72 SKULL CAKE CASES,120,2010-03-02 14:59:00,0.42,15311,United Kingdom,UK
499789,21214,SET OF 72 IVORY PAPER DOILIES,96,2010-03-02 14:59:00,1.25,15311,United Kingdom,UK
499789,21216,"SET 3 RED SPOT TIN TEA,COFFEE,SUGAR",24,2010-03-02 14:59:00,4.25,15311,United Kingdom,UK
499789,21247,SET OF RED SALAD SERVERS,2,2010-03-02 14:59:00,1.49,15311,United Kingdom,UK
499789,21432,SET OF 3 CASES WOODLAND DESIGN,2,2010-03-02 14:59:00,5.95,15311,United Kingdom,UK
499789,21439,BASKET OF TOADSTOOLS,24,2010-03-02 14:59:00,1.25,15311,United Kingdom,UK
499789,21445,12 PINK ROSE PEG PLACE SETTINGS,24,2010-03-02 14:59:00,1.25,15311,United Kingdom,UK
499789,21447,12 IVORY ROSE PEG PLACE SETTINGS,24,2010-03-02 14:59:00,1.25,15311,United Kingdom,UK
499789,21456,2 PICTURE BOOK EGGS EASTER CHICKS,12,2010-03-02 14:59:00,1.25,15311,United Kingdom,UK
499789,21523,DOOR MAT FANCY FONT HOME SWEET HOME,10,2010-03-02 14:59:00,6.35,15311,United Kingdom,UK
499789,21865,PINK UNION JACK  PASSPORT COVER,3,2010-03-02 14:59:00,2.1,15311,United Kingdom,UK
499789,21867,PINK UNION JACK  LUGGAGE TAG,1,2010-03-02 14:59:00,1.25,15311,United Kingdom,UK
499789,22262,FELT EGG COSY CHICKEN,9,2010-03-02 14:59:00,0.85,15311,United Kingdom,UK
499789,22278,OVERNIGHT BAG VINTAGE ROSE PAISLEY,1,2010-03-02 14:59:00,4.95,15311,United Kingdom,UK
499789,22284,HEN HOUSE DECORATION,12,2010-03-02 14:59:00,1.65,15311,United Kingdom,UK
499789,22291,"SPRING DEC , HANGING CHICK CREAM",6,2010-03-02 14:59:00,1.45,15311,United Kingdom,UK
499789,35004B,SET OF 3 BLACK FLYING DUCKS,12,2010-03-02 14:59:00,4.65,15311,United Kingdom,UK
499789,35809A,ENAMEL PINK TEA CONTAINER,1,2010-03-02 14:59:00,2.1,15311,United Kingdom,UK
499789,37444A,YELLOW BREAKFAST CUP AND SAUCER,2,2010-03-02 14:59:00,2.95,15311,United Kingdom,UK
499789,44230,SQUARE MIRROR CURTAIN,12,2010-03-02 14:59:00,6.36,15311,United Kingdom,UK
499789,47559B,TEA TIME OVEN GLOVE,4,2010-03-02 14:59:00,1.25,15311,United Kingdom,UK
499789,47570,ENGLISH ROSE TABLE CLOTH,2,2010-03-02 14:59:00,10.65,15311,United Kingdom,UK
499789,47590A,BLUE HAPPY BIRTHDAY BUNTING,1,2010-03-02 14:59:00,5.45,15311,United Kingdom,UK
499789,47591D,PINK FAIRY CAKE CHILD'S APRON,50,2010-03-02 14:59:00,1.65,15311,United Kingdom,UK
499789,48116,DOOR MAT MULTICOLOUR STRIPE,10,2010-03-02 14:59:00,6.35,15311,United Kingdom,UK
499789,48138,DOOR MAT UNION FLAG,10,2010-03-02 14:59:00,6.35,15311,United Kingdom,UK
499789,48194,DOOR MAT HEARTS,10,2010-03-02 14:59:00,6.35,15311,United Kingdom,UK
499789,48197,DOOR MAT BIRD ON THE WIRE,10,2010-03-02 14:59:00,6.35,15311,United Kingdom,UK
499789,72008,FROSTED BOX 9 WHITE T-LIGHT CANDLES,2,2010-03-02 14:59:00,0.42,15311,United Kingdom,UK
499789,72800C,S/4 PINK DINNER CANDLE SILVER FLOCK,36,2010-03-02 14:59:00,2.1,15311,United Kingdom,UK
499789,79067,CORONA MEXICAN TRAY,50,2010-03-02 14:59:00,2.95,15311,United Kingdom,UK
499789,79323G,GOLD  CHERRY LIGHTS,24,2010-03-02 14:59:00,5.45,15311,United Kingdom,UK
499789,82494L,WOODEN FRAME ANTIQUE WHITE,24,2010-03-02 14:59:00,2.55,15311,United Kingdom,UK
499789,82613A,"METAL SIGN,CUPCAKE SINGLE HOOK",2,2010-03-02 14:59:00,1.25,15311,United Kingdom,UK
499789,82613D,METAL SIGN CUPCAKE SINGLE HOOK,2,2010-03-02 14:59:00,1.25,15311,United Kingdom,UK
499789,84380,SET OF 3 BUTTERFLY COOKIE CUTTERS,1,2010-03-02 14:59:00,1.25,15311,United Kingdom,UK
499789,84454,WOBBLING METAL CHICKEN EASTER,12,2010-03-02 14:59:00,0.85,15311,United Kingdom,UK
499789,84469,ROSE DES PADDED FLOOR CUSHION,13,2010-03-02 14:59:00,2.95,15311,United Kingdom,UK
499789,84510F,SET OF 4 NEW ENGLAND COASTERS,6,2010-03-02 14:59:00,1.25,15311,United Kingdom,UK
499789,84559B,3D SHEET OF CAT STICKERS,2,2010-03-02 14:59:00,0.85,15311,United Kingdom,UK
499789,84600,NEW BAROQUE JEWELLERY BOX,16,2010-03-02 14:59:00,6.95,15311,United Kingdom,UK
499789,84792,ENCHANTED BIRD COATHANGER 5 HOOK,24,2010-03-02 14:59:00,3.81,15311,United Kingdom,UK
499789,84836,ZINC METAL HEART DECORATION,24,2010-03-02 14:59:00,1.25,15311,United Kingdom,UK
499789,84849D,HOT BATHS SOAP HOLDER,1,2010-03-02 14:59:00,1.69,15311,United Kingdom,UK
499789,84880,WHITE WIRE EGG HOLDER,12,2010-03-02 14:59:00,4.95,15311,United Kingdom,UK
499789,84926C,FAIRY CAKES TILE COASTER,3,2010-03-02 14:59:00,1.25,15311,United Kingdom,UK
499789,84946,ANTIQUE SILVER TEA GLASS ETCHED,144,2010-03-02 14:59:00,1.06,15311,United Kingdom,UK
499789,84970S,HANGING HEART ZINC T-LIGHT HOLDER,144,2010-03-02 14:59:00,0.64,15311,United Kingdom,UK
499789,85014A,BLACK/BLUE DOTS RUFFLED UMBRELLA,3,2010-03-02 14:59:00,5.95,15311,United Kingdom,UK
499789,85014C,BLUE/BROWN DOTS RUFFLED UMBRELLA,1,2010-03-02 14:59:00,5.95,15311,United Kingdom,UK
499789,85019C,CURIOUS  IMAGES NOTEBOOK SET,1,2010-03-02 14:59:00,4.25,15311,United Kingdom,UK
499789,85032B,BLOSSOM IMAGES GIFT WRAP SET,2,2010-03-02 14:59:00,2.1,15311,United Kingdom,UK
499789,85032C,CURIOUS IMAGES GIFT WRAP SET,2,2010-03-02 14:59:00,2.1,15311,United Kingdom,UK
499789,85093,CANDY SPOT EGG WARMER HARE,4,2010-03-02 14:59:00,1.25,15311,United Kingdom,UK
499789,85103,SILVER T-LIGHT SETTING,12,2010-03-02 14:59:00,5.95,15311,United Kingdom,UK
499789,85104,SILVER GLASS T-LIGHT SET,2,2010-03-02 14:59:00,2.95,15311,United Kingdom,UK
499789,85197,SET OF 12 MINI BUNNIES IN A BUCKET,48,2010-03-02 14:59:00,1.69,15311,United Kingdom,UK
499789,85206B,PINK FELT EASTER EGG BASKET,54,2010-03-02 14:59:00,1.45,15311,United Kingdom,UK
499792,84375,SET OF 20 KIDS COOKIE CUTTERS,1,2010-03-02 15:04:00,1.95,,United Kingdom,UK
499795,47480,HANGING PHOTO CLIP ROPE LADDER,12,2010-03-02 15:23:00,1.65,14895,United Kingdom,UK
499795,71459,HANGING JAM JAR T-LIGHT HOLDER,48,2010-03-02 15:23:00,0.85,14895,United Kingdom,UK
499795,72741,GRAND CHOCOLATECANDLE,27,2010-03-02 15:23:00,1.45,14895,United Kingdom,UK
499795,84288B,SET/2 BLUE  NOODLE BASKETS,6,2010-03-02 15:23:00,1.95,14895,United Kingdom,UK
499797,20836,FRENCH PAISLEY CUSHION COVER,12,2010-03-02 15:28:00,0.85,13473,United Kingdom,UK
499797,20837,FRENCH FLORAL CUSHION COVER,12,2010-03-02 15:28:00,0.85,13473,United Kingdom,UK
499797,22354,RETRO SPOT PADDED SEAT CUSHION,30,2010-03-02 15:28:00,3.39,13473,United Kingdom,UK
499797,22382,LUNCH BAG SPACEBOY DESIGN,20,2010-03-02 15:28:00,1.65,13473,United Kingdom,UK
499797,22383,LUNCH BAG SUKI  DESIGN,10,2010-03-02 15:28:00,1.65,13473,United Kingdom,UK
499797,22384,LUNCH BAG PINK RETROSPOT,10,2010-03-02 15:28:00,1.65,13473,United Kingdom,UK
499797,22386,JUMBO BAG PINK WITH WHITE SPOTS,10,2010-03-02 15:28:00,1.95,13473,United Kingdom,UK
499797,47586A,PINK FAIRY CAKE CUSHION COVER,24,2010-03-02 15:28:00,0.85,13473,United Kingdom,UK
499797,84467,ENGLISH ROSE DESIGN QUILTED THROW,12,2010-03-02 15:28:00,12.75,13473,United Kingdom,UK
499797,84469,ROSE DES PADDED FLOOR CUSHION,26,2010-03-02 15:28:00,2.95,13473,United Kingdom,UK
499797,84657,GREEN ROSE CUSHION COVER,24,2010-03-02 15:28:00,1.65,13473,United Kingdom,UK
499797,84909A,PINK PAISLEY QUILT,8,2010-03-02 15:28:00,12.75,13473,United Kingdom,UK
499798,22057,CERAMIC PLATE STRAWBERRY DESIGN,12,2010-03-02 15:37:00,1.49,16523,United Kingdom,UK
499798,22061,LARGE CAKE STAND  HANGING STRAWBERY,2,2010-03-02 15:37:00,9.95,16523,United Kingdom,UK
499798,22248,DECORATION  PINK CHICK MAGIC GARDEN,16,2010-03-02 15:37:00,0.85,16523,United Kingdom,UK
499798,22251,BIRDHOUSE DECORATION MAGIC GARDEN,12,2010-03-02 15:37:00,1.25,16523,United Kingdom,UK
499798,22286,"DECORATION , WOBBLY RABBIT , METAL",12,2010-03-02 15:37:00,1.65,16523,United Kingdom,UK
499798,37503,TEA TIME CAKE STAND IN GIFT BOX,4,2010-03-02 15:37:00,10.75,16523,United Kingdom,UK
499798,48129,DOOR MAT TOPIARY,6,2010-03-02 15:37:00,7.49,16523,United Kingdom,UK
499798,48188,DOOR MAT WELCOME PUPPIES,6,2010-03-02 15:37:00,7.49,16523,United Kingdom,UK
499798,48194,DOOR MAT HEARTS,6,2010-03-02 15:37:00,7.49,16523,United Kingdom,UK
499798,84454,WOBBLING METAL CHICKEN EASTER,12,2010-03-02 15:37:00,0.85,16523,United Kingdom,UK
499798,85188B,PINK METAL SWINGING BUNNY,24,2010-03-02 15:37:00,0.85,16523,United Kingdom,UK
499798,85189,HANGING BUTTERFLY  EGG,24,2010-03-02 15:37:00,0.85,16523,United Kingdom,UK
499798,85194L,HANGING SPRING FLOWER EGG LARGE,12,2010-03-02 15:37:00,0.85,16523,United Kingdom,UK
499799,84637,KITCHEN FLOWER POTS WALL PLAQUE,24,2010-03-02 15:44:00,1.25,14867,United Kingdom,UK
499799,84638,SMALL KITCHEN FLOWER POTS PLAQUE,16,2010-03-02 15:44:00,1.45,14867,United Kingdom,UK
499800,37503,TEA TIME CAKE STAND IN GIFT BOX,2,2010-03-02 15:45:00,10.75,14867,United Kingdom,UK
499800,46126A,ELVIS WALLHANGING / CURTAIN,10,2010-03-02 15:45:00,1.25,14867,United Kingdom,UK
499800,84638,SMALL KITCHEN FLOWER POTS PLAQUE,32,2010-03-02 15:45:00,1.45,14867,United Kingdom,UK
499800,84832,ZINC WILLIE WINKIE  CANDLE STICK,12,2010-03-02 15:45:00,0.85,14867,United Kingdom,UK
499800,84836,ZINC METAL HEART DECORATION,12,2010-03-02 15:45:00,1.25,14867,United Kingdom,UK
499801,15056BL,EDWARDIAN PARASOL BLACK,6,2010-03-02 15:45:00,4.95,17850,United Kingdom,UK
499801,15056N,EDWARDIAN PARASOL NATURAL,6,2010-03-02 15:45:00,4.95,17850,United Kingdom,UK
499801,20679,EDWARDIAN PARASOL RED,6,2010-03-02 15:45:00,4.95,17850,United Kingdom,UK
499801,46000P,POLYESTER FILLER PAD 65CMx65CM,12,2010-03-02 15:45:00,4.25,17850,United Kingdom,UK
499801,79323GR,GREEN CHERRY LIGHTS,8,2010-03-02 15:45:00,5.45,17850,United Kingdom,UK
499801,79323LP,LIGHT PINK CHERRY LIGHTS,8,2010-03-02 15:45:00,5.45,17850,United Kingdom,UK
499801,79323W,WHITE CHERRY LIGHTS,8,2010-03-02 15:45:00,5.45,17850,United Kingdom,UK
499801,84657,GREEN ROSE CUSHION COVER,12,2010-03-02 15:45:00,1.65,17850,United Kingdom,UK
499801,84909A,PINK PAISLEY QUILT,8,2010-03-02 15:45:00,12.75,17850,United Kingdom,UK
499849,20754,RETRO RED SPOTTY WASHING UP GLOVES,6,2010-03-02 16:33:00,2.1,12926,United Kingdom,UK
499849,20886,BOX OF 9 PEBBLE CANDLES,6,2010-03-02 16:33:00,1.95,12926,United Kingdom,UK
499849,21114,LAVENDER SCENTED FABRIC HEART,10,2010-03-02 16:33:00,1.25,12926,United Kingdom,UK
499849,21375,LARGE CAMPHOR WOOD FIELD MUSHROOM,2,2010-03-02 16:33:00,5.45,12926,United Kingdom,UK
499849,21380,WOODEN HAPPY BIRTHDAY GARLAND,6,2010-03-02 16:33:00,2.95,12926,United Kingdom,UK
499849,21411,GINGHAM HEART  DOORSTOP RED,3,2010-03-02 16:33:00,4.25,12926,United Kingdom,UK
499849,21463,MIRRORED DISCO BALL,2,2010-03-02 16:33:00,5.95,12926,United Kingdom,UK
499849,21464,DISCO BALL ROTATOR BATTERY OPERATED,2,2010-03-02 16:33:00,4.25,12926,United Kingdom,UK
499849,21531,RETRO SPOT SUGAR JAM BOWL,6,2010-03-02 16:33:00,2.55,12926,United Kingdom,UK
499849,21539,RETRO SPOTS BUTTER DISH,3,2010-03-02 16:33:00,4.95,12926,United Kingdom,UK
499849,21714,CITRONELLA CANDLE GARDEN POT,12,2010-03-02 16:33:00,1.25,12926,United Kingdom,UK
499849,79029,GLASS HONEYPOT WASP CATCHER,6,2010-03-02 16:33:00,1.95,12926,United Kingdom,UK
499849,79067,CORONA MEXICAN TRAY,4,2010-03-02 16:33:00,3.75,12926,United Kingdom,UK
499849,84685,BEACH HUT KEY CABINET,4,2010-03-02 16:33:00,3.75,12926,United Kingdom,UK
499849,84686,BEACH HUT MIRROR,2,2010-03-02 16:33:00,4.25,12926,United Kingdom,UK
499849,84975,HEART SHAPED MIRROR,6,2010-03-02 16:33:00,1.69,12926,United Kingdom,UK
499849,85123A,WHITE HANGING HEART T-LIGHT HOLDER,6,2010-03-02 16:33:00,2.95,12926,United Kingdom,UK
499850,16156S,WRAP PINK FAIRY CAKES,25,2010-03-02 16:36:00,0.42,13593,United Kingdom,UK
499850,16161P,WRAP ENGLISH ROSE,25,2010-03-02 16:36:00,0.42,13593,United Kingdom,UK
499850,20802,SMALL GLASS SUNDAE DISH CLEAR,6,2010-03-02 16:36:00,1.65,13593,United Kingdom,UK
499850,20803,SMALL PINK GLASS SUNDAE DISH,12,2010-03-02 16:36:00,1.65,13593,United Kingdom,UK
499850,20997,ROSE DU SUD CUSHION COVER,2,2010-03-02 16:36:00,4.95,13593,United Kingdom,UK
499850,21003,ROSE DU SUD CUSHION COVER,2,2010-03-02 16:36:00,6.35,13593,United Kingdom,UK
499850,21004,ROSE DU SUD CHILDS APRON,3,2010-03-02 16:36:00,4.25,13593,United Kingdom,UK
499850,21034,REX CASH+CARRY JUMBO SHOPPER,2,2010-03-02 16:36:00,0.95,13593,United Kingdom,UK
499850,21314,SMALL GLASS HEART TRINKET POT,4,2010-03-02 16:36:00,2.1,13593,United Kingdom,UK
499850,21318,GLASS CHALICE BLUE SMALL,12,2010-03-02 16:36:00,1.65,13593,United Kingdom,UK
499850,21319,GLASS CHALICE GREEN  SMALL,12,2010-03-02 16:36:00,1.65,13593,United Kingdom,UK
499850,21320,GLASS CHALICE GREEN  LARGE,6,2010-03-02 16:36:00,2.55,13593,United Kingdom,UK
499850,21321,GLASS CHALICE BLUE  LARGE,3,2010-03-02 16:36:00,2.55,13593,United Kingdom,UK
499850,21497,FANCY FONTS BIRTHDAY WRAP,25,2010-03-02 16:36:00,0.42,13593,United Kingdom,UK
499850,21506,"FANCY FONT BIRTHDAY CARD,",12,2010-03-02 16:36:00,0.42,13593,United Kingdom,UK
499850,21621,VINTAGE UNION JACK BUNTING,3,2010-03-02 16:36:00,8.5,13593,United Kingdom,UK
499850,21622,VINTAGE UNION JACK CUSHION COVER,2,2010-03-02 16:36:00,4.95,13593,United Kingdom,UK
499850,21756,BATH BUILDING BLOCK WORD,4,2010-03-02 16:36:00,5.95,13593,United Kingdom,UK
499850,21773,DECORATIVE ROSE BATHROOM BOTTLE,2,2010-03-02 16:36:00,1.25,13593,United Kingdom,UK
499850,21774,DECORATIVE CATS BATHROOM BOTTLE,2,2010-03-02 16:36:00,1.25,13593,United Kingdom,UK
499850,21775,DECORATIVE FLORE BATHROOM BOTTLE,2,2010-03-02 16:36:00,1.25,13593,United Kingdom,UK
499850,21795,SET OF 3 BLUE STRIPE BASKET,1,2010-03-02 16:36:00,12.75,13593,United Kingdom,UK
499850,21912,VINTAGE SNAKES & LADDERS,3,2010-03-02 16:36:00,3.75,13593,United Kingdom,UK
499850,21913,VINTAGE SEASIDE JIGSAW PUZZLES,3,2010-03-02 16:36:00,3.75,13593,United Kingdom,UK
499850,22084,PAPER CHAIN KIT EMPIRE,10,2010-03-02 16:36:00,2.95,13593,United Kingdom,UK
499850,22099,CARAVAN SQUARE TISSUE BOX,1,2010-03-02 16:36:00,1.25,13593,United Kingdom,UK
499850,22489,PACK OF 12 TRADITIONAL CRAYONS,4,2010-03-02 16:36:00,0.42,13593,United Kingdom,UK
499850,22499,WOODEN UNION JACK BUNTING,3,2010-03-02 16:36:00,5.95,13593,United Kingdom,UK
499850,37495,FAIRY CAKE BIRTHDAY CANDLE SET,4,2010-03-02 16:36:00,3.75,13593,United Kingdom,UK
499850,46000S,POLYESTER FILLER PAD 40x40cm,2,2010-03-02 16:36:00,1.45,13593,United Kingdom,UK
499850,47556B,TEA TIME TEA TOWELS,4,2010-03-02 16:36:00,2.95,13593,United Kingdom,UK
499850,47562,ENGLISH ROSE IRONING BOARD COVER,2,2010-03-02 16:36:00,3.75,13593,United Kingdom,UK
499850,47579,TEA TIME BREAKFAST BASKET,3,2010-03-02 16:36:00,2.1,13593,United Kingdom,UK
499850,47580,TEA TIME DES TEA COSY,4,2010-03-02 16:36:00,2.55,13593,United Kingdom,UK
499850,47597,NEW ENGLAND TEATOWELS,2,2010-03-02 16:36:00,2.55,13593,United Kingdom,UK
499850,72801C,S/4 ROSE PINK DINNER CANDLES,2,2010-03-02 16:36:00,1.25,13593,United Kingdom,UK
499850,72801D,S/4 SKY BLUE DINNER CANDLES,2,2010-03-02 16:36:00,1.25,13593,United Kingdom,UK
499850,79029,GLASS HONEYPOT WASP CATCHER,2,2010-03-02 16:36:00,1.95,13593,United Kingdom,UK
499850,79066K,RETRO MOD TRAY,4,2010-03-02 16:36:00,0.85,13593,United Kingdom,UK
499850,84029G,KNITTED UNION FLAG HOT WATER BOTTLE,2,2010-03-02 16:36:00,3.75,13593,United Kingdom,UK
499850,84030B,KNITTED POM POM HOT WATER BOTTLE,2,2010-03-02 16:36:00,3.75,13593,United Kingdom,UK
499850,84249D,FAIRY CAKE GREETINGS CARD,12,2010-03-02 16:36:00,0.42,13593,United Kingdom,UK
499850,84705A,ENGLISH ROSE PHOTO FRAME,2,2010-03-02 16:36:00,4.65,13593,United Kingdom,UK
499850,84705F,RED PEONY PHOTO FRAME,2,2010-03-02 16:36:00,4.65,13593,United Kingdom,UK
499850,84755,COLOUR GLASS T-LIGHT HOLDER HANGING,16,2010-03-02 16:36:00,0.65,13593,United Kingdom,UK
499850,84849A,HELLO SAILOR BLUE SOAP HOLDER,3,2010-03-02 16:36:00,1.69,13593,United Kingdom,UK
499850,84849D,HOT BATHS SOAP HOLDER,3,2010-03-02 16:36:00,1.69,13593,United Kingdom,UK
499853,20713,JUMBO BAG OWLS,1,2010-03-02 16:50:00,1.95,16520,United Kingdom,UK
499853,20725,LUNCH BAG RED SPOTTY,4,2010-03-02 16:50:00,1.65,16520,United Kingdom,UK
499853,20961,STRAWBERRY BATH SPONGE,4,2010-03-02 16:50:00,1.25,16520,United Kingdom,UK
499853,21110,LARGE CAKE TOWEL PINK SPOTS,1,2010-03-02 16:50:00,6.75,16520,United Kingdom,UK
499853,21133,PAINTED BIRD ASSORTED CHRISTMAS,2,2010-03-02 16:50:00,1.69,16520,United Kingdom,UK
499853,21166,COOK WITH WINE METAL SIGN,3,2010-03-02 16:50:00,1.95,16520,United Kingdom,UK
499853,21169,YOU'RE CONFUSING ME METAL SIGN,3,2010-03-02 16:50:00,1.69,16520,United Kingdom,UK
499853,21175,GIN + TONIC DIET METAL SIGN,2,2010-03-02 16:50:00,2.1,16520,United Kingdom,UK
499853,21407,BROWN CHECK CAT DOORSTOP,1,2010-03-02 16:50:00,4.25,16520,United Kingdom,UK
499853,21545,CERAMIC BIRDHOUSE BUTTERFLY SMALL,1,2010-03-02 16:50:00,2.95,16520,United Kingdom,UK
499853,21547,CERAMIC BIRDHOUSE CRESTED TIT SMALL,1,2010-03-02 16:50:00,2.95,16520,United Kingdom,UK
499853,21553,CERAMIC BIRDHOUSE FINCH BLUE  LARGE,1,2010-03-02 16:50:00,5.95,16520,United Kingdom,UK
499853,21559,STRAWBERRY LUNCHBOX WITH CUTLERY,2,2010-03-02 16:50:00,2.55,16520,United Kingdom,UK
499853,21621,VINTAGE UNION JACK BUNTING,2,2010-03-02 16:50:00,8.5,16520,United Kingdom,UK
499853,21756,BATH BUILDING BLOCK WORD,1,2010-03-02 16:50:00,5.95,16520,United Kingdom,UK
499853,21770,OPEN CLOSED METAL SIGN,2,2010-03-02 16:50:00,4.95,16520,United Kingdom,UK
499853,21904,HOUSE WRECKING METAL SIGN,2,2010-03-02 16:50:00,2.1,16520,United Kingdom,UK
499853,21906,PHARMACIE FIRST AID TIN,1,2010-03-02 16:50:00,6.75,16520,United Kingdom,UK
499853,21907,I'M ON HOLIDAY METAL SIGN,2,2010-03-02 16:50:00,2.1,16520,United Kingdom,UK
499853,21928,JUMBO BAG SCANDINAVIAN PAISLEY,1,2010-03-02 16:50:00,1.95,16520,United Kingdom,UK
499853,21929,JUMBO BAG PINK VINTAGE PAISLEY,1,2010-03-02 16:50:00,1.95,16520,United Kingdom,UK
499853,21930,JUMBO STORAGE BAG SKULLS,1,2010-03-02 16:50:00,1.95,16520,United Kingdom,UK
499853,21931,JUMBO STORAGE BAG SUKI,1,2010-03-02 16:50:00,1.95,16520,United Kingdom,UK
499853,22377,BOTTLE BAG RETROSPOT,2,2010-03-02 16:50:00,2.1,16520,United Kingdom,UK
499853,22381,TOY TIDY PINK RETROSPOT,2,2010-03-02 16:50:00,2.1,16520,United Kingdom,UK
499853,22384,LUNCH BAG PINK RETROSPOT,4,2010-03-02 16:50:00,1.65,16520,United Kingdom,UK
499853,22386,JUMBO BAG PINK WITH WHITE SPOTS,3,2010-03-02 16:50:00,1.95,16520,United Kingdom,UK
499853,22411,JUMBO SHOPPER VINTAGE RED PAISLEY,2,2010-03-02 16:50:00,1.95,16520,United Kingdom,UK
499853,22412,METAL SIGN NEIGHBOURHOOD WITCH,4,2010-03-02 16:50:00,2.1,16520,United Kingdom,UK
499853,22413,METAL SIGN TAKE IT OR LEAVE IT,4,2010-03-02 16:50:00,2.95,16520,United Kingdom,UK
499853,22432,WATERING CAN PINK BUNNY,3,2010-03-02 16:50:00,1.95,16520,United Kingdom,UK
499853,22494,EMERGENCY FIRST AID TIN,3,2010-03-02 16:50:00,1.25,16520,United Kingdom,UK
499853,22497,SET OF 2 TINS VINTAGE BATHROOM,2,2010-03-02 16:50:00,4.25,16520,United Kingdom,UK
499853,22498,WOODEN REGATTA BUNTING,4,2010-03-02 16:50:00,5.95,16520,United Kingdom,UK
499853,22499,WOODEN UNION JACK BUNTING,4,2010-03-02 16:50:00,5.95,16520,United Kingdom,UK
499853,47503K,ASSORTED FLORAL SECATEURS,4,2010-03-02 16:50:00,1.95,16520,United Kingdom,UK
499853,82582,AREA PATROLLED METAL SIGN,12,2010-03-02 16:50:00,2.1,16520,United Kingdom,UK
499853,84676,BATH DUCK WATERING CAN,2,2010-03-02 16:50:00,2.95,16520,United Kingdom,UK
499853,84879,ASSORTED COLOUR BIRD ORNAMENT,2,2010-03-02 16:50:00,1.69,16520,United Kingdom,UK
499853,85099B,JUMBO BAG RED WHITE SPOTTY,2,2010-03-02 16:50:00,1.95,16520,United Kingdom,UK
499853,85099C,JUMBO  BAG BAROQUE BLACK WHITE,1,2010-03-02 16:50:00,1.95,16520,United Kingdom,UK
499853,85099F,JUMBO BAG STRAWBERRY,2,2010-03-02 16:50:00,1.95,16520,United Kingdom,UK
499858,15036,ASSORTED COLOURS SILK FAN,48,2010-03-02 17:04:00,1.28,,United Kingdom,UK
499858,15056N,EDWARDIAN PARASOL NATURAL,1,2010-03-02 17:04:00,12.72,,United Kingdom,UK
499858,15060B,FAIRY CAKE DESIGN UMBRELLA,3,2010-03-02 17:04:00,8.47,,United Kingdom,UK
499858,20669,RED HEART LUGGAGE TAG,2,2010-03-02 17:04:00,2.51,,United Kingdom,UK
499858,20712,JUMBO BAG WOODLAND ANIMALS,3,2010-03-02 17:04:00,4.21,,United Kingdom,UK
499858,20713,JUMBO BAG OWLS,2,2010-03-02 17:04:00,4.21,,United Kingdom,UK
499858,20724,RED SPOTTY CHARLOTTE BAG,1,2010-03-02 17:04:00,1.66,,United Kingdom,UK
499858,20727,LUNCH BAG  BLACK SKULL.,1,2010-03-02 17:04:00,4.21,,United Kingdom,UK
499858,20728,LUNCH BAG CARS BLUE,1,2010-03-02 17:04:00,4.21,,United Kingdom,UK
499858,20730,STRAWBERRY CANDY BAG,1,2010-03-02 17:04:00,0.85,,United Kingdom,UK
499858,20747,PICCADILLY TEA SET,17,2010-03-02 17:04:00,12.72,,United Kingdom,UK
499858,20754,RETRO RED SPOTTY WASHING UP GLOVES,2,2010-03-02 17:04:00,4.21,,United Kingdom,UK
499858,20801,LARGE PINK GLASS SUNDAE DISH,1,2010-03-02 17:04:00,5.06,,United Kingdom,UK
499858,20828,GLITTER BUTTERFLY CLIPS,3,2010-03-02 17:04:00,5.06,,United Kingdom,UK
499858,20846,ZINC HEART LATTICE T-LIGHT HOLDER,1,2010-03-02 17:04:00,2.51,,United Kingdom,UK
499858,20863,BLUE PATCH PENCIL CASE PINK HEART,1,2010-03-02 17:04:00,4.21,,United Kingdom,UK
499858,20897,VINTAGE NOTEBOOK PARIS DAYS,3,2010-03-02 17:04:00,5.91,,United Kingdom,UK
499858,20914,SET/5 RED SPOTTY LID GLASS BOWLS,3,2010-03-02 17:04:00,5.91,,United Kingdom,UK
499858,20933,YELLOW POT PLANT CANDLE,2,2010-03-02 17:04:00,7.62,,United Kingdom,UK
499858,20966,SANDWICH BATH SPONGE,1,2010-03-02 17:04:00,2.51,,United Kingdom,UK
499858,21026,SPACE OWL,1,2010-03-02 17:04:00,2.51,,United Kingdom,UK
499858,21032,SPACE CADET WHITE,1,2010-03-02 17:04:00,2.51,,United Kingdom,UK
499858,21033,JUMBO BAG CHARLIE AND LOLA TOYS,1,2010-03-02 17:04:00,5.91,,United Kingdom,UK
499858,21077,SET/20 WOODLAND PAPER NAPKINS,1,2010-03-02 17:04:00,1.66,,United Kingdom,UK
499858,21085,SET/6 WOODLAND PAPER CUPS,1,2010-03-02 17:04:00,1.66,,United Kingdom,UK
499858,21091,SET/6 WOODLAND PAPER PLATES,1,2010-03-02 17:04:00,1.66,,United Kingdom,UK
499858,21100,CHARLIE AND LOLA CHARLOTTE BAG,1,2010-03-02 17:04:00,3.36,,United Kingdom,UK
499858,21110,LARGE CAKE TOWEL PINK SPOTS,1,2010-03-02 17:04:00,13.57,,United Kingdom,UK
499858,21115,ROSE CARAVAN DOORSTOP,1,2010-03-02 17:04:00,14.43,,United Kingdom,UK
499858,21131,GOLD STANDING GNOME,1,2010-03-02 17:04:00,8.47,,United Kingdom,UK
499858,21132,SILVER STANDING GNOME,1,2010-03-02 17:04:00,8.47,,United Kingdom,UK
499858,21212,PACK OF 72 RETRO SPOT CAKE CASES,1,2010-03-02 17:04:00,1.28,,United Kingdom,UK
499858,21239,PINK  SPOTTY CUP,8,2010-03-02 17:04:00,1.66,,United Kingdom,UK
499858,21258,VICTORIAN SEWING BOX LARGE,1,2010-03-02 17:04:00,25.49,,United Kingdom,UK
499858,21314,SMALL GLASS HEART TRINKET POT,2,2010-03-02 17:04:00,4.21,,United Kingdom,UK
499858,21354,TOAST ITS - BEST MUM,1,2010-03-02 17:04:00,2.51,,United Kingdom,UK
499858,21384,IVORY HANGING DECORATION  BUTTERFLY,2,2010-03-02 17:04:00,1.66,,United Kingdom,UK
499858,21386,IVORY HANGING DECORATION  EGG,1,2010-03-02 17:04:00,1.66,,United Kingdom,UK
499858,21389,IVORY HANGING DECORATION  BIRD,2,2010-03-02 17:04:00,1.66,,United Kingdom,UK
499858,21403,BLUE EGG  SPOON,4,2010-03-02 17:04:00,0.81,,United Kingdom,UK
499858,21455,PAINTED YELLOW WOODEN DAISY,2,2010-03-02 17:04:00,1.66,,United Kingdom,UK
499858,21458,2 PICTURE BOOK EGGS EASTER BUNNY,1,2010-03-02 17:04:00,2.51,,United Kingdom,UK
499858,21494,ROTATING LEAVES T-LIGHT HOLDER,1,2010-03-02 17:04:00,5.06,,United Kingdom,UK
499858,21507,"ELEPHANT, BIRTHDAY CARD,",2,2010-03-02 17:04:00,0.85,,United Kingdom,UK
499858,21509,COWBOYS AND INDIANS BIRTHDAY CARD,2,2010-03-02 17:04:00,0.85,,United Kingdom,UK
499858,21542,WOODLAND WATER TRANSFER TATTOOS,1,2010-03-02 17:04:00,1.66,,United Kingdom,UK
499858,21668,RED STRIPE CERAMIC DRAWER KNOB,7,2010-03-02 17:04:00,2.51,,United Kingdom,UK
499858,21673,WHITE SPOT BLUE CERAMIC DRAWER KNOB,4,2010-03-02 17:04:00,2.51,,United Kingdom,UK
499858,21698,MOCK LOBSTER FRIDGE MAGNET,3,2010-03-02 17:04:00,1.66,,United Kingdom,UK
499858,21700,BIG DOUGHNUT FRIDGE MAGNETS,1,2010-03-02 17:04:00,8.47,,United Kingdom,UK
499858,21703,BAG 125g SWIRLY MARBLES,5,2010-03-02 17:04:00,0.81,,United Kingdom,UK
499858,21731,RED TOADSTOOL LED NIGHT LIGHT,2,2010-03-02 17:04:00,3.36,,United Kingdom,UK
499858,21741,COSY SLIPPER SHOES LARGE GREEN,1,2010-03-02 17:04:00,5.91,,United Kingdom,UK
499858,21754,HOME BUILDING BLOCK WORD,2,2010-03-02 17:04:00,11.87,,United Kingdom,UK
499858,21755,LOVE BUILDING BLOCK WORD,1,2010-03-02 17:04:00,11.87,,United Kingdom,UK
499858,21774,DECORATIVE CATS BATHROOM BOTTLE,1,2010-03-02 17:04:00,2.51,,United Kingdom,UK
499858,21777,RECIPE BOX WITH METAL HEART,1,2010-03-02 17:04:00,16.98,,United Kingdom,UK
499858,21784,SHOE SHINE BOX,1,2010-03-02 17:04:00,21.23,,United Kingdom,UK
499858,21786,RAIN HAT WITH RED SPOTS,1,2010-03-02 17:04:00,0.81,,United Kingdom,UK
499858,21794,CLASSIC FRENCH STYLE BASKET NATURAL,1,2010-03-02 17:04:00,13.57,,United Kingdom,UK
499858,21846,PINK DIAMANTE PEN IN GIFT BOX,2,2010-03-02 17:04:00,4.21,,United Kingdom,UK
499858,21899,"KEY FOB , GARAGE DESIGN",1,2010-03-02 17:04:00,1.66,,United Kingdom,UK
499858,21900,"KEY FOB , SHED",1,2010-03-02 17:04:00,1.66,,United Kingdom,UK
499858,21901,"KEY FOB , BACK DOOR",1,2010-03-02 17:04:00,1.66,,United Kingdom,UK
499858,21902,"KEY FOB , FRONT  DOOR",1,2010-03-02 17:04:00,1.66,,United Kingdom,UK
499858,21908,CHOCOLATE THIS WAY METAL SIGN,1,2010-03-02 17:04:00,4.21,,United Kingdom,UK
499858,21917,SET 12 KIDS  WHITE CHALK STICKS,1,2010-03-02 17:04:00,0.81,,United Kingdom,UK
499858,21918,SET 12 KIDS COLOUR  CHALK STICKS,6,2010-03-02 17:04:00,0.81,,United Kingdom,UK
499858,21931,JUMBO STORAGE BAG SUKI,4,2010-03-02 17:04:00,4.21,,United Kingdom,UK
499858,21934,SKULL SHOULDER BAG,1,2010-03-02 17:04:00,3.36,,United Kingdom,UK
499858,21935,SUKI  SHOULDER BAG,2,2010-03-02 17:04:00,3.36,,United Kingdom,UK
499858,21974,SET OF 36 PAISLEY FLOWER DOILIES,3,2010-03-02 17:04:00,2.98,,United Kingdom,UK
499858,21985,PACK OF 12 HEARTS DESIGN TISSUES,3,2010-03-02 17:04:00,0.81,,United Kingdom,UK
499858,22023,EMPIRE BIRTHDAY CARD,1,2010-03-02 17:04:00,0.85,,United Kingdom,UK
499858,22025,RING OF ROSES BIRTHDAY CARD,3,2010-03-02 17:04:00,0.85,,United Kingdom,UK
499858,22032,BOTANICAL LILY GREETING CARD,1,2010-03-02 17:04:00,0.85,,United Kingdom,UK
499858,22035,VINTAGE CARAVAN GREETING CARD,2,2010-03-02 17:04:00,0.85,,United Kingdom,UK
499858,22054,MINI CAKE STAND HANGING HEARTS,2,2010-03-02 17:04:00,3.36,,United Kingdom,UK
499858,22056,CERAMIC PLATE LOVE HEART DESIGN,2,2010-03-02 17:04:00,3.36,,United Kingdom,UK
499858,22062,CERAMIC BOWL WITH LOVE HEART DESIGN,2,2010-03-02 17:04:00,5.91,,United Kingdom,UK
499858,22064,PINK DOUGHNUT TRINKET POT,1,2010-03-02 17:04:00,3.36,,United Kingdom,UK
499858,22109,FULL ENGLISH BREAKFAST PLATE,1,2010-03-02 17:04:00,7.62,,United Kingdom,UK
499858,22114,HOT WATER BOTTLE TEA AND SYMPATHY,3,2010-03-02 17:04:00,8.47,,United Kingdom,UK
499858,22134,LADLE LOVE HEART RED,1,2010-03-02 17:04:00,0.85,,United Kingdom,UK
499858,22136,LOVE HEART SOCK HANGER,1,2010-03-02 17:04:00,3.36,,United Kingdom,UK
499858,22171,3 HOOK PHOTO SHELF ANTIQUE WHITE,1,2010-03-02 17:04:00,16.98,,United Kingdom,UK
499858,22177,5 HOOK BLACKBOARD ORGANISER,1,2010-03-02 17:04:00,21.23,,United Kingdom,UK
499858,22195,LARGE HEART MEASURING SPOONS,1,2010-03-02 17:04:00,3.36,,United Kingdom,UK
499858,22200,FRYING PAN PINK POLKADOT,1,2010-03-02 17:04:00,8.47,,United Kingdom,UK
499858,22202,MILK PAN PINK RETROSPOT,1,2010-03-02 17:04:00,7.62,,United Kingdom,UK
499858,22230,JIGSAW TREE WITH WATERING CAN,1,2010-03-02 17:04:00,1.66,,United Kingdom,UK
499858,22231,JIGSAW TREE WITH BIRDHOUSE,1,2010-03-02 17:04:00,3.36,,United Kingdom,UK
499858,22241,GARLAND WOODEN HAPPY EASTER,2,2010-03-02 17:04:00,2.51,,United Kingdom,UK
499858,22244,"HOOK, 3 HANGER ,MAGIC GARDEN",1,2010-03-02 17:04:00,4.21,,United Kingdom,UK
499858,22248,DECORATION  PINK CHICK MAGIC GARDEN,1,2010-03-02 17:04:00,1.66,,United Kingdom,UK
499858,22249,DECORATION WHITE CHICK MAGIC GARDEN,1,2010-03-02 17:04:00,1.66,,United Kingdom,UK
499858,22250,DECORATION  BUTTERFLY  MAGIC GARDEN,1,2010-03-02 17:04:00,1.66,,United Kingdom,UK
499858,22251,BIRDHOUSE DECORATION MAGIC GARDEN,1,2010-03-02 17:04:00,2.51,,United Kingdom,UK
499858,22265,EASTER DECORATION NATURAL CHICK,1,2010-03-02 17:04:00,1.28,,United Kingdom,UK
499858,22268,EASTER DECORATION SITTING BUNNY,2,2010-03-02 17:04:00,1.66,,United Kingdom,UK
499858,22281,EASTER TREE YELLOW BIRDS,2,2010-03-02 17:04:00,12.72,,United Kingdom,UK
499858,22285,"DECORATION HEN ON NEST, HANGING",1,2010-03-02 17:04:00,3.36,,United Kingdom,UK
499858,22286,"DECORATION , WOBBLY RABBIT , METAL",1,2010-03-02 17:04:00,3.36,,United Kingdom,UK
499858,22287,"DECORATION , WOBBLY CHICKEN, METAL",1,2010-03-02 17:04:00,3.36,,United Kingdom,UK
499858,22288,"DECORATION , HANGING METAL RABBIT",1,2010-03-02 17:04:00,2.51,,United Kingdom,UK
499858,22291,"SPRING DEC , HANGING CHICK CREAM",1,2010-03-02 17:04:00,2.98,,United Kingdom,UK
499858,22297,HEART IVORY TRELLIS SMALL,3,2010-03-02 17:04:00,2.51,,United Kingdom,UK
499858,22310,KNITTED MUG COSY IVORY COLOUR,1,2010-03-02 17:04:00,3.36,,United Kingdom,UK
499858,22318,FIVE HEART HANGING DECORATION,1,2010-03-02 17:04:00,5.91,,United Kingdom,UK
499858,22326,ROUND SNACK BOXES SET OF4 WOODLAND,1,2010-03-02 17:04:00,5.91,,United Kingdom,UK
499858,22327,ROUND SNACK BOXES SET OF 4 SKULLS,1,2010-03-02 17:04:00,5.91,,United Kingdom,UK
499858,22328,ROUND SNACK BOXES SET OF 4 FRUITS,1,2010-03-02 17:04:00,5.91,,United Kingdom,UK
499858,22331,WOODLAND PARTY BAG + STICKER SET,1,2010-03-02 17:04:00,3.36,,United Kingdom,UK
499858,22352,LUNCHBOX WITH CUTLERY RETROSPOT,1,2010-03-02 17:04:00,5.06,,United Kingdom,UK
499858,22353,LUNCHBOX WITH CUTLERY FAIRY CAKES,1,2010-03-02 17:04:00,5.06,,United Kingdom,UK
499858,22355,"CHARLOTTE BAG , SUKI DESIGN",1,2010-03-02 17:04:00,1.66,,United Kingdom,UK
499858,22379,RECYCLING BAG RETROSPOT,1,2010-03-02 17:04:00,4.21,,United Kingdom,UK
499858,22380,TOY TIDY SPACEBOY,1,2010-03-02 17:04:00,4.21,,United Kingdom,UK
499858,22383,LUNCH BAG SUKI  DESIGN,2,2010-03-02 17:04:00,4.21,,United Kingdom,UK
499858,22386,JUMBO BAG PINK WITH WHITE SPOTS,5,2010-03-02 17:04:00,4.21,,United Kingdom,UK
499858,22432,WATERING CAN PINK BUNNY,1,2010-03-02 17:04:00,4.21,,United Kingdom,UK
499858,22608,PENS ASSORTED FUNKY JEWELED,1,2010-03-02 17:04:00,1.66,,United Kingdom,UK
499858,22610,PENS ASSORTED FUNNY FACE,1,2010-03-02 17:04:00,1.66,,United Kingdom,UK
499858,35001G,HAND OPEN SHAPE GOLD,3,2010-03-02 17:04:00,4.21,,United Kingdom,UK
499858,35924,HANGING FAIRY CAKE DECORATION,1,2010-03-02 17:04:00,4.21,,United Kingdom,UK
499858,35971,ROSE FOLKART HEART DECORATIONS,3,2010-03-02 17:04:00,2.51,,United Kingdom,UK
499858,35972,DAISY FOLKART HEART DECORATION,3,2010-03-02 17:04:00,2.51,,United Kingdom,UK
499858,37482B,CUBIC MUG BLUE POLKA DOT,1,2010-03-02 17:04:00,16.98,,United Kingdom,UK
499858,44230,SQUARE MIRROR CURTAIN,1,2010-03-02 17:04:00,19.53,,United Kingdom,UK
499858,47566,PARTY BUNTING,1,2010-03-02 17:04:00,8.47,,United Kingdom,UK
499858,48197,DOOR MAT BIRD ON THE WIRE,1,2010-03-02 17:04:00,13.57,,United Kingdom,UK
499858,72760B,VINTAGE CREAM 3 BASKET CAKE STAND,1,2010-03-02 17:04:00,21.23,,United Kingdom,UK
499858,72807B,SET/3 OCEAN SCENT CANDLE JEWEL BOX,1,2010-03-02 17:04:00,8.47,,United Kingdom,UK
499858,75013B,"STRING OF 8 BUTTERFLIES,PINK",4,2010-03-02 17:04:00,3.36,,United Kingdom,UK
499858,79000,MOROCCAN TEA GLASS,2,2010-03-02 17:04:00,5.06,,United Kingdom,UK
499858,79323P,PINK CHERRY LIGHTS,1,2010-03-02 17:04:00,13.57,,United Kingdom,UK
499858,79342B,BROWN FLOWER LIGHTS,1,2010-03-02 17:04:00,13.57,,United Kingdom,UK
499858,82011B,BATHROOM SCALES RUBBER DUCKS,1,2010-03-02 17:04:00,7.62,,United Kingdom,UK
499858,82580,BATHROOM METAL SIGN,1,2010-03-02 17:04:00,1.28,,United Kingdom,UK
499858,82583,HOT BATHS METAL SIGN,1,2010-03-02 17:04:00,4.21,,United Kingdom,UK
499858,82597,BOMBS AWAY METAL SIGN,1,2010-03-02 17:04:00,4.21,,United Kingdom,UK
499858,82600,NO SINGING METAL SIGN,1,2010-03-02 17:04:00,4.21,,United Kingdom,UK
499858,82607A,GLASS BONBON JAR PARFUME AUX FLEURE,2,2010-03-02 17:04:00,2.51,,United Kingdom,UK
499858,82613A,"METAL SIGN,CUPCAKE SINGLE HOOK",1,2010-03-02 17:04:00,2.51,,United Kingdom,UK
499858,82613B,"METAL SIGN,CUPCAKE SINGLE HOOK",1,2010-03-02 17:04:00,2.51,,United Kingdom,UK
499858,82613C,"METAL SIGN,CUPCAKE SINGLE HOOK",1,2010-03-02 17:04:00,2.51,,United Kingdom,UK
499858,82613D,METAL SIGN CUPCAKE SINGLE HOOK,1,2010-03-02 17:04:00,2.51,,United Kingdom,UK
499858,84050,PINK HEART SHAPE EGG FRYING PAN,1,2010-03-02 17:04:00,4.21,,United Kingdom,UK
499858,84078A,SET/4 WHITE RETRO STORAGE CUBES,1,2010-03-02 17:04:00,76.55,,United Kingdom,UK
499858,84250M,"GREETING CARD, BLACKPOOL ROCK",1,2010-03-02 17:04:00,0.85,,United Kingdom,UK
499858,84378,SET OF 3 HEART COOKIE CUTTERS,1,2010-03-02 17:04:00,2.51,,United Kingdom,UK
499858,84380,SET OF 3 BUTTERFLY COOKIE CUTTERS,1,2010-03-02 17:04:00,2.51,,United Kingdom,UK
499858,84447,6 RABBIT CHAIN EASTER,1,2010-03-02 17:04:00,1.66,,United Kingdom,UK
499858,84450B,PINK/YELLOW RABBIT SAT EASTER,2,2010-03-02 17:04:00,0.81,,United Kingdom,UK
499858,84454,WOBBLING METAL CHICKEN EASTER,1,2010-03-02 17:04:00,1.66,,United Kingdom,UK
499858,84459A,PINK METAL CHICKEN HEART,1,2010-03-02 17:04:00,3.36,,United Kingdom,UK
499858,84459B,YELLOW METAL CHICKEN HEART,1,2010-03-02 17:04:00,3.36,,United Kingdom,UK
499858,84520B,PACK 20 ENGLISH ROSE PAPER NAPKINS,2,2010-03-02 17:04:00,1.66,,United Kingdom,UK
499858,84534B,FAIRY CAKE NOTEBOOK A5 SIZE,1,2010-03-02 17:04:00,1.66,,United Kingdom,UK
499858,84637,KITCHEN FLOWER POTS WALL PLAQUE,1,2010-03-02 17:04:00,12.72,,United Kingdom,UK
499858,84638,SMALL KITCHEN FLOWER POTS PLAQUE,1,2010-03-02 17:04:00,14.43,,United Kingdom,UK
499858,84688,BEACH HUT DESIGN BLACKBOARD,1,2010-03-02 17:04:00,8.47,,United Kingdom,UK
499858,84692,BOX OF 24 COCKTAIL PARASOLS,1,2010-03-02 17:04:00,0.81,,United Kingdom,UK
499858,84750A,PINK SMALL GLASS CAKE STAND,1,2010-03-02 17:04:00,4.21,,United Kingdom,UK
499858,84762C,GREEN PICNIC BARBECUE BUCKET,1,2010-03-02 17:04:00,8.47,,United Kingdom,UK
499858,84792,ENCHANTED BIRD COATHANGER 5 HOOK,1,2010-03-02 17:04:00,9.32,,United Kingdom,UK
499858,84846A,SCENTED CANDLE IN DIGITALIS TIN,2,2010-03-02 17:04:00,4.21,,United Kingdom,UK
499858,84849B,FAIRY SOAP SOAP HOLDER,1,2010-03-02 17:04:00,3.36,,United Kingdom,UK
499858,84937,KASHMIR FOLKART TUMBLERS,2,2010-03-02 17:04:00,11.02,,United Kingdom,UK
499858,84946,ANTIQUE SILVER TEA GLASS ETCHED,2,2010-03-02 17:04:00,2.51,,United Kingdom,UK
499858,84969,ASSORTED COLOUR SET 6 TEASPOONS,1,2010-03-02 17:04:00,8.47,,United Kingdom,UK
499858,84970L,SINGLE HEART ZINC T-LIGHT HOLDER,1,2010-03-02 17:04:00,2.13,,United Kingdom,UK
499858,84970S,HANGING HEART ZINC T-LIGHT HOLDER,1,2010-03-02 17:04:00,2.13,,United Kingdom,UK
499858,84991,60 TEATIME FAIRY CAKE CASES,1,2010-03-02 17:04:00,1.28,,United Kingdom,UK
499858,85014C,BLUE/BROWN DOTS RUFFLED UMBRELLA,1,2010-03-02 17:04:00,12.72,,United Kingdom,UK
499858,85015,SET OF 12  VINTAGE POSTCARD SET,1,2010-03-02 17:04:00,2.51,,United Kingdom,UK
499858,85016,SET OF 6 VINTAGE NOTELETS KIT,1,2010-03-02 17:04:00,2.51,,United Kingdom,UK
499858,85025C,PINK HEART SHAPE PHOTO FRAME,3,2010-03-02 17:04:00,3.36,,United Kingdom,UK
499858,85034A,3 GARDENIA MORRIS BOXED CANDLES,1,2010-03-02 17:04:00,8.47,,United Kingdom,UK
499858,85038,6 CHOCOLATE LOVE HEART T-LIGHTS,1,2010-03-02 17:04:00,4.21,,United Kingdom,UK
499858,85086A,CANDY SPOT HEART DECORATION,2,2010-03-02 17:04:00,1.66,,United Kingdom,UK
499858,85099B,JUMBO BAG RED WHITE SPOTTY,2,2010-03-02 17:04:00,4.21,,United Kingdom,UK
499858,85099F,JUMBO BAG STRAWBERRY,3,2010-03-02 17:04:00,4.21,,United Kingdom,UK
499858,85116,BLACK CANDELABRA T-LIGHT HOLDER,1,2010-03-02 17:04:00,1.66,,United Kingdom,UK
499858,85118,HEART T-LIGHT HOLDER,1,2010-03-02 17:04:00,2.51,,United Kingdom,UK
499858,85142,JARDIN ETCHED GLASS GINGER JAR,1,2010-03-02 17:04:00,16.13,,United Kingdom,UK
499858,85170C,SET/6 EAU DE NIL BIRD T-LIGHTS,1,2010-03-02 17:04:00,4.21,,United Kingdom,UK
499858,85194L,HANGING SPRING FLOWER EGG LARGE,1,2010-03-02 17:04:00,1.66,,United Kingdom,UK
499858,85198,ASSORTED FARMYARD ANIMALS IN BUCKET,4,2010-03-02 17:04:00,1.66,,United Kingdom,UK
499858,85199S,SMALL HANGING IVORY/RED WOOD BIRD,3,2010-03-02 17:04:00,0.81,,United Kingdom,UK
499858,85206B,PINK FELT EASTER EGG BASKET,1,2010-03-02 17:04:00,3.36,,United Kingdom,UK
499858,85212,MINI PAINTED GARDEN DECORATION,3,2010-03-02 17:04:00,1.66,,United Kingdom,UK
499858,85214,TUB 24 PINK FLOWER PEGS,1,2010-03-02 17:04:00,3.36,,United Kingdom,UK
499858,85217,ASSORTED ICE CREAM FRIDGE MAGNETS,1,2010-03-02 17:04:00,7.62,,United Kingdom,UK
499858,90013B,BLACK VINTAGE EARRINGS,1,2010-03-02 17:04:00,4.24,,United Kingdom,UK
499858,90120A,PINK MURANO TWIST BRACELET,1,2010-03-02 17:04:00,4.24,,United Kingdom,UK
499858,90168,2 DAISIES HAIR COMB,2,2010-03-02 17:04:00,2.96,,United Kingdom,UK
499858,90173,PAIR BUTTERFLY HAIR CLIPS,2,2010-03-02 17:04:00,3.81,,United Kingdom,UK
499858,90181C,BLACK GLASS/SHELL/PEARL NECKLACE,1,2010-03-02 17:04:00,9.34,,United Kingdom,UK
499858,90188,DROP EARRINGS W FLOWER & LEAF,1,2010-03-02 17:04:00,2.54,,United Kingdom,UK
499858,90195A,PURPLE GEMSTONE BRACELET,1,2010-03-02 17:04:00,9.34,,United Kingdom,UK
499858,90204,PAIR OF ENAMEL BUTTERFLY HAIRCLIP,1,2010-03-02 17:04:00,3.39,,United Kingdom,UK
499858,DOT,DOTCOM POSTAGE,1,2010-03-02 17:04:00,304.24,,United Kingdom,UK
499859,20615,BLUE SPOTTY PASSPORT COVER,1,2010-03-02 17:05:00,2.1,17961,United Kingdom,UK
499859,20616,CHERRY BLOSSOM PASSPORT COVER,1,2010-03-02 17:05:00,2.1,17961,United Kingdom,UK
499859,20665,RED SPOTTY PURSE,1,2010-03-02 17:05:00,2.95,17961,United Kingdom,UK
499864,22498,WOODEN REGATTA BUNTING,4,2010-03-02 17:10:00,5.95,13593,United Kingdom,UK
499866,21299,EDWARDIAN TOILET ROLL UNIT,6,2010-03-02 17:13:00,3.95,17576,United Kingdom,UK
499866,21407,BROWN CHECK CAT DOORSTOP,1,2010-03-02 17:13:00,4.25,17576,United Kingdom,UK
499866,21429,RED GINGHAM ROSE JEWELLERY BOX,8,2010-03-02 17:13:00,1.65,17576,United Kingdom,UK
499866,21441,BLUE BIRDHOUSE DECORATION,3,2010-03-02 17:13:00,0.85,17576,United Kingdom,UK
499866,21442,GREEN BIRDHOUSE DECORATION,3,2010-03-02 17:13:00,0.85,17576,United Kingdom,UK
499866,21454,PAINTED PINK RABBIT,6,2010-03-02 17:13:00,0.85,17576,United Kingdom,UK
499866,21777,RECIPE BOX WITH METAL HEART,1,2010-03-02 17:13:00,7.95,17576,United Kingdom,UK
499866,22228,BUNNY WOODEN PAINTED WITH BIRD,6,2010-03-02 17:13:00,0.85,17576,United Kingdom,UK
499866,22268,EASTER DECORATION SITTING BUNNY,6,2010-03-02 17:13:00,0.85,17576,United Kingdom,UK
499866,22269,EGG CUP NATURAL CHICKEN,6,2010-03-02 17:13:00,1.25,17576,United Kingdom,UK
499866,22283,6 EGG HOUSE PAINTED WOOD,1,2010-03-02 17:13:00,7.95,17576,United Kingdom,UK
499866,22284,HEN HOUSE DECORATION,6,2010-03-02 17:13:00,1.65,17576,United Kingdom,UK
499866,22494,EMERGENCY FIRST AID TIN,6,2010-03-02 17:13:00,1.25,17576,United Kingdom,UK
499866,35095A,BLUE VICTORIAN FABRIC OVAL BOX,1,2010-03-02 17:13:00,0.42,17576,United Kingdom,UK
499866,35095B,RED VICTORIAN FABRIC OVAL BOX,1,2010-03-02 17:13:00,0.42,17576,United Kingdom,UK
499866,82585,SWEET VALENCIA CANDLE+CUP,12,2010-03-02 17:13:00,1.25,17576,United